customer_id,first_name,last_name,phone,email,street,city,state,zip_code
1,Debra,Burks,NA,debra.burks@yahoo.com,9273 Thorne Ave.,Orchard Park,NY,14127
2,Kasha,Todd,NA,kasha.todd@yahoo.com,910 Vine Street,Campbell,CA,95008
3,Tameka,Fisher,NA,tameka.fisher@aol.com,769C Honey Creek St.,Redondo Beach,CA,90278
4,Daryl,Spence,NA,daryl.spence@aol.com,988 Pearl Lane,Uniondale,NY,11553
5,Charolette,Rice,(916) 381-6003,charolette.rice@msn.com,107 River Dr.,Sacramento,CA,95820
6,Lyndsey,Bean,NA,lyndsey.bean@hotmail.com,769 West Road,Fairport,NY,14450
7,Latasha,Hays,(716) 986-3359,latasha.hays@hotmail.com,7014 Manor Station Rd.,Buffalo,NY,14215
8,Jacquline,Duncan,NA,jacquline.duncan@yahoo.com,15 Brown St.,Jackson Heights,NY,11372
9,Genoveva,Baldwin,NA,genoveva.baldwin@msn.com,8550 Spruce Drive,Port Washington,NY,11050
10,Pamelia,Newman,NA,pamelia.newman@gmail.com,476 Chestnut Ave.,Monroe,NY,10950
11,Deshawn,Mendoza,NA,deshawn.mendoza@yahoo.com,8790 Cobblestone Street,Monsey,NY,10952
12,Robby,Sykes,(516) 583-7761,robby.sykes@hotmail.com,486 Rock Maple Street,Hempstead,NY,11550
13,Lashawn,Ortiz,NA,lashawn.ortiz@msn.com,27 Washington Rd.,Longview,TX,75604
14,Garry,Espinoza,NA,garry.espinoza@hotmail.com,7858 Rockaway Court,Forney,TX,75126
15,Linnie,Branch,NA,linnie.branch@gmail.com,314 South Columbia Ave.,Plattsburgh,NY,12901
16,Emmitt,Sanchez,(212) 945-8823,emmitt.sanchez@hotmail.com,461 Squaw Creek Road,New York,NY,10002
17,Caren,Stephens,NA,caren.stephens@msn.com,914 Brook St.,Scarsdale,NY,10583
18,Georgetta,Hardin,NA,georgetta.hardin@aol.com,474 Chapel Dr.,Canandaigua,NY,14424
19,Lizzette,Stein,NA,lizzette.stein@yahoo.com,19 Green Hill Lane,Orchard Park,NY,14127
20,Aleta,Shepard,NA,aleta.shepard@aol.com,684 Howard St.,Sugar Land,TX,77478
21,Tobie,Little,NA,tobie.little@gmail.com,10 Silver Spear Dr.,Victoria,TX,77904
22,Adelle,Larsen,NA,adelle.larsen@gmail.com,683 West Kirkland Dr.,East Northport,NY,11731
23,Kaylee,English,NA,kaylee.english@msn.com,8786 Fulton Rd.,Hollis,NY,11423
24,Corene,Wall,NA,corene.wall@msn.com,9601 Ocean Rd.,Atwater,CA,95301
25,Regenia,Vaughan,NA,regenia.vaughan@gmail.com,44 Stonybrook Street,Mahopac,NY,10541
26,Theo,Reese,(562) 215-2907,theo.reese@gmail.com,8755 W. Wild Horse St.,Long Beach,NY,11561
27,Santos,Valencia,NA,santos.valencia@yahoo.com,7479 Carpenter Street,Sunnyside,NY,11104
28,Jeanice,Frost,NA,jeanice.frost@hotmail.com,76 Devon Lane,Ossining,NY,10562
29,Syreeta,Hendricks,NA,syreeta.hendricks@msn.com,193 Spruce Road,Mahopac,NY,10541
30,Jamaal,Albert,NA,jamaal.albert@gmail.com,853 Stonybrook Street,Torrance,CA,90505
31,Williemae,Holloway,(510) 246-8375,williemae.holloway@msn.com,69 Cypress St.,Oakland,CA,94603
32,Araceli,Golden,NA,araceli.golden@msn.com,12 Ridgeview Ave.,Fullerton,CA,92831
33,Deloris,Burke,NA,deloris.burke@hotmail.com,895 Edgemont Drive,Palos Verdes Peninsula,CA,90274
34,Brittney,Woodward,NA,brittney.woodward@aol.com,960 River St.,East Northport,NY,11731
35,Guillermina,Noble,NA,guillermina.noble@msn.com,6 Del Monte Lane,Baldwinsville,NY,13027
36,Bernita,Mcdaniel,NA,bernita.mcdaniel@hotmail.com,2 Peg Shop Ave.,Liverpool,NY,13090
37,Melia,Brady,NA,melia.brady@gmail.com,907 Shirley Rd.,Maspeth,NY,11378
38,Zelma,Browning,NA,zelma.browning@aol.com,296 Second Street,Astoria,NY,11102
39,Janetta,Aguirre,(717) 670-2634,janetta.aguirre@aol.com,214 Second Court,Lancaster,NY,14086
40,Ronna,Butler,NA,ronna.butler@gmail.com,9438 Plymouth Court,Encino,CA,91316
41,Kathie,Freeman,NA,kathie.freeman@msn.com,667 Temple Dr.,Queensbury,NY,12804
42,Tangela,Quinn,NA,tangela.quinn@aol.com,4 S. Purple Finch Road,Richmond Hill,NY,11418
43,Mozelle,Carter,(281) 489-9656,mozelle.carter@aol.com,895 Chestnut Ave.,Houston,TX,77016
44,Onita,Johns,NA,onita.johns@msn.com,32 Glen Creek Lane,Elmont,NY,11003
45,Bennett,Armstrong,NA,bennett.armstrong@aol.com,688 Walnut Street,Bethpage,NY,11714
46,Monika,Berg,NA,monika.berg@gmail.com,369 Vernon Dr.,Encino,CA,91316
47,Bridgette,Guerra,NA,bridgette.guerra@hotmail.com,9982 Manor Drive,San Lorenzo,CA,94580
48,Cesar,Jackson,NA,cesar.jackson@gmail.com,8068 N. Griffin Ave.,Liverpool,NY,13090
49,Caroll,Hays,NA,caroll.hays@yahoo.com,9381 Wrangler St.,Fairport,NY,14450
50,Cleotilde,Booth,NA,cleotilde.booth@gmail.com,17 Corona St.,Sugar Land,TX,77478
51,Gertrud,Rhodes,NA,gertrud.rhodes@aol.com,9961 Meadowbrook Street,Merrick,NY,11566
52,Tu,Ramirez,NA,tu.ramirez@hotmail.com,24 W. Courtland Street,East Elmhurst,NY,11369
53,Saturnina,Garner,NA,saturnina.garner@gmail.com,8538 Fairground St.,Glendora,CA,91740
54,Fran,Yang,NA,fran.yang@hotmail.com,440 Pearl St.,Utica,NY,13501
55,Diana,Guerra,NA,diana.guerra@hotmail.com,45 Chapel Ave.,Merrick,NY,11566
56,Lolita,Mosley,(281) 363-3309,lolita.mosley@hotmail.com,376 S. High Ridge St.,Houston,TX,77016
57,Pamala,Henry,NA,pamala.henry@aol.com,197 Bridgeton Ave.,Bronx,NY,10451
58,Damien,Dorsey,NA,damien.dorsey@yahoo.com,161 Old York Street,Central Islip,NY,11722
59,Latasha,Stanley,NA,latasha.stanley@gmail.com,8068 Fordham Drive,Rockville Centre,NY,11570
60,Neil,Mccall,NA,neil.mccall@gmail.com,7476 Oakland Dr.,San Carlos,CA,94070
61,Elinore,Aguilar,NA,elinore.aguilar@msn.com,9766 Rockcrest Ave.,San Angelo,TX,76901
62,Alica,Hunter,NA,alica.hunter@hotmail.com,8 San Juan Drive,East Elmhurst,NY,11369
63,Tenisha,Lyons,NA,tenisha.lyons@aol.com,78 E. Rock Creek Street,Amityville,NY,11701
64,Bobbie,Foster,NA,bobbie.foster@yahoo.com,988 Pineknoll Ave.,Desoto,TX,75115
65,Kanesha,Vega,NA,kanesha.vega@gmail.com,771 E. Oxford Drive,Rome,NY,13440
66,Lorrie,Becker,NA,lorrie.becker@yahoo.com,19 North Court,Garland,TX,75043
67,Tommie,Melton,(916) 802-2952,tommie.melton@gmail.com,8 West Old York St.,Sacramento,CA,95820
68,Jayne,Kirkland,NA,jayne.kirkland@hotmail.com,7800 Second Lane,Rowlett,TX,75088
69,Katelin,Kennedy,NA,katelin.kennedy@gmail.com,286 Myrtle Lane,Rocklin,CA,95677
70,Tomasa,Carson,NA,tomasa.carson@aol.com,10 Clark Avenue,East Elmhurst,NY,11369
71,Takako,Casey,NA,takako.casey@aol.com,7548 Court Lane,Bronx,NY,10451
72,Petronila,Norris,NA,petronila.norris@aol.com,72 South Marshall Lane,South El Monte,CA,91733
73,Melanie,Hayes,NA,melanie.hayes@msn.com,5 N. Hall Dr.,Liverpool,NY,13090
74,Georgeann,Waller,NA,georgeann.waller@yahoo.com,9797 Bald Hill Ave.,North Tonawanda,NY,14120
75,Abby,Gamble,NA,abby.gamble@aol.com,60 Myers Dr.,Amityville,NY,11701
76,Parker,Prince,NA,parker.prince@hotmail.com,21 Sulphur Springs Drive,Port Jefferson Station,NY,11776
77,Keri,Bridges,NA,keri.bridges@gmail.com,8504 Brickell Ave.,Richardson,TX,75080
78,Chi,Goff,NA,chi.goff@aol.com,3 W. Glen Ridge Avenue,Palos Verdes Peninsula,CA,90274
79,Ashanti,Parks,NA,ashanti.parks@hotmail.com,846 N. Helen St.,Baldwin,NY,11510
80,Sarai,Mckee,(716) 912-8110,sarai.mckee@msn.com,641 Glenwood Avenue,Buffalo,NY,14215
81,Zina,Bonner,NA,zina.bonner@hotmail.com,9312 8th Street,San Lorenzo,CA,94580
82,Lizzie,Joyner,NA,lizzie.joyner@msn.com,8541 Roberts St.,Coachella,CA,92236
83,Tiesha,Daniel,NA,tiesha.daniel@yahoo.com,6 West Bohemia Lane,Scarsdale,NY,10583
84,Armand,Whitehead,NA,armand.whitehead@hotmail.com,639 Harvey St.,Lindenhurst,NY,11757
85,Teofila,Fischer,NA,teofila.fischer@aol.com,1 West Brickyard St.,Huntington Station,NY,11746
86,Lissa,Vargas,NA,lissa.vargas@yahoo.com,517 Victoria Ave.,Oswego,NY,13126
87,Yan,Mcgowan,NA,yan.mcgowan@msn.com,8960 Newport Ave.,Duarte,CA,91010
88,Titus,Bullock,NA,titus.bullock@gmail.com,29 Oxford Avenue,Hollis,NY,11423
89,Arvilla,Osborn,NA,arvilla.osborn@gmail.com,60 Acacia Lane,Upland,CA,91784
90,Marjorie,Logan,NA,marjorie.logan@msn.com,95 Grandrose St.,Franklin Square,NY,11010
91,Marvin,Mullins,(619) 635-2027,marvin.mullins@aol.com,7489 Redwood Drive,San Diego,CA,92111
92,Tena,Cruz,NA,tena.cruz@yahoo.com,1 South St.,Farmingdale,NY,11735
93,Corrina,Sawyer,(248) 370-1364,corrina.sawyer@yahoo.com,95 Briarwood Lane,Troy,NY,12180
94,Sharyn,Hopkins,NA,sharyn.hopkins@hotmail.com,4 South Temple Ave.,Baldwinsville,NY,13027
95,Letitia,Franco,NA,letitia.franco@aol.com,607 Lakeview Drive,Saratoga Springs,NY,12866
96,Floretta,Higgins,NA,floretta.higgins@hotmail.com,870 Lilac Dr.,Bayside,NY,11361
97,Louanne,Martin,NA,louanne.martin@hotmail.com,1 Campfire Ave.,Yuba City,CA,95993
98,Violet,Valenzuela,NA,violet.valenzuela@msn.com,8668 Piper Street,Plattsburgh,NY,12901
99,Carie,Kidd,NA,carie.kidd@yahoo.com,6 East Clinton Street,Monroe,NY,10950
100,Kellie,Franco,NA,kellie.franco@yahoo.com,444 South Walnut Rd.,Commack,NY,11725
101,Nichelle,Howell,NA,nichelle.howell@aol.com,7670 Forest St.,Scarsdale,NY,10583
102,Marisol,Goodman,NA,marisol.goodman@gmail.com,864 East Cherry St.,Canandaigua,NY,14424
103,Sylvie,Wilkerson,NA,sylvie.wilkerson@yahoo.com,750 Central Ave.,Syosset,NY,11791
104,Katharina,Bates,NA,katharina.bates@gmail.com,54 South Greenview Drive,Campbell,CA,95008
105,Marget,Hodge,NA,marget.hodge@msn.com,7199 Selby Lane,Woodhaven,NY,11421
106,Raul,Melendez,NA,raul.melendez@hotmail.com,9772 Manhattan St.,Elmhurst,NY,11373
107,Cecil,Hopper,NA,cecil.hopper@yahoo.com,471 Glenlake Ave.,Central Islip,NY,11722
108,Shae,Hickman,NA,shae.hickman@hotmail.com,740 Pin Oak Street,Floral Park,NY,11001
109,Monica,Sears,(408) 704-8863,monica.sears@aol.com,57 Glenholme St.,San Jose,CA,95127
110,Ollie,Zimmerman,(657) 648-2863,ollie.zimmerman@yahoo.com,69 Wood Rd.,Anaheim,CA,92806
111,Shila,White,NA,shila.white@msn.com,94 Lakeshore Street,Orchard Park,NY,14127
112,Yuk,Vega,NA,yuk.vega@yahoo.com,413 Wood St.,West Hempstead,NY,11552
113,Eliana,Silva,NA,eliana.silva@gmail.com,7119 Summer Rd.,Farmingdale,NY,11735
114,Thalia,Horne,NA,thalia.horne@yahoo.com,9312 Harvard Street,Amityville,NY,11701
115,Rey,Lindsay,NA,rey.lindsay@gmail.com,16 Philmont St.,Monroe,NY,10950
116,Merlene,Vinson,NA,merlene.vinson@gmail.com,431 Vine Dr.,Euless,TX,76039
117,Dacia,William,NA,dacia.william@msn.com,62 Cypress Drive,Sugar Land,TX,77478
118,Le,Wood,NA,le.wood@yahoo.com,90 Primrose Dr.,Pittsford,NY,14534
119,Thalia,Dillard,NA,thalia.dillard@yahoo.com,987 NE. Gates Street,San Angelo,TX,76901
120,Luz,House,(559) 114-2580,luz.house@gmail.com,491 Railroad Street,Fresno,CA,93706
121,Lucy,Woods,NA,lucy.woods@gmail.com,8437 West Rockaway St.,Palos Verdes Peninsula,CA,90274
122,Shena,Carter,NA,shena.carter@yahoo.com,72 University Road,Howard Beach,NY,11414
123,Robena,Hill,(361) 598-4414,robena.hill@hotmail.com,263 Cross St.,Corpus Christi,TX,78418
124,Jeni,Booker,NA,jeni.booker@gmail.com,546 Railroad Dr.,South El Monte,CA,91733
125,Herlinda,Stone,NA,herlinda.stone@msn.com,725 Gulf St.,Canandaigua,NY,14424
126,Lavina,Dejesus,NA,lavina.dejesus@msn.com,59 E. Valley Avenue,Newburgh,NY,12550
127,Erlinda,Nielsen,NA,erlinda.nielsen@aol.com,728 Oxford Lane,Maspeth,NY,11378
128,Terrance,Lynn,NA,terrance.lynn@yahoo.com,91 East Buckingham Drive,Plattsburgh,NY,12901
129,Walton,Dejesus,NA,walton.dejesus@yahoo.com,15 Washington Rd.,Lockport,NY,14094
130,Wes,Stanton,(248) 247-5074,wes.stanton@msn.com,8662 Tunnel Street,Troy,NY,12180
131,Tanesha,Hampton,NA,tanesha.hampton@hotmail.com,19 Belmont Ave.,Syosset,NY,11791
132,Boyd,Irwin,NA,boyd.irwin@hotmail.com,221 Whitemarsh St.,Hamburg,NY,14075
133,Delbert,Wilkins,NA,delbert.wilkins@aol.com,420 Greenview St.,Coram,NY,11727
134,Brianna,Moss,(516) 156-8031,brianna.moss@msn.com,4 Longfellow St.,Hempstead,NY,11550
135,Dorthey,Jackson,(281) 926-8010,dorthey.jackson@msn.com,9768 Brookside St.,Houston,TX,77016
136,Sarita,Parks,NA,sarita.parks@msn.com,7809 Second Lane,Forney,TX,75126
137,Shonta,Mercer,NA,shonta.mercer@aol.com,319 NE. La Sierra Avenue,Massapequa,NY,11758
138,Jone,Bernard,(657) 536-5165,jone.bernard@hotmail.com,99 Longbranch Court,Anaheim,CA,92806
139,Wanita,Davenport,NA,wanita.davenport@aol.com,525 Dogwood Ave.,Spring Valley,NY,10977
140,Cleopatra,Tate,NA,cleopatra.tate@aol.com,97 N. Glenwood St.,East Elmhurst,NY,11369
141,Ramiro,Byers,NA,ramiro.byers@gmail.com,16 Pleasant St.,Saint Albans,NY,11412
142,Nicholas,Vazquez,NA,nicholas.vazquez@hotmail.com,9 Roosevelt Street,West Hempstead,NY,11552
143,Janae,Doyle,NA,janae.doyle@gmail.com,760 Rose Ave.,Jackson Heights,NY,11372
144,Hans,Price,NA,hans.price@hotmail.com,51 Glendale Road,Port Chester,NY,10573
145,Miquel,Neal,NA,miquel.neal@hotmail.com,9564 Deerfield Lane,Staten Island,NY,10301
146,Stefany,Potter,NA,stefany.potter@gmail.com,256 South Academy St.,Saratoga Springs,NY,12866
147,Bernetta,Marquez,NA,bernetta.marquez@hotmail.com,626 E. Dunbar Street,Smithtown,NY,11787
148,Julee,Woodard,NA,julee.woodard@yahoo.com,869 Summerhouse Dr.,Richmond Hill,NY,11418
149,Meredith,Bryan,NA,meredith.bryan@hotmail.com,8935 E. Oxford St.,Spring Valley,NY,10977
150,Weldon,Michael,NA,weldon.michael@hotmail.com,9952 Nut Swamp St.,Huntington,NY,11743
151,Joesph,Delacruz,NA,joesph.delacruz@aol.com,184 Cypress Street,Atwater,CA,95301
152,Katherina,Odom,NA,katherina.odom@yahoo.com,897 N. Oak Drive,Plainview,NY,11803
153,Laraine,Robbins,NA,laraine.robbins@yahoo.com,8214 E. Pin Oak Lane,San Angelo,TX,76901
154,Jenise,Preston,NA,jenise.preston@yahoo.com,9 Littleton Drive,Helotes,TX,78023
155,Lory,Page,NA,lory.page@hotmail.com,58 Summerhouse Street,Bay Shore,NY,11706
156,Charlyn,Cantrell,NA,charlyn.cantrell@yahoo.com,8756 Euclid St.,West Islip,NY,11795
157,Carola,Rodriquez,NA,carola.rodriquez@hotmail.com,9433 Heritage Lane,Banning,CA,92220
158,Alane,Kennedy,NA,alane.kennedy@yahoo.com,34 Green Lake Street,Spring Valley,NY,10977
159,Regina,Burns,NA,regina.burns@aol.com,713 Buckingham St.,Garland,TX,75043
160,Omer,Estrada,NA,omer.estrada@gmail.com,9 Honey Creek Street,Rowlett,TX,75088
161,Crystle,Gilliam,NA,crystle.gilliam@yahoo.com,86 Edgewater Road,Smithtown,NY,11787
162,Kam,Wilder,NA,kam.wilder@hotmail.com,500 West Clay Ave.,Newburgh,NY,12550
163,Margert,Stevens,NA,margert.stevens@aol.com,502 North Poplar St.,Rome,NY,13440
164,Tomika,Larson,NA,tomika.larson@yahoo.com,254 Canal St.,Woodside,NY,11377
165,Jeromy,Burch,(408) 955-8238,jeromy.burch@msn.com,889 Mulberry Street,San Jose,CA,95127
166,Lena,Mills,NA,lena.mills@yahoo.com,42 Homestead St.,Woodhaven,NY,11421
167,Loreta,Johnston,NA,loreta.johnston@yahoo.com,39 Lafayette Dr.,Spring Valley,NY,10977
168,Nettie,Mcdaniel,NA,nettie.mcdaniel@hotmail.com,7004 E. Wakehurst St.,South Ozone Park,NY,11420
169,Karla,Kirk,NA,karla.kirk@yahoo.com,9718 Harvard Rd.,Palos Verdes Peninsula,CA,90274
170,Regine,Gonzales,(805) 763-4045,regine.gonzales@gmail.com,798 Court Drive,Oxnard,CA,93035
171,Miriam,Baker,NA,miriam.baker@hotmail.com,90 Studebaker St.,Uniondale,NY,11553
172,Jeanie,Kirkland,NA,jeanie.kirkland@aol.com,7643 Old Theatre St.,Santa Clara,CA,95050
173,Marquerite,Dawson,NA,marquerite.dawson@gmail.com,37 Hamilton Court,Garland,TX,75043
174,Babara,Ochoa,NA,babara.ochoa@aol.com,872 Smith Store St.,Scarsdale,NY,10583
175,Nova,Hess,NA,nova.hess@msn.com,773 South Lafayette St.,Duarte,CA,91010
176,Carley,Reynolds,NA,carley.reynolds@gmail.com,2 Snake Hill Drive,South El Monte,CA,91733
177,Carissa,Foreman,NA,carissa.foreman@msn.com,69C N. Ridge Rd.,Maspeth,NY,11378
178,Genoveva,Tyler,(212) 152-6381,genoveva.tyler@gmail.com,8121 Windfall Ave.,New York,NY,10002
179,Deane,Sears,NA,deane.sears@hotmail.com,3 Bradford Court,Pittsford,NY,14534
180,Karey,Steele,NA,karey.steele@gmail.com,8879 Kent Lane,Farmingdale,NY,11735
181,Olevia,Pitts,NA,olevia.pitts@gmail.com,39 Fieldstone Drive,Redondo Beach,CA,90278
182,Jenniffer,Bullock,NA,jenniffer.bullock@msn.com,38 Oxford Avenue,Bay Shore,NY,11706
183,Jeniffer,Ratliff,NA,jeniffer.ratliff@gmail.com,510 Rocky River Court,Floral Park,NY,11001
184,Klara,Stanley,NA,klara.stanley@aol.com,603 Mechanic St.,Webster,NY,14580
185,Morton,Lee,NA,morton.lee@yahoo.com,313 Ridge St.,San Angelo,TX,76901
186,Ken,Charles,NA,ken.charles@msn.com,9124 W. Piper Lane,Monsey,NY,10952
187,Hedwig,Paul,NA,hedwig.paul@msn.com,422 Manor Ave.,Apple Valley,CA,92307
188,Sharla,Flynn,(805) 478-7724,sharla.flynn@hotmail.com,7 Brown Drive,Oxnard,CA,93035
189,Damian,Dawson,NA,damian.dawson@hotmail.com,528 St Margarets Street,Liverpool,NY,13090
190,Toya,Pratt,(562) 218-6405,toya.pratt@yahoo.com,485 San Pablo Drive,Long Beach,NY,11561
191,Graciela,Barber,(805) 656-6987,graciela.barber@hotmail.com,1 E. Young St.,Oxnard,CA,93035
192,Bong,Hebert,NA,bong.hebert@gmail.com,545 Brook St.,Torrance,CA,90505
193,Ayanna,Rhodes,NA,ayanna.rhodes@msn.com,7425 Pheasant St.,Hicksville,NY,11801
194,Dorine,Roberson,NA,dorine.roberson@msn.com,396 Meadowbrook Lane,Santa Cruz,CA,95060
195,Addie,Hahn,NA,addie.hahn@hotmail.com,8165 Baker Ave.,Franklin Square,NY,11010
196,Edythe,Valencia,NA,edythe.valencia@yahoo.com,9346 Wall St.,North Tonawanda,NY,14120
197,Andy,O'neill,NA,andy.o'neill@msn.com,9544 Mulberry Drive,Rego Park,NY,11374
198,Luis,Tyler,NA,luis.tyler@gmail.com,9568 Campfire Circle,Amarillo,TX,79106
199,Clelia,Workman,NA,clelia.workman@yahoo.com,620 North Somerset St.,New Windsor,NY,12553
200,Ashely,Holmes,NA,ashely.holmes@aol.com,45 High Ridge Ave.,Farmingdale,NY,11735
201,Candis,Harding,NA,candis.harding@gmail.com,33 NW. Cambridge Ave.,Ballston Spa,NY,12020
202,Marni,Bolton,(717) 670-6268,marni.bolton@msn.com,7469 Plymouth Ave.,Lancaster,NY,14086
203,Minerva,Decker,(281) 271-6390,minerva.decker@yahoo.com,794 Greenrose Street,Houston,TX,77016
204,Alpha,King,NA,alpha.king@hotmail.com,14 Henry Smith St.,Rockville Centre,NY,11570
205,Harris,Pittman,NA,harris.pittman@yahoo.com,404 Cherry Hill Road,Jamaica,NY,11432
206,Stephaine,Riddle,NA,stephaine.riddle@hotmail.com,199 Vermont Court,Brooklyn,NY,11201
207,Michel,Blankenship,NA,michel.blankenship@msn.com,382 West Hill Dr.,Forney,TX,75126
208,Denis,Logan,NA,denis.logan@msn.com,121 Rockcrest Street,Ridgecrest,CA,93555
209,Jutta,Everett,NA,jutta.everett@gmail.com,27 Taylor Ave.,Selden,NY,11784
210,Priscilla,Wilkins,(229) 322-2269,priscilla.wilkins@aol.com,653 Pawnee Rd.,Albany,NY,12203
211,Gilma,Dejesus,NA,gilma.dejesus@yahoo.com,777 Thompson Ave.,Scarsdale,NY,10583
212,Buford,Bridges,(248) 604-7346,buford.bridges@msn.com,239 Oak Valley Court,Troy,NY,12180
213,Elenore,Hensley,NA,elenore.hensley@hotmail.com,7037 Aspen St.,Hamburg,NY,14075
214,Ross,Pugh,NA,ross.pugh@msn.com,8598 Saxon St.,North Tonawanda,NY,14120
215,Judith,Finley,NA,judith.finley@hotmail.com,474 West Bank Road,Whitestone,NY,11357
216,Wai,Soto,NA,wai.soto@msn.com,30 Arch Drive,Bethpage,NY,11714
217,Carline,Collier,(559) 810-6070,carline.collier@msn.com,28 Trenton Lane,Fresno,CA,93706
218,Casey,Gill,NA,casey.gill@gmail.com,636 Prospect Avenue,Port Washington,NY,11050
219,Darcie,Morgan,(442) 618-7068,darcie.morgan@aol.com,476 East Adams Ave.,Oceanside,NY,11572
220,Lucio,Sherman,NA,lucio.sherman@gmail.com,842 Corona Ave.,Smithtown,NY,11787
221,Clementine,Mooney,NA,clementine.mooney@yahoo.com,678 Charles Court,Mcallen,TX,78501
222,Anya,Contreras,NA,anya.contreras@msn.com,38 Old Fairground St.,East Northport,NY,11731
223,Scarlet,Yates,NA,scarlet.yates@hotmail.com,687 Shirley St.,Patchogue,NY,11772
224,Moses,Pope,NA,moses.pope@yahoo.com,654 Theatre Street,Lawndale,CA,90260
225,Barbera,Riggs,NA,barbera.riggs@aol.com,12 Gartner Drive,Plainview,NY,11803
226,Kiana,Rivera,NA,kiana.rivera@gmail.com,9 Sheffield Dr.,Richmond Hill,NY,11418
227,Danielle,Bond,NA,danielle.bond@msn.com,8589 Shub Farm Street,Patchogue,NY,11772
228,Whitney,Estes,(631) 315-4020,whitney.estes@gmail.com,454 Bear Hill Street,Brentwood,NY,11717
229,Molly,Langley,NA,molly.langley@aol.com,63 Bridgeton Street,Holbrook,NY,11741
230,Chelsey,Hardin,NA,chelsey.hardin@hotmail.com,13 Brickyard Street,Deer Park,NY,11729
231,Jenee,Rasmussen,(916) 219-1774,jenee.rasmussen@hotmail.com,19 George Lane,Sacramento,CA,95820
232,Freddie,Mathis,NA,freddie.mathis@hotmail.com,31 Shady St.,Euless,TX,76039
233,Mariana,Strong,NA,mariana.strong@msn.com,972 Dunbar Dr.,Santa Clara,CA,95050
234,Winfred,Harris,NA,winfred.harris@msn.com,734 Glen Eagles St.,East Meadow,NY,11554
235,Jeromy,Elliott,NA,jeromy.elliott@gmail.com,7112 Laurel Street,Bay Shore,NY,11706
236,Verona,O'neill,NA,verona.o'neill@hotmail.com,8279 W. Sussex St.,Selden,NY,11784
237,Elvera,Peck,NA,elvera.peck@yahoo.com,759 Lakewood Street,Banning,CA,92220
238,Cindi,Larson,NA,cindi.larson@msn.com,896 Golden Star Rd.,Howard Beach,NY,11414
239,Felice,Guzman,NA,felice.guzman@hotmail.com,7 Creekside Lane,Canyon Country,CA,91387
240,Le,Deleon,NA,le.deleon@msn.com,58 Clark Court,Banning,CA,92220
241,Manie,Sanchez,NA,manie.sanchez@hotmail.com,471 Illinois Ave.,Queensbury,NY,12804
242,Rutha,Howell,NA,rutha.howell@gmail.com,9247 Jones Street,Canyon Country,CA,91387
243,Natosha,Rowland,NA,natosha.rowland@aol.com,51 Elmwood St.,Ballston Spa,NY,12020
244,Jessika,Bray,NA,jessika.bray@yahoo.com,37 East Greystone St.,San Pablo,CA,94806
245,Delila,Hamilton,NA,delila.hamilton@yahoo.com,7451 East James Ave.,Palos Verdes Peninsula,CA,90274
246,Dionne,Norris,NA,dionne.norris@yahoo.com,9993 Greenview Circle,Niagara Falls,NY,14304
247,Muriel,Juarez,NA,muriel.juarez@gmail.com,8073 Cemetery Drive,Palos Verdes Peninsula,CA,90274
248,Cecelia,Gill,NA,cecelia.gill@aol.com,372 Silver Spear Dr.,Mcallen,TX,78501
249,Magda,Eaton,NA,magda.eaton@aol.com,860 Middle River Street,Ossining,NY,10562
250,Ivonne,Yang,(915) 181-1950,ivonne.yang@gmail.com,7359 North Lake View St.,El Paso,TX,79930
251,Kasie,Rodriquez,NA,kasie.rodriquez@aol.com,7 North Beech St.,Ballston Spa,NY,12020
252,Eleni,Gordon,NA,eleni.gordon@hotmail.com,583 W. San Carlos Street,Richmond Hill,NY,11418
253,Maurice,Norton,NA,maurice.norton@hotmail.com,32 Mayflower Dr.,Atwater,CA,95301
254,Cristobal,Hutchinson,NA,cristobal.hutchinson@gmail.com,58 Washington Avenue,Lawndale,CA,90260
255,Flossie,Holder,NA,flossie.holder@msn.com,8459 W. Newport Court,Massapequa Park,NY,11762
256,Erma,Salinas,NA,erma.salinas@gmail.com,347 Sheffield St.,Merrick,NY,11566
257,Earl,Stanley,NA,earl.stanley@gmail.com,569 Lake Lane,Elmhurst,NY,11373
258,Maribel,William,NA,maribel.william@aol.com,65 Magnolia Ave.,Torrance,CA,90505
259,Johnathan,Velazquez,NA,johnathan.velazquez@hotmail.com,9680 E. Somerset Street,Pleasanton,CA,94566
260,Rodrick,Shelton,NA,rodrick.shelton@hotmail.com,7157 Addison Street,Canyon Country,CA,91387
261,Ferne,Kline,NA,ferne.kline@hotmail.com,303 Shady St.,Fullerton,CA,92831
262,Rubin,Decker,(716) 950-9835,rubin.decker@gmail.com,9875 Shady Ave.,Buffalo,NY,14215
263,Dortha,Jarvis,(442) 919-8256,dortha.jarvis@yahoo.com,76 Prince Drive,Oceanside,NY,11572
264,Mariela,Huffman,NA,mariela.huffman@gmail.com,531 Fieldstone Road,Garden City,NY,11530
265,Mellisa,Farley,NA,mellisa.farley@yahoo.com,21 West Princess St.,Central Islip,NY,11722
266,Myung,Hooper,NA,myung.hooper@gmail.com,951 Mill Road,Elmont,NY,11003
267,Angelina,Lloyd,NA,angelina.lloyd@yahoo.com,9593 North Sherman Dr.,Apple Valley,CA,92307
268,Trinity,Riddle,NA,trinity.riddle@aol.com,23 Oakland Lane,Ballston Spa,NY,12020
269,Barton,Crosby,NA,barton.crosby@msn.com,896 Edgewater St.,Bellmore,NY,11710
270,Claudio,Wise,NA,claudio.wise@hotmail.com,810 Oxford Ave.,Kingston,NY,12401
271,Katheleen,Marks,NA,katheleen.marks@yahoo.com,69 North Tower St.,Longview,TX,75604
272,Deja,Chaney,NA,deja.chaney@hotmail.com,52 Woodside Ave.,Jamaica,NY,11432
273,Queenie,Vance,NA,queenie.vance@gmail.com,172 Arcadia Ave.,Ozone Park,NY,11417
274,Josh,Shaw,NA,josh.shaw@gmail.com,212 North Leeton Ridge Street,Hopewell Junction,NY,12533
275,Pinkie,Kirkland,NA,pinkie.kirkland@yahoo.com,18 Myers St.,San Angelo,TX,76901
276,Lavette,Wright,NA,lavette.wright@msn.com,6 Windsor Street,Ronkonkoma,NY,11779
277,Mark,Garrett,NA,mark.garrett@msn.com,285 Rosewood Dr.,Monroe,NY,10950
278,Myesha,Burgess,NA,myesha.burgess@gmail.com,306 Trenton Rd.,Campbell,CA,95008
279,Justina,Long,NA,justina.long@aol.com,39 Littleton Ave.,South El Monte,CA,91733
280,Brenda,Tate,NA,brenda.tate@msn.com,36 Hilltop Street,San Angelo,TX,76901
281,Rayna,Perry,NA,rayna.perry@hotmail.com,7238 Oakland St.,Ozone Park,NY,11417
282,Randolph,Chase,NA,randolph.chase@yahoo.com,828 Bridle Ave.,San Lorenzo,CA,94580
283,Jaimee,Day,NA,jaimee.day@aol.com,7534 Whitemarsh Ave.,Poughkeepsie,NY,12601
284,Susann,Bass,NA,susann.bass@msn.com,21 Old Rock Maple Ave.,Commack,NY,11725
285,Leola,Gould,NA,leola.gould@gmail.com,8 Kirkland St.,Astoria,NY,11102
286,Virgil,Frost,NA,virgil.frost@gmail.com,9798 Beacon St.,Levittown,NY,11756
287,Mireille,Puckett,(805) 961-9909,mireille.puckett@hotmail.com,378 Purple Finch Drive,Oxnard,CA,93035
288,Keturah,Massey,NA,keturah.massey@msn.com,189 Arnold Drive,Banning,CA,92220
289,Charmain,Webster,NA,charmain.webster@hotmail.com,36 East Stonybrook Rd.,Richardson,TX,75080
290,Barry,Buckner,NA,barry.buckner@gmail.com,8779 High Noon Rd.,Centereach,NY,11720
291,Boyce,Burks,NA,boyce.burks@gmail.com,879 Harvey Dr.,Sunnyside,NY,11104
292,Monty,Frost,(516) 460-5396,monty.frost@aol.com,76 Foxrun Dr.,Hempstead,NY,11550
293,Tiny,French,NA,tiny.french@hotmail.com,7163 Hall St.,Plainview,NY,11803
294,Clementina,Sargent,NA,clementina.sargent@hotmail.com,9853 Catherine Road,Rome,NY,13440
295,Danny,Kim,NA,danny.kim@msn.com,74 Essex Drive,South Ozone Park,NY,11420
296,Sophia,Mcmillan,NA,sophia.mcmillan@msn.com,8541 S. Pleasant Street,Uniondale,NY,11553
297,Christia,Carson,NA,christia.carson@gmail.com,220 Orchard Street,Helotes,TX,78023
298,Jennie,Middleton,NA,jennie.middleton@gmail.com,95 High Noon Dr.,Upland,CA,91784
299,Jame,Riggs,NA,jame.riggs@hotmail.com,9237 Hudson Drive,Bay Shore,NY,11706
300,Rayford,Simon,NA,rayford.simon@msn.com,998 Whitemarsh Road,Mountain View,CA,94043
301,Annett,Garrett,NA,annett.garrett@yahoo.com,19 Euclid Lane,Scarsdale,NY,10583
302,Hayden,Cross,NA,hayden.cross@gmail.com,90 Pumpkin Hill St.,Apple Valley,CA,92307
303,Rolanda,Larsen,NA,rolanda.larsen@yahoo.com,5 West University Court,Woodhaven,NY,11421
304,Jayme,Zamora,NA,jayme.zamora@gmail.com,2 Ridge Lane,Springfield Gardens,NY,11413
305,Hope,Cotton,NA,hope.cotton@aol.com,9092 Blue Spring Dr.,Redondo Beach,CA,90278
306,Vikki,Erickson,NA,vikki.erickson@yahoo.com,24 Jones Street,Kingston,NY,12401
307,Fransisca,Nicholson,NA,fransisca.nicholson@aol.com,945 Schoolhouse Street,Glendora,CA,91740
308,Mazie,Fernandez,NA,mazie.fernandez@hotmail.com,583 Harvard Ave.,Webster,NY,14580
309,Anderson,Martin,NA,anderson.martin@hotmail.com,9051 Hillside Dr.,Canandaigua,NY,14424
310,Gilberto,Parsons,NA,gilberto.parsons@gmail.com,8115 North Edgewater Drive,Middle Village,NY,11379
311,Charise,Burt,(559) 888-2229,charise.burt@aol.com,582 Creek St.,Fresno,CA,93706
312,Cameron,Carroll,NA,cameron.carroll@yahoo.com,9133 South Halifax Ave.,Longview,TX,75604
313,Melani,Jarvis,NA,melani.jarvis@hotmail.com,8 Tunnel St.,Maspeth,NY,11378
314,Javier,Nichols,NA,javier.nichols@msn.com,8944 Marconi St.,Rowlett,TX,75088
315,Justina,Jenkins,NA,justina.jenkins@yahoo.com,8236 Creek St.,Baldwin,NY,11510
316,Hortencia,Graham,NA,hortencia.graham@aol.com,7764 Greenrose Street,Euless,TX,76039
317,Christia,Wilkins,NA,christia.wilkins@msn.com,7062 Willow Court,Woodside,NY,11377
318,Eliz,Whitney,NA,eliz.whitney@msn.com,523 Crescent Court,Fullerton,CA,92831
319,Justin,Newton,NA,justin.newton@hotmail.com,93 Shore Rd.,Apple Valley,CA,92307
320,Aron,Wiggins,(442) 497-3353,aron.wiggins@aol.com,6 Bradford St.,Oceanside,NY,11572
321,Chere,Hardin,NA,chere.hardin@yahoo.com,763 Fulton Road,Brooklyn,NY,11201
322,Merideth,Preston,NA,merideth.preston@yahoo.com,794 Rockaway St.,Poughkeepsie,NY,12601
323,Jeniffer,Slater,NA,jeniffer.slater@aol.com,30 Old Orange Lane,Schenectady,NY,12302
324,Laureen,Paul,NA,laureen.paul@yahoo.com,617 Squaw Creek Rd.,Bellmore,NY,11710
325,Berna,Moore,NA,berna.moore@hotmail.com,7230 Lafayette Drive,Bronx,NY,10451
326,Shiela,Calderon,NA,shiela.calderon@msn.com,844 Albany St.,Rocklin,CA,95677
327,Sharie,Alvarez,(212) 211-7621,sharie.alvarez@msn.com,987 West Leatherwood Dr.,New York,NY,10002
328,Bettie,Glover,NA,bettie.glover@gmail.com,9083 Addison Dr.,Euless,TX,76039
329,Marilyn,Frank,NA,marilyn.frank@aol.com,8878 Branch Street,Port Chester,NY,10573
330,Sheba,Knapp,NA,sheba.knapp@aol.com,86 Gates Street,Woodside,NY,11377
331,Aleta,Mack,NA,aleta.mack@yahoo.com,8869 W. Edgemont Lane,Bay Shore,NY,11706
332,Reena,Higgins,NA,reena.higgins@gmail.com,900 South Columbia Street,Canyon Country,CA,91387
333,Ami,Mcmahon,NA,ami.mcmahon@aol.com,566 Hilldale Drive,Sunnyside,NY,11104
334,Somer,Jordan,NA,somer.jordan@msn.com,7046 Helen Avenue,Huntington Station,NY,11746
335,Scarlet,Reed,NA,scarlet.reed@hotmail.com,151 S. Myers Court,Bronx,NY,10451
336,Trisha,Johnson,(717) 126-8787,trisha.johnson@msn.com,59 Wild Horse St.,Lancaster,NY,14086
337,Majorie,Wyatt,NA,majorie.wyatt@yahoo.com,8507 Miller St.,South Ozone Park,NY,11420
338,Abbey,Pugh,NA,abbey.pugh@gmail.com,26 Market Drive,Forest Hills,NY,11375
339,Tamela,Harrell,NA,tamela.harrell@aol.com,7316 Cypress Rd.,Central Islip,NY,11722
340,Yanira,Bradshaw,NA,yanira.bradshaw@gmail.com,7484 Ann Court,Smithtown,NY,11787
341,Delana,Scott,NA,delana.scott@yahoo.com,7372 Ridgeview St.,Mount Vernon,NY,10550
342,Cassondra,Pruitt,NA,cassondra.pruitt@aol.com,4 Alderwood Circle,Merrick,NY,11566
343,Jesica,Fields,NA,jesica.fields@yahoo.com,318 Country Dr.,Commack,NY,11725
344,Herta,Rollins,NA,herta.rollins@msn.com,287 1st Drive,Mountain View,CA,94043
345,Mi,Gray,(229) 813-2130,mi.gray@aol.com,27 Roehampton Dr.,Albany,NY,12203
346,Jacalyn,Barnett,NA,jacalyn.barnett@gmail.com,7537 Swanson Street,Maspeth,NY,11378
347,Kanesha,Hudson,(510) 788-7298,kanesha.hudson@gmail.com,8293 Gartner Drive,Oakland,CA,94603
348,Darren,Witt,NA,darren.witt@aol.com,916 Hillcrest Ave.,Coachella,CA,92236
349,Mable,Pratt,NA,mable.pratt@gmail.com,254 SW. Temple Street,Coachella,CA,92236
350,Christoper,Mccall,NA,christoper.mccall@msn.com,72 Summit St.,Bay Shore,NY,11706
351,Margorie,Wynn,NA,margorie.wynn@gmail.com,707 Schoolhouse St.,Monsey,NY,10952
352,Josef,Greer,NA,josef.greer@gmail.com,92 Summer Court,Jamaica,NY,11432
353,Tisa,Whitney,NA,tisa.whitney@yahoo.com,549 Newbridge Dr.,Monsey,NY,10952
354,Tonda,Armstrong,NA,tonda.armstrong@aol.com,19 Forest Rd.,Sunnyside,NY,11104
355,Arvilla,Weiss,NA,arvilla.weiss@msn.com,477 Blue Spring St.,Bay Shore,NY,11706
356,Vashti,Rosario,NA,vashti.rosario@yahoo.com,623 Johnson Circle,Bronx,NY,10451
357,Sheri,Cole,(408) 658-2285,sheri.cole@aol.com,479 Chapel Court,San Jose,CA,95127
358,Kandace,Giles,NA,kandace.giles@msn.com,30 NE. Walt Whitman Drive,Wantagh,NY,11793
359,Angie,Powers,NA,angie.powers@aol.com,6 Rockland Dr.,Pomona,CA,91768
360,Van,Peters,(281) 658-7772,van.peters@yahoo.com,45 Fifth Dr.,Houston,TX,77016
361,Virgina,Berg,NA,virgina.berg@yahoo.com,804 South Purple Finch Drive,Valley Stream,NY,11580
362,Olevia,Noel,NA,olevia.noel@yahoo.com,39 N. Rosewood Dr.,Kingston,NY,12401
363,Kaci,Gallegos,NA,kaci.gallegos@gmail.com,8573 Halifax St.,Ballston Spa,NY,12020
364,Bev,Chang,NA,bev.chang@yahoo.com,104 Rockville St.,Ithaca,NY,14850
365,Rodger,Rojas,NA,rodger.rojas@yahoo.com,8442 Cooper Ave.,Bayside,NY,11361
366,Lavonne,Anderson,NA,lavonne.anderson@aol.com,9420 Wintergreen Court,Floral Park,NY,11001
367,Blanca,Hooper,NA,blanca.hooper@msn.com,340 Bald Hill St.,Ozone Park,NY,11417
368,Alysha,Powers,NA,alysha.powers@msn.com,39 West Marshall Ave.,Forest Hills,NY,11375
369,Mary,Singleton,NA,mary.singleton@hotmail.com,474 Amerige Ave.,Woodside,NY,11377
370,Jina,Cooper,NA,jina.cooper@aol.com,8947 W. Lexington Rd.,Howard Beach,NY,11414
371,Loni,Duncan,NA,loni.duncan@gmail.com,80 Saxton Lane,Rosedale,NY,11422
372,Collene,Roman,NA,collene.roman@aol.com,30 North Argyle Dr.,Wappingers Falls,NY,12590
373,Mariette,Trevino,NA,mariette.trevino@aol.com,4 Border Court,Utica,NY,13501
374,Candelaria,Coffey,NA,candelaria.coffey@aol.com,45 Newport Lane,Merrick,NY,11566
375,Yan,Trevino,NA,yan.trevino@gmail.com,796 Jefferson Rd.,Uniondale,NY,11553
376,Elanor,Patrick,NA,elanor.patrick@aol.com,51 Howard Ave.,Victoria,TX,77904
377,Klara,Mosley,NA,klara.mosley@gmail.com,518 Devon Court,Port Chester,NY,10573
378,Rosalba,O'neal,NA,rosalba.o'neal@yahoo.com,7517 Pennsylvania St.,Mount Vernon,NY,10550
379,Mina,Carrillo,NA,mina.carrillo@aol.com,8659 Trenton Lane,Uniondale,NY,11553
380,Alesia,Horne,NA,alesia.horne@aol.com,9229 Amherst Lane,Selden,NY,11784
381,Kristen,Alvarez,NA,kristen.alvarez@aol.com,9778 North River St.,Bronx,NY,10451
382,Collin,Webster,NA,collin.webster@aol.com,475 Cottage Rd.,Howard Beach,NY,11414
383,Ashlee,Pena,NA,ashlee.pena@aol.com,966 Highland St.,Whitestone,NY,11357
384,Aimee,Merritt,NA,aimee.merritt@yahoo.com,537 East Meadowbrook St.,Flushing,NY,11354
385,Rochelle,Ward,NA,rochelle.ward@yahoo.com,7855 La Sierra Street,Glendora,CA,91740
386,Nelle,Beck,NA,nelle.beck@aol.com,8998 Wakehurst Drive,Upland,CA,91784
387,Kaila,Walters,NA,kaila.walters@msn.com,57 Gates Drive,Elmhurst,NY,11373
388,Aleta,Stone,NA,aleta.stone@aol.com,8 Elm Dr.,Whitestone,NY,11357
389,Leif,Short,NA,leif.short@gmail.com,962 Carpenter Ave.,San Angelo,TX,76901
390,Lorrie,Pollard,NA,lorrie.pollard@yahoo.com,7834 Shore Ave.,Ronkonkoma,NY,11779
391,Vernita,Ball,NA,vernita.ball@gmail.com,126 Arnold Dr.,Los Banos,CA,93635
392,Cyndi,Bush,NA,cyndi.bush@gmail.com,18 Smoky Hollow Drive,Elmhurst,NY,11373
393,Gertrude,Terry,NA,gertrude.terry@hotmail.com,34 Airport Dr.,Upland,CA,91784
394,Virgen,Clemons,NA,virgen.clemons@gmail.com,354 Cactus Drive,South El Monte,CA,91733
395,Fairy,Robinson,NA,fairy.robinson@msn.com,8837 Joy Ridge St.,Liverpool,NY,13090
396,Laverna,Hernandez,NA,laverna.hernandez@hotmail.com,34 South Longfellow St.,Niagara Falls,NY,14304
397,Jeannie,Wilcox,NA,jeannie.wilcox@yahoo.com,7744 Miles Dr.,Franklin Square,NY,11010
398,Suellen,Mercado,NA,suellen.mercado@yahoo.com,3 Taylor Drive,Sunnyside,NY,11104
399,Bart,Hess,NA,bart.hess@aol.com,799 N. Maiden Street,Kingston,NY,12401
400,Alfredo,Dodson,NA,alfredo.dodson@hotmail.com,8960 Glenholme Dr.,Depew,NY,14043
401,Shaunda,Barnett,NA,shaunda.barnett@gmail.com,9366 San Carlos Lane,Longview,TX,75604
402,Kerrie,Morton,NA,kerrie.morton@hotmail.com,8772 State St.,Pittsford,NY,14534
403,Elouise,Fry,NA,elouise.fry@aol.com,49 Bohemia Street,Canyon Country,CA,91387
404,Augustus,Steele,NA,augustus.steele@aol.com,7474 N. Orchard St.,Ballston Spa,NY,12020
405,Greta,Page,NA,greta.page@hotmail.com,8316 Augusta Drive,Commack,NY,11725
406,Kerrie,O'neill,NA,kerrie.o'neill@gmail.com,69 Wellington Ave.,Shirley,NY,11967
407,Dannette,Guerrero,NA,dannette.guerrero@gmail.com,68 Carriage Street,San Pablo,CA,94806
408,Edra,Fitzgerald,NA,edra.fitzgerald@msn.com,8892 Birchwood St.,Central Islip,NY,11722
409,Jerome,Bolton,NA,jerome.bolton@msn.com,9921 Argyle Street,Carmel,NY,10512
410,Conception,Slater,NA,conception.slater@gmail.com,5 Sunset Street,Bellmore,NY,11710
411,Octavia,Case,(212) 171-1335,octavia.case@aol.com,40 Charles Road,New York,NY,10002
412,Dexter,Roberts,NA,dexter.roberts@gmail.com,84 Thatcher Court,Sunnyside,NY,11104
413,Ginette,Edwards,NA,ginette.edwards@hotmail.com,9262 NW. Center Ave.,Baldwin,NY,11510
414,Romaine,Haley,NA,romaine.haley@aol.com,737 Edgefield Drive,Ithaca,NY,14850
415,Gwendolyn,Miller,NA,gwendolyn.miller@msn.com,90 Fordham Ave.,Harlingen,TX,78552
416,Luke,Fuller,(516) 363-2253,luke.fuller@hotmail.com,576 Cleveland Lane,Hempstead,NY,11550
417,Zoraida,Patton,NA,zoraida.patton@aol.com,95 Grand Dr.,Huntington Station,NY,11746
418,Georgeanna,Webster,(805) 885-8830,georgeanna.webster@msn.com,40 Creekside Circle,Oxnard,CA,93035
419,Krystin,Marshall,NA,krystin.marshall@hotmail.com,10 Old Proctor Lane,Poughkeepsie,NY,12601
420,Vince,Schneider,NA,vince.schneider@hotmail.com,473 Corona Ave.,Merrick,NY,11566
421,Iola,Rasmussen,NA,iola.rasmussen@yahoo.com,283 N. Manor Station Dr.,Monroe,NY,10950
422,Valery,Saunders,NA,valery.saunders@msn.com,42 Marlborough St.,Victoria,TX,77904
423,Johna,Powers,NA,johna.powers@hotmail.com,379 Central Ave.,Deer Park,NY,11729
424,Charleen,Hurst,NA,charleen.hurst@yahoo.com,87 Country Avenue,Utica,NY,13501
425,Augustina,Joyner,NA,augustina.joyner@aol.com,7931 Honey Creek Court,Mount Vernon,NY,10550
426,Daisy,Ward,NA,daisy.ward@msn.com,45 Silver Spear Ave.,Pomona,CA,91768
427,Latonya,Dixon,NA,latonya.dixon@hotmail.com,9399 Evergreen Street,Garland,TX,75043
428,Hipolito,Padilla,NA,hipolito.padilla@hotmail.com,311 E. Rose Avenue,New Rochelle,NY,10801
429,Emmett,Casey,NA,emmett.casey@yahoo.com,893 Logan St.,Valley Stream,NY,11580
430,Kandi,Mcneil,NA,kandi.mcneil@msn.com,402 Border Street,Massapequa Park,NY,11762
431,Luciano,Marsh,NA,luciano.marsh@aol.com,7685 South Willow Drive,Bellmore,NY,11710
432,Julius,Holt,NA,julius.holt@aol.com,386 Lower River Street,East Meadow,NY,11554
433,Holly,Nieves,NA,holly.nieves@aol.com,60 Cleveland St.,Longview,TX,75604
434,Douglass,Little,NA,douglass.little@hotmail.com,294 Harvey Drive,Duarte,CA,91010
435,Izola,Hobbs,NA,izola.hobbs@gmail.com,685 Beacon Dr.,Woodhaven,NY,11421
436,Honey,Camacho,NA,honey.camacho@gmail.com,934 2nd St.,Bayside,NY,11361
437,Laureen,Barry,NA,laureen.barry@yahoo.com,909 Ridge St.,Orchard Park,NY,14127
438,Katharine,Herrera,NA,katharine.herrera@hotmail.com,395 SE. Branch St.,Queensbury,NY,12804
439,Sunshine,Rosario,NA,sunshine.rosario@aol.com,1 Chestnut Lane,Jamaica,NY,11432
440,Yevette,Todd,NA,yevette.todd@aol.com,119 Lakewood Rd.,Ballston Spa,NY,12020
441,Dorthea,Walker,NA,dorthea.walker@aol.com,11 Third St.,Port Washington,NY,11050
442,Alane,Munoz,(914) 706-7576,alane.munoz@gmail.com,8 Strawberry Dr.,Yonkers,NY,10701
443,Ayana,Keith,(805) 230-2101,ayana.keith@hotmail.com,182 Thorne Road,Oxnard,CA,93035
444,Caridad,Compton,NA,caridad.compton@aol.com,9575 SW. Kingston Court,San Lorenzo,CA,94580
445,Earline,Ballard,NA,earline.ballard@hotmail.com,939 Lyme Road,Mount Vernon,NY,10550
446,Nathanael,Bradley,NA,nathanael.bradley@aol.com,58 Third St.,Amsterdam,NY,12010
447,Chasidy,Tran,NA,chasidy.tran@msn.com,9286 Anderson Street,Vista,CA,92083
448,Janella,Bright,(507) 616-2958,janella.bright@aol.com,7317 Tower Dr.,Rochester,NY,14606
449,Josie,Schultz,NA,josie.schultz@hotmail.com,225 Mammoth Street,Canyon Country,CA,91387
450,Ellsworth,Michael,NA,ellsworth.michael@yahoo.com,9982 White St.,Carmel,NY,10512
451,Jennette,Wooten,NA,jennette.wooten@msn.com,8221 Bow Ridge Lane,Rowlett,TX,75088
452,Cassandra,Nichols,NA,cassandra.nichols@yahoo.com,4 Glenwood Circle,Hicksville,NY,11801
453,Courtney,Wyatt,NA,courtney.wyatt@gmail.com,369 Arrowhead St.,Garden City,NY,11530
454,Terese,Palmer,NA,terese.palmer@hotmail.com,8 Sugar Drive,Bay Shore,NY,11706
455,Sherita,Cherry,NA,sherita.cherry@gmail.com,9636 Old Cedarwood Street,Liverpool,NY,13090
456,Serina,Hensley,NA,serina.hensley@yahoo.com,53 Proctor Drive,Jamaica,NY,11432
457,Jeni,Farley,NA,jeni.farley@aol.com,4 Mill Lane,Richmond Hill,NY,11418
458,Everett,Vega,NA,everett.vega@yahoo.com,7859 James Ave.,Holbrook,NY,11741
459,Latosha,Dalton,(661) 529-4501,latosha.dalton@yahoo.com,59 E. Wintergreen Ave.,Bakersfield,CA,93306
460,Romelia,Myers,NA,romelia.myers@msn.com,8630 Brook St.,Garden City,NY,11530
461,Effie,Jenkins,(631) 477-1277,effie.jenkins@msn.com,75 South Glen Eagles Court,Brentwood,NY,11717
462,Efren,Oliver,NA,efren.oliver@gmail.com,9343 1st Rd.,Nanuet,NY,10954
463,Jerlene,Rios,NA,jerlene.rios@yahoo.com,32 Griffin St.,Plainview,NY,11803
464,Bess,Mcbride,NA,bess.mcbride@yahoo.com,9832 Winchester St.,Garden City,NY,11530
465,Birdie,Kramer,(248) 725-2174,birdie.kramer@hotmail.com,311 Newcastle Dr.,Troy,NY,12180
466,Collen,Hayes,NA,collen.hayes@yahoo.com,117 Eagle St.,Smithtown,NY,11787
467,Clare,Neal,NA,clare.neal@msn.com,8922 Shady Ave.,Mahopac,NY,10541
468,Jeanett,Herman,NA,jeanett.herman@hotmail.com,839 East Arch Street,Lindenhurst,NY,11757
469,Micki,Rutledge,NA,micki.rutledge@aol.com,9868 Marvon Street,Richmond Hill,NY,11418
470,Loise,Walker,NA,loise.walker@aol.com,201 Glen Eagles St.,Shirley,NY,11967
471,Burma,Summers,NA,burma.summers@yahoo.com,890 East Elmwood Street,Freeport,NY,11520
472,Myron,Ruiz,NA,myron.ruiz@gmail.com,45 Shadow Brook Lane,Amityville,NY,11701
473,Lashawna,Richardson,NA,lashawna.richardson@hotmail.com,9920 Purple Finch St.,Baldwin,NY,11510
474,Lavern,Orr,NA,lavern.orr@hotmail.com,913 N. Young Street,Webster,NY,14580
475,Alec,Peck,NA,alec.peck@hotmail.com,4 W. Belmont St.,Victoria,TX,77904
476,Christopher,Richardson,NA,christopher.richardson@gmail.com,7846 Windfall Dr.,Santa Cruz,CA,95060
477,Arminda,Weber,NA,arminda.weber@yahoo.com,6 Hill Field St.,Bellmore,NY,11710
478,Emmett,Hahn,NA,emmett.hahn@hotmail.com,7727 6th St.,Freeport,NY,11520
479,Gertha,Mejia,NA,gertha.mejia@yahoo.com,518 Orchard St.,Flushing,NY,11354
480,Garland,Weaver,NA,garland.weaver@gmail.com,7161 Goldfield Court,Amsterdam,NY,12010
481,Jayson,Rutledge,NA,jayson.rutledge@yahoo.com,8672 Coffee St.,Lake Jackson,TX,77566
482,Narcisa,Knapp,NA,narcisa.knapp@aol.com,435 Dogwood Dr.,Amarillo,TX,79106
483,Gayla,Sims,NA,gayla.sims@gmail.com,98 Hall Street,Lindenhurst,NY,11757
484,Chelsey,Boyd,NA,chelsey.boyd@yahoo.com,9569 Birchpond Ave.,Euless,TX,76039
485,Catherine,Miles,NA,catherine.miles@msn.com,7189 Elm Dr.,East Elmhurst,NY,11369
486,Valeri,Marshall,NA,valeri.marshall@hotmail.com,494 East Brewery Dr.,East Meadow,NY,11554
487,Grace,Madden,NA,grace.madden@gmail.com,606 East Rocky River St.,San Pablo,CA,94806
488,Joaquin,Hawkins,(657) 557-1746,joaquin.hawkins@aol.com,3 Oklahoma Lane,Anaheim,CA,92806
489,Kirstie,Vazquez,NA,kirstie.vazquez@gmail.com,8006 Rockland Ave.,Saratoga Springs,NY,12866
490,Yu,Mcdonald,NA,yu.mcdonald@aol.com,784 Pheasant Rd.,Ossining,NY,10562
491,Celestine,Jacobs,NA,celestine.jacobs@gmail.com,87 Hanover Rd.,Massapequa,NY,11758
492,Justa,Thompson,NA,justa.thompson@aol.com,43 Manor Ave.,Corona,NY,11368
493,Lise,Alvarado,NA,lise.alvarado@gmail.com,9816 Newcastle Dr.,Hamburg,NY,14075
494,Pearl,Fox,NA,pearl.fox@yahoo.com,9415 Honey Creek Dr.,Uniondale,NY,11553
495,Travis,Goodman,NA,travis.goodman@yahoo.com,65 Rockcrest Dr.,Los Banos,CA,93635
496,Shu,Mays,NA,shu.mays@gmail.com,996 St Margarets Lane,Astoria,NY,11102
497,Ezra,Fowler,NA,ezra.fowler@hotmail.com,16 Pearl St.,Nanuet,NY,10954
498,Edda,Young,NA,edda.young@gmail.com,50 S. Airport Street,North Tonawanda,NY,14120
499,Lidia,Ashley,NA,lidia.ashley@hotmail.com,8436 Meadow St.,Baldwinsville,NY,13027
500,Moira,Lester,NA,moira.lester@msn.com,496 Greystone Court,Jackson Heights,NY,11372
501,Tony,Hicks,(657) 260-6783,tony.hicks@gmail.com,226 Carriage Street,Anaheim,CA,92806
502,Malinda,Baxter,NA,malinda.baxter@yahoo.com,7698 Briarwood Ave.,Whitestone,NY,11357
503,Marlo,Jefferson,NA,marlo.jefferson@gmail.com,39 Trenton Rd.,Niagara Falls,NY,14304
504,Tiana,Henderson,NA,tiana.henderson@aol.com,62 Orange St.,Franklin Square,NY,11010
505,Wilda,Petersen,NA,wilda.petersen@aol.com,899 Helen St.,Jamaica,NY,11432
506,Irving,Pitts,NA,irving.pitts@msn.com,346 College Court,Torrance,CA,90505
507,Sheree,Pena,NA,sheree.pena@yahoo.com,822 Virginia Court,Staten Island,NY,10301
508,Vance,Taylor,(717) 218-5607,vance.taylor@msn.com,8279 Military Dr.,Lancaster,NY,14086
509,Terra,Pickett,NA,terra.pickett@aol.com,7822 Depot Avenue,Amsterdam,NY,12010
510,Faustino,Delacruz,NA,faustino.delacruz@msn.com,88 West Greenview Street,South Richmond Hill,NY,11419
511,Julienne,Moody,(682) 841-4643,julienne.moody@hotmail.com,35 South Oxford Rd.,Fort Worth,TX,76110
512,Hee,Greer,NA,hee.greer@hotmail.com,41 North Garfield Ave.,Selden,NY,11784
513,Whitney,Cash,NA,whitney.cash@gmail.com,8 Surrey Street,Hamburg,NY,14075
514,Clarita,Curry,NA,clarita.curry@hotmail.com,661 Tanglewood Street,Hollis,NY,11423
515,Reita,Dickson,NA,reita.dickson@hotmail.com,7506 Mechanic Dr.,Scarsdale,NY,10583
516,Rosa,Kinney,NA,rosa.kinney@yahoo.com,330 Highland Drive,Brooklyn,NY,11201
517,Buford,Gilbert,NA,buford.gilbert@yahoo.com,9 East Ketch Harbour Street,Bellmore,NY,11710
518,Homer,Powers,NA,homer.powers@msn.com,8207 East El Dorado Ave.,Palos Verdes Peninsula,CA,90274
519,Rudolf,Gilliam,NA,rudolf.gilliam@aol.com,17 Marlborough Circle,Palos Verdes Peninsula,CA,90274
520,Andreas,Herman,NA,andreas.herman@msn.com,456 Rock Creek Street,Mount Vernon,NY,10550
521,Max,Charles,NA,max.charles@gmail.com,695 St Paul Street,Glen Cove,NY,11542
522,Tammera,Fischer,(510) 534-8845,tammera.fischer@hotmail.com,405 Olive St.,Oakland,CA,94603
523,Joshua,Robertson,NA,joshua.robertson@gmail.com,81 Campfire Court,Patchogue,NY,11772
524,Larraine,Horn,NA,larraine.horn@msn.com,368 South Summerhouse Dr.,Utica,NY,13501
525,Andreas,Mayer,NA,andreas.mayer@hotmail.com,8577 Galvin Circle,New Rochelle,NY,10801
526,Lazaro,Moran,NA,lazaro.moran@gmail.com,83 E. Buttonwood Street,Sugar Land,TX,77478
527,Afton,Juarez,NA,afton.juarez@gmail.com,8330 Riverview Drive,Coram,NY,11727
528,Angele,Schroeder,(845) 804-6312,angele.schroeder@yahoo.com,33 S. Shadow Brook Street,New City,NY,10956
529,Ellena,Clements,NA,ellena.clements@aol.com,7918 Mulberry Street,Santa Monica,CA,90403
530,Selene,Austin,NA,selene.austin@msn.com,9042 Linda Circle,Duarte,CA,91010
531,Kimberely,Bowen,(248) 199-2582,kimberely.bowen@hotmail.com,88 Belmont Street,Troy,NY,12180
532,Mia,Delgado,NA,mia.delgado@yahoo.com,850 Wakehurst Drive,Coachella,CA,92236
533,Garret,Clay,(361) 687-9477,garret.clay@yahoo.com,9516 College Drive,Corpus Christi,TX,78418
534,Alejandro,Haney,NA,alejandro.haney@msn.com,3 Griffin Street,Wantagh,NY,11793
535,Inge,Olsen,(562) 719-5041,inge.olsen@msn.com,295 Iroquois Rd.,Long Beach,NY,11561
536,Christiane,Bradford,NA,christiane.bradford@gmail.com,9043 Woodland Ave.,Orchard Park,NY,14127
537,Carter,Bentley,NA,carter.bentley@yahoo.com,145 North Bridle Ave.,Carmel,NY,10512
538,Sherie,Ayala,NA,sherie.ayala@msn.com,5 Beech Ave.,South El Monte,CA,91733
539,Jamika,Acevedo,NA,jamika.acevedo@yahoo.com,8027 NW. Poplar St.,Ozone Park,NY,11417
540,Shery,Randolph,NA,shery.randolph@hotmail.com,602 Laurel Street,Ontario,CA,91762
541,Lanita,Burton,NA,lanita.burton@msn.com,8980 Aspen Avenue,Coachella,CA,92236
542,Timothy,Byers,NA,timothy.byers@msn.com,8645 Devonshire Lane,Ronkonkoma,NY,11779
543,Jasmin,Young,NA,jasmin.young@gmail.com,337 Beach Street,Helotes,TX,78023
544,Catarina,Mendez,NA,catarina.mendez@hotmail.com,444 Hanover Court,West Islip,NY,11795
545,Tajuana,Rollins,NA,tajuana.rollins@msn.com,724 N. Glen Creek Street,Oswego,NY,13126
546,Thad,Castro,(631) 943-1407,thad.castro@msn.com,71 Surrey Ave.,Brentwood,NY,11717
547,Tena,Huber,NA,tena.huber@gmail.com,185 East Littleton St.,Newburgh,NY,12550
548,Dori,Alvarez,NA,dori.alvarez@msn.com,8208 Brandywine St.,Kingston,NY,12401
549,Elmo,Arnold,(562) 841-9339,elmo.arnold@aol.com,7616 Lyme Rd.,Long Beach,NY,11561
550,Felicidad,Golden,NA,felicidad.golden@yahoo.com,9712 Coffee Ave.,Lockport,NY,14094
551,Jenine,Crane,(682) 183-6555,jenine.crane@msn.com,7381 Alderwood Drive,Fort Worth,TX,76110
552,Lea,Key,NA,lea.key@yahoo.com,7 Ocean St.,Banning,CA,92220
553,Rory,Cooper,NA,rory.cooper@gmail.com,459 West Street,Rocklin,CA,95677
554,Hilde,Nieves,NA,hilde.nieves@gmail.com,9437 Fordham Lane,Campbell,CA,95008
555,Marry,Benjamin,NA,marry.benjamin@yahoo.com,33 Amerige Street,Forney,TX,75126
556,Vernell,Goff,NA,vernell.goff@msn.com,77 Cobblestone St.,Monroe,NY,10950
557,Erlene,Cook,NA,erlene.cook@gmail.com,89 Blue Spring Street,Mount Vernon,NY,10550
558,Carroll,Kelly,NA,carroll.kelly@yahoo.com,346 Grant Circle,Monroe,NY,10950
559,Basilia,Thornton,(631) 592-9548,basilia.thornton@hotmail.com,9033 Pine Dr.,Brentwood,NY,11717
560,Tricia,Daniels,NA,tricia.daniels@gmail.com,8628 Crescent Court,Forney,TX,75126
561,Kandace,Hughes,NA,kandace.hughes@hotmail.com,482 Ryan Ave.,San Lorenzo,CA,94580
562,Alejandro,Norman,NA,alejandro.norman@yahoo.com,8918 Marsh Lane,Upland,CA,91784
563,Rodney,Odom,NA,rodney.odom@yahoo.com,7782 North Deerfield Lane,Richmond Hill,NY,11418
564,Bettie,Pierce,NA,bettie.pierce@gmail.com,787 North Vernon Lane,Farmingdale,NY,11735
565,Dagny,Owen,NA,dagny.owen@hotmail.com,8028 Thompson Drive,San Angelo,TX,76901
566,Cinthia,Poole,NA,cinthia.poole@aol.com,7 Central Ave.,Lake Jackson,TX,77566
567,Sheila,Travis,NA,sheila.travis@yahoo.com,9285 Front St.,Longview,TX,75604
568,Arcelia,Vinson,NA,arcelia.vinson@gmail.com,40 Dogwood St.,West Islip,NY,11795
569,Lucas,Estes,NA,lucas.estes@yahoo.com,99 Old Church St.,Santa Monica,CA,90403
570,Marissa,Summers,NA,marissa.summers@msn.com,81 Carpenter St.,Saint Albans,NY,11412
571,Kaley,Blanchard,NA,kaley.blanchard@msn.com,74 Evergreen Court,Palos Verdes Peninsula,CA,90274
572,Wm,Pope,NA,wm.pope@msn.com,212 Marsh Court,Auburn,NY,13021
573,Rubye,Mccall,(248) 764-3359,rubye.mccall@hotmail.com,71 Sherwood Dr.,Troy,NY,12180
574,Adriene,Rivera,NA,adriene.rivera@hotmail.com,973 Yukon Avenue,Encino,CA,91316
575,Laurence,Christian,NA,laurence.christian@gmail.com,2 Maple St.,Jamaica,NY,11432
576,Shirely,Stanley,(915) 437-6113,shirely.stanley@gmail.com,73 White Avenue,El Paso,TX,79930
577,Danille,Mcfarland,NA,danille.mcfarland@msn.com,14 Tailwater St.,Rocklin,CA,95677
578,Salena,Day,NA,salena.day@msn.com,8067 Park Court,San Lorenzo,CA,94580
579,Matilda,Larson,NA,matilda.larson@hotmail.com,336 Saxon Court,Harlingen,TX,78552
580,Mellisa,Kim,(424) 151-6481,mellisa.kim@aol.com,17 Lyme Dr.,Los Angeles,CA,90008
581,Vonda,Berger,NA,vonda.berger@yahoo.com,615 S. Proctor Ave.,Santa Clara,CA,95050
582,Soledad,Moses,NA,soledad.moses@yahoo.com,85 Hickory Ave.,Jackson Heights,NY,11372
583,Lashandra,Turner,(562) 327-9469,lashandra.turner@hotmail.com,11 Marlborough Rd.,Long Beach,NY,11561
584,Lynne,Anderson,(915) 789-6666,lynne.anderson@msn.com,325 Inverness St.,El Paso,TX,79930
585,Chasidy,Webster,NA,chasidy.webster@msn.com,8296 S. Lookout Lane,Rocklin,CA,95677
586,Ulysses,Gaines,NA,ulysses.gaines@aol.com,22 Gregory Lane,Monsey,NY,10952
587,Euna,Lopez,NA,euna.lopez@gmail.com,7979 South Mountainview Ave.,Carmel,NY,10512
588,Cherelle,Key,NA,cherelle.key@msn.com,7739 Snake Hill Lane,Valley Stream,NY,11580
589,Jeffry,Church,NA,jeffry.church@msn.com,426 Grandrose Ave.,Pleasanton,CA,94566
590,Cyndi,Dyer,NA,cyndi.dyer@msn.com,313 West Argyle Ave.,Baldwin,NY,11510
591,Danilo,Holmes,NA,danilo.holmes@gmail.com,657 Manor Station Dr.,Hicksville,NY,11801
592,Joni,Lee,NA,joni.lee@gmail.com,8573 Proctor Street,Centereach,NY,11720
593,Antony,Atkinson,NA,antony.atkinson@msn.com,680 East Birchwood Lane,Smithtown,NY,11787
594,Deanne,Parsons,NA,deanne.parsons@aol.com,76 Amherst Drive,Lindenhurst,NY,11757
595,Frederica,Rojas,NA,frederica.rojas@yahoo.com,7835 West Jockey Hollow Rd.,Ithaca,NY,14850
596,Emelda,Dickerson,NA,emelda.dickerson@aol.com,7457 6th St.,Hamburg,NY,14075
597,Rudolf,Moran,NA,rudolf.moran@gmail.com,5 Birchwood Rd.,Maspeth,NY,11378
598,Benito,Hendrix,NA,benito.hendrix@gmail.com,676 S. Bowman Lane,Depew,NY,14043
599,Jonell,Rivas,NA,jonell.rivas@msn.com,8415 East High Point St.,Amarillo,TX,79106
600,Joi,Reeves,(619) 952-9613,joi.reeves@msn.com,9101 Williams Court,San Diego,CA,92111
601,Leland,Mcdowell,NA,leland.mcdowell@gmail.com,8034 E. Washington Lane,Encino,CA,91316
602,Delaine,Estes,NA,delaine.estes@yahoo.com,8916 Hartford Rd.,Amarillo,TX,79106
603,Genevieve,Juarez,NA,genevieve.juarez@gmail.com,93 Goldfield Drive,New Hyde Park,NY,11040
604,Kylee,Dickson,NA,kylee.dickson@gmail.com,7908 Sherwood Street,Amityville,NY,11701
605,Renita,Henry,NA,renita.henry@msn.com,474 Woodland Ave.,New Rochelle,NY,10801
606,Sarah,Kirkland,NA,sarah.kirkland@aol.com,42 N. Glendale Avenue,Wappingers Falls,NY,12590
607,Paul,Lester,NA,paul.lester@gmail.com,275 Clay St.,Vista,CA,92083
608,Taisha,Vang,NA,taisha.vang@yahoo.com,660 East Foster Lane,Shirley,NY,11967
609,Eliana,Reese,NA,eliana.reese@hotmail.com,7079 NE. Cross Drive,Woodhaven,NY,11421
610,Leonore,Dorsey,NA,leonore.dorsey@yahoo.com,8213 South Branch Avenue,Jackson Heights,NY,11372
611,Ashleigh,Frank,NA,ashleigh.frank@gmail.com,9008 Plymouth Street,Levittown,NY,11756
612,Gabriel,Wagner,NA,gabriel.wagner@msn.com,7921 Manhattan Ave.,Ballston Spa,NY,12020
613,Margene,Eaton,NA,margene.eaton@yahoo.com,43 Sugar Street,Wantagh,NY,11793
614,Toshia,Cardenas,NA,toshia.cardenas@gmail.com,878 Bayberry Street,Amsterdam,NY,12010
615,Jamika,Blanchard,NA,jamika.blanchard@gmail.com,420 Cambridge Street,Fresh Meadows,NY,11365
616,Shery,Acosta,NA,shery.acosta@yahoo.com,17 Canal Ave.,Saratoga Springs,NY,12866
617,Jenna,Saunders,NA,jenna.saunders@aol.com,4 Young St.,Yorktown Heights,NY,10598
618,Skye,Pope,NA,skye.pope@yahoo.com,121 S. Bay Meadows Ave.,Richmond Hill,NY,11418
619,Ana,Palmer,(657) 323-8684,ana.palmer@yahoo.com,7 Buckingham St.,Anaheim,CA,92806
620,Eric,Hardin,NA,eric.hardin@gmail.com,39 S. Parker Drive,Jamaica,NY,11432
621,Basil,Ballard,NA,basil.ballard@yahoo.com,7477 Belmont Ave.,San Lorenzo,CA,94580
622,Gabriel,Pitts,NA,gabriel.pitts@gmail.com,8462 Marshall Drive,Clifton Park,NY,12065
623,Cayla,Johnson,NA,cayla.johnson@msn.com,7091 Rockaway Avenue,Coram,NY,11727
624,Sharika,Colon,(562) 452-6136,sharika.colon@gmail.com,509 Henry Smith St.,Long Beach,NY,11561
625,Donnetta,Henson,NA,donnetta.henson@hotmail.com,2 Tallwood Drive,Webster,NY,14580
626,Leigh,Burke,NA,leigh.burke@hotmail.com,7651 Creek St.,Schenectady,NY,12302
627,Deloris,Larson,NA,deloris.larson@aol.com,242 Branch Street,Duarte,CA,91010
628,Ehtel,Cobb,NA,ehtel.cobb@hotmail.com,741 Rockville Drive,Lockport,NY,14094
629,Evelina,Byrd,(716) 601-7704,evelina.byrd@msn.com,628 S. Church St.,Buffalo,NY,14215
630,Zulema,Browning,NA,zulema.browning@gmail.com,12 NW. Lafayette St.,Amsterdam,NY,12010
631,Tressa,Weiss,NA,tressa.weiss@msn.com,52 Wild Rose Avenue,Ossining,NY,10562
632,Yvette,Rogers,NA,yvette.rogers@aol.com,3 SE. Oklahoma Drive,Franklin Square,NY,11010
633,Kiara,Deleon,(657) 378-8011,kiara.deleon@gmail.com,164 Addison Drive,Anaheim,CA,92806
634,Taylor,Cole,NA,taylor.cole@gmail.com,9408 Holly Lane,Carmel,NY,10512
635,Myrtie,James,NA,myrtie.james@yahoo.com,566 North Livingston Ave.,Merrick,NY,11566
636,Ashton,Lott,NA,ashton.lott@hotmail.com,609 Windfall Lane,Floral Park,NY,11001
637,Kara,Higgins,NA,kara.higgins@aol.com,758 Jennings Street,Ossining,NY,10562
638,Tomeka,Higgins,NA,tomeka.higgins@msn.com,591 W. Corona St.,Poughkeepsie,NY,12601
639,Ronald,Parsons,NA,ronald.parsons@msn.com,268 Pin Oak Rd.,Maspeth,NY,11378
640,Allison,Nolan,(845) 276-5729,allison.nolan@gmail.com,7421 Victoria St.,New City,NY,10956
641,Derrick,Marks,NA,derrick.marks@yahoo.com,7247 East Prairie Lane,Glendora,CA,91740
642,Yang,Roth,NA,yang.roth@aol.com,234 E. Shub Farm Ave.,Webster,NY,14580
643,Melba,Wilkinson,NA,melba.wilkinson@gmail.com,255 Harvard Dr.,Floral Park,NY,11001
644,Valentin,Mclaughlin,NA,valentin.mclaughlin@hotmail.com,56 Squaw Creek Street,Lindenhurst,NY,11757
645,Lewis,Garner,(631) 871-2512,lewis.garner@gmail.com,9550 East Greenrose St.,Brentwood,NY,11717
646,Ann,Heath,NA,ann.heath@msn.com,413 East St.,South El Monte,CA,91733
647,Janelle,Maldonado,NA,janelle.maldonado@gmail.com,34 Mammoth Street,Richmond Hill,NY,11418
648,Catrice,Hicks,NA,catrice.hicks@yahoo.com,403 Inverness Street,San Pablo,CA,94806
649,Eli,Contreras,NA,eli.contreras@hotmail.com,35 Highland Ave.,Ronkonkoma,NY,11779
650,Rita,Bailey,NA,rita.bailey@hotmail.com,69 Glenwood Street,Ossining,NY,10562
651,Laure,Pena,NA,laure.pena@yahoo.com,9849 West Elmwood St.,Wappingers Falls,NY,12590
652,Tilda,Melton,(248) 767-4165,tilda.melton@msn.com,237 Elmwood Drive,Troy,NY,12180
653,Florencio,Davenport,NA,florencio.davenport@yahoo.com,8759 Brookside Ave.,Jamestown,NY,14701
654,Eun,Harris,(619) 378-2432,eun.harris@gmail.com,623 Jones St.,San Diego,CA,92111
655,Marylyn,Browning,NA,marylyn.browning@msn.com,915 Lakeshore Street,Scarsdale,NY,10583
656,Romana,Barnes,NA,romana.barnes@yahoo.com,9776 Shipley Rd.,Floral Park,NY,11001
657,Sam,Lester,NA,sam.lester@gmail.com,563 South Beacon Lane,Baldwin,NY,11510
658,Nicki,Larson,NA,nicki.larson@yahoo.com,8317 West Leatherwood Dr.,Monsey,NY,10952
659,Antonetta,Rocha,NA,antonetta.rocha@yahoo.com,9858 Newcastle St.,Port Chester,NY,10573
660,Shara,Pope,NA,shara.pope@msn.com,194 Amherst Dr.,Ridgecrest,CA,93555
661,Trena,Hudson,NA,trena.hudson@hotmail.com,135 Grand Ave.,Monroe,NY,10950
662,Loraine,Sykes,NA,loraine.sykes@yahoo.com,9239 Windsor Ave.,Scarsdale,NY,10583
663,Alissa,Hood,NA,alissa.hood@gmail.com,8032 Maple Drive,New Windsor,NY,12553
664,Augustus,Schmidt,NA,augustus.schmidt@msn.com,624 Jones Dr.,Corona,NY,11368
665,Stacie,Sims,(510) 194-5117,stacie.sims@hotmail.com,47 Orange Ave.,Oakland,CA,94603
666,Brittni,Green,NA,brittni.green@msn.com,842 El Dorado Lane,Floral Park,NY,11001
667,Etsuko,Garrison,NA,etsuko.garrison@yahoo.com,1 Arrowhead Street,Richmond Hill,NY,11418
668,Calandra,Stanton,NA,calandra.stanton@aol.com,36 Livingston Dr.,Lake Jackson,TX,77566
669,Willis,Randolph,NA,willis.randolph@yahoo.com,332 Constitution St.,Harlingen,TX,78552
670,Shawnda,Glover,NA,shawnda.glover@gmail.com,138 Belmont Ave.,Liverpool,NY,13090
671,Jennette,Baker,NA,jennette.baker@gmail.com,798 Marvon St.,Banning,CA,92220
672,Elma,Molina,NA,elma.molina@msn.com,8565 Devon Ave.,New Rochelle,NY,10801
673,Adam,Henderson,NA,adam.henderson@hotmail.com,167 James St.,Los Banos,CA,93635
674,Ira,Moore,NA,ira.moore@gmail.com,1 Pineknoll Court,Saratoga Springs,NY,12866
675,Kermit,Bowman,(915) 996-5952,kermit.bowman@gmail.com,3 Airport Street,El Paso,TX,79930
676,Gayle,Wilkinson,NA,gayle.wilkinson@yahoo.com,4 Riverside Ave.,Lindenhurst,NY,11757
677,Launa,Hull,NA,launa.hull@yahoo.com,936 Grove Street,Helotes,TX,78023
678,Myron,Johns,NA,myron.johns@msn.com,5 N. Woodsman Rd.,Whitestone,NY,11357
679,Tuan,Wolfe,NA,tuan.wolfe@aol.com,7641 Oak Meadow Dr.,West Babylon,NY,11704
680,Mathilda,Pennington,(845) 407-9524,mathilda.pennington@gmail.com,14 S. Argyle Ave.,New City,NY,10956
681,Reatha,Perez,NA,reatha.perez@aol.com,9917 1st St.,Holbrook,NY,11741
682,Arnita,Thomas,NA,arnita.thomas@gmail.com,154 2nd St.,Orchard Park,NY,14127
683,Amparo,Burks,NA,amparo.burks@aol.com,7781 Augusta St.,Merrick,NY,11566
684,Jenny,Bell,NA,jenny.bell@hotmail.com,38 Crescent St.,Niagara Falls,NY,14304
685,Laverne,Craft,NA,laverne.craft@aol.com,829 N. Pierce Street,Forest Hills,NY,11375
686,Darcel,Harmon,NA,darcel.harmon@msn.com,966 Hickory Street,Santa Clara,CA,95050
687,Cecilia,Camacho,NA,cecilia.camacho@yahoo.com,682 Mountainview Rd.,Desoto,TX,75115
688,Pearlie,Cochran,NA,pearlie.cochran@msn.com,23 Homewood Rd.,Campbell,CA,95008
689,Deirdre,Ryan,NA,deirdre.ryan@yahoo.com,83 Jefferson Lane,Utica,NY,13501
690,Yevette,Elliott,NA,yevette.elliott@aol.com,182 Euclid Street,Jackson Heights,NY,11372
691,Ladawn,Downs,(281) 165-2090,ladawn.downs@yahoo.com,7452 S. Airport Court,Houston,TX,77016
692,Dorothea,Chang,NA,dorothea.chang@gmail.com,75 Oak Ave.,Astoria,NY,11102
693,Merlin,Foreman,(516) 150-1321,merlin.foreman@msn.com,8198 North Rockaway St.,Hempstead,NY,11550
694,Lanie,Dunn,NA,lanie.dunn@gmail.com,7583 Pilgrim Ave.,North Tonawanda,NY,14120
695,Christoper,Gould,NA,christoper.gould@aol.com,8718 South Constitution St.,Shirley,NY,11967
696,Norine,Huffman,NA,norine.huffman@aol.com,363 Dunbar Drive,Encino,CA,91316
697,Alane,Mccarty,(619) 377-8586,alane.mccarty@hotmail.com,8254 Hilldale Street,San Diego,CA,92111
698,Charleen,Joyner,NA,charleen.joyner@aol.com,735 N. John Dr.,Corona,NY,11368
699,Zella,Fernandez,NA,zella.fernandez@yahoo.com,8 Marshall Dr.,Rockville Centre,NY,11570
700,Collene,Knox,(361) 760-1523,collene.knox@msn.com,7 North Branch Lane,Corpus Christi,TX,78418
701,Alysia,Nicholson,(805) 493-7311,alysia.nicholson@hotmail.com,868 Trusel St.,Oxnard,CA,93035
702,Sharie,Whitaker,NA,sharie.whitaker@hotmail.com,7 Bayport Lane,Merrick,NY,11566
703,Diana,Cobb,NA,diana.cobb@hotmail.com,558 Vale St.,Fullerton,CA,92831
704,Morton,Barron,(661) 386-4884,morton.barron@msn.com,542 Circle Rd.,Bakersfield,CA,93306
705,Camille,Harvey,NA,camille.harvey@hotmail.com,859 Beaver Ridge Ave.,Huntington,NY,11743
706,Lolita,O'neill,NA,lolita.o'neill@aol.com,36 Prairie Dr.,Massapequa Park,NY,11762
707,Terese,Briggs,NA,terese.briggs@msn.com,16 N. Oak Valley St.,Woodside,NY,11377
708,Majorie,Glover,NA,majorie.glover@msn.com,4 Garden Ave.,Apple Valley,CA,92307
709,Vinnie,Chan,NA,vinnie.chan@aol.com,8750 Surrey St.,Forest Hills,NY,11375
710,Ezra,Silva,NA,ezra.silva@msn.com,8629 Catherine Rd.,New Windsor,NY,12553
711,Jovita,Bishop,NA,jovita.bishop@aol.com,8123 Wild Horse St.,Staten Island,NY,10301
712,Kecia,Olsen,NA,kecia.olsen@msn.com,8389 Central St.,Santa Cruz,CA,95060
713,Ilona,Spears,NA,ilona.spears@gmail.com,984 Canterbury Lane,Port Jefferson Station,NY,11776
714,Senaida,Thompson,NA,senaida.thompson@msn.com,578 Golf Drive,Bronx,NY,10451
715,Larae,Carney,NA,larae.carney@msn.com,9322 Glen Ridge Dr.,Sunnyside,NY,11104
716,Sebrina,Hart,NA,sebrina.hart@yahoo.com,7679 Pacific St.,Coram,NY,11727
717,Kristofer,Craig,NA,kristofer.craig@yahoo.com,6 Delaware Lane,Plainview,NY,11803
718,Luciana,Mcgee,NA,luciana.mcgee@msn.com,8002 Cross St.,Selden,NY,11784
719,Nicki,Fry,NA,nicki.fry@hotmail.com,950 Snake Hill Lane,Endicott,NY,13760
720,Devin,Shaffer,(507) 557-2191,devin.shaffer@gmail.com,382 Third Ave.,Rochester,NY,14606
721,Erlinda,Osborne,NA,erlinda.osborne@yahoo.com,148 Elm St.,West Islip,NY,11795
722,Camila,Carroll,(210) 436-8676,camila.carroll@yahoo.com,72 Shub Farm Avenue,San Antonio,TX,78213
723,Vicki,Wiggins,NA,vicki.wiggins@hotmail.com,71 Broad Ave.,Wappingers Falls,NY,12590
724,Lois,Steele,NA,lois.steele@yahoo.com,7501 South Marlborough Street,Ossining,NY,10562
725,Carola,Mcpherson,NA,carola.mcpherson@hotmail.com,578 Shirley Dr.,Rego Park,NY,11374
726,Rochell,Cantrell,NA,rochell.cantrell@yahoo.com,437 Water Dr.,Port Jefferson Station,NY,11776
727,Kasha,Sullivan,NA,kasha.sullivan@hotmail.com,48 Foster Rd.,Scarsdale,NY,10583
728,Viva,Dawson,NA,viva.dawson@yahoo.com,446 Princess Ave.,Orchard Park,NY,14127
729,Hue,Dalton,NA,hue.dalton@hotmail.com,7940 Oakwood Street,Apple Valley,CA,92307
730,Andria,Rivers,NA,andria.rivers@aol.com,183 Ohio Ave.,Amarillo,TX,79106
731,Hilary,Savage,(805) 753-6881,hilary.savage@yahoo.com,696 Howard Court,Oxnard,CA,93035
732,Lavona,Austin,NA,lavona.austin@yahoo.com,926 South Euclid St.,Utica,NY,13501
733,Doreatha,Ford,NA,doreatha.ford@yahoo.com,9413 Ryan Ave.,Huntington,NY,11743
734,Alina,Mcleod,NA,alina.mcleod@msn.com,20 Winchester Street,Patchogue,NY,11772
735,Aide,Franco,NA,aide.franco@msn.com,8017 Lake Forest St.,Atwater,CA,95301
736,Genny,Hensley,NA,genny.hensley@yahoo.com,8849 Marconi Ave.,Redondo Beach,CA,90278
737,Melita,Dominguez,NA,melita.dominguez@msn.com,9903 Santa Clara Lane,Auburn,NY,13021
738,Fannie,Jenkins,(805) 774-5696,fannie.jenkins@msn.com,7858 E. Pawnee Dr.,Oxnard,CA,93035
739,Bobbi,Banks,NA,bobbi.banks@yahoo.com,396 Wagon Rd.,Bayside,NY,11361
740,Gwenn,Melton,NA,gwenn.melton@yahoo.com,9545 Wakehurst Drive,Centereach,NY,11720
741,Laci,Castro,NA,laci.castro@hotmail.com,130 Birchpond Street,Saint Albans,NY,11412
742,Evelina,Manning,NA,evelina.manning@aol.com,7515 Spring St.,Mount Vernon,NY,10550
743,Tania,Swanson,NA,tania.swanson@yahoo.com,8646 Glen Eagles Ave.,Longview,TX,75604
744,Laurel,Schultz,NA,laurel.schultz@hotmail.com,812 E. 1st Lane,Mount Vernon,NY,10550
745,Carolyne,Conley,NA,carolyne.conley@gmail.com,431 Lees Creek Drive,Floral Park,NY,11001
746,Eldridge,Greer,NA,eldridge.greer@aol.com,131 E. Madison St.,Central Islip,NY,11722
747,Margret,Barnett,NA,margret.barnett@gmail.com,7509 Depot Rd.,Forney,TX,75126
748,Oliva,Blackwell,NA,oliva.blackwell@hotmail.com,54 Ramblewood St.,Elmhurst,NY,11373
749,Oralia,Farley,NA,oralia.farley@hotmail.com,747B E. Coffee Street,Upland,CA,91784
750,Romaine,Salazar,NA,romaine.salazar@yahoo.com,7700 Wentworth Rd.,Monsey,NY,10952
751,Hermila,Mckay,NA,hermila.mckay@yahoo.com,23 Garfield Dr.,Coachella,CA,92236
752,Lloyd,Miranda,NA,lloyd.miranda@hotmail.com,9098 Jennings St.,Encino,CA,91316
753,Mandi,Gibbs,NA,mandi.gibbs@gmail.com,80 Sycamore Drive,East Elmhurst,NY,11369
754,Hue,May,NA,hue.may@aol.com,19 S. Lawrence Dr.,Valley Stream,NY,11580
755,Tomika,Wilder,NA,tomika.wilder@aol.com,142 South Ocean St.,New Hyde Park,NY,11040
756,Graig,Roth,NA,graig.roth@aol.com,7516 Wrangler Street,West Babylon,NY,11704
757,Lamar,Greer,NA,lamar.greer@gmail.com,7909 Golden Star Ave.,Levittown,NY,11756
758,Raymonde,Garcia,NA,raymonde.garcia@aol.com,55 NE. North St.,Queensbury,NY,12804
759,Cira,Downs,(510) 788-4456,cira.downs@gmail.com,672 Sussex Ave.,Oakland,CA,94603
760,Marisa,Chambers,NA,marisa.chambers@msn.com,15 E. Rock Creek Ave.,Amityville,NY,11701
761,Rod,Hatfield,NA,rod.hatfield@hotmail.com,7090 Bridge Dr.,Ronkonkoma,NY,11779
762,Quyen,Houston,NA,quyen.houston@gmail.com,7758 Homewood Dr.,Central Islip,NY,11722
763,Han,Schneider,NA,han.schneider@gmail.com,40 Holly Street,Elmhurst,NY,11373
764,Terrell,Mathis,NA,terrell.mathis@aol.com,9320 Center Ave.,Selden,NY,11784
765,Spring,Hayes,NA,spring.hayes@hotmail.com,8591 Wentworth St.,Ossining,NY,10562
766,Lecia,Hancock,NA,lecia.hancock@hotmail.com,9167 Pineknoll St.,Schenectady,NY,12302
767,Twana,Arnold,(657) 988-1904,twana.arnold@msn.com,47 North Fairground Lane,Anaheim,CA,92806
768,Yvone,Yates,NA,yvone.yates@gmail.com,9269 Blue Spring Ave.,San Pablo,CA,94806
769,Agatha,Melton,NA,agatha.melton@yahoo.com,89 East Illinois Street,Springfield Gardens,NY,11413
770,Lavonda,Stephenson,NA,lavonda.stephenson@gmail.com,37 Birchwood Dr.,Bay Shore,NY,11706
771,Agnes,Sims,(716) 780-9901,agnes.sims@aol.com,170 Queen Lane,Buffalo,NY,14215
772,Latricia,Lindsey,NA,latricia.lindsey@hotmail.com,288 Campfire Dr.,Yorktown Heights,NY,10598
773,Yolando,Wade,NA,yolando.wade@hotmail.com,310 Wilson Ave.,Massapequa,NY,11758
774,Nenita,Mooney,NA,nenita.mooney@hotmail.com,10 W. Bishop Street,Lawndale,CA,90260
775,Kermit,Hyde,NA,kermit.hyde@hotmail.com,87 SE. Carson St.,Patchogue,NY,11772
776,Angelique,Merrill,NA,angelique.merrill@gmail.com,8490 West High Noon Ave.,South El Monte,CA,91733
777,Ilda,Roberson,NA,ilda.roberson@aol.com,8853 Lake St.,Kingston,NY,12401
778,Corrinne,Garrison,NA,corrinne.garrison@yahoo.com,81 East Glenwood Ave.,Victoria,TX,77904
779,Major,Merrill,NA,major.merrill@aol.com,78 Thatcher Court,Astoria,NY,11102
780,Ouida,Gregory,NA,ouida.gregory@aol.com,7984 8th Street,Merrick,NY,11566
781,Tajuana,Riddle,NA,tajuana.riddle@hotmail.com,24 St Margarets Ave.,Bayside,NY,11361
782,Ricki,Bullock,NA,ricki.bullock@hotmail.com,79 Pennington Rd.,Woodside,NY,11377
783,Celestine,Kent,(717) 890-4260,celestine.kent@aol.com,697 Fordham Street,Lancaster,NY,14086
784,Debbra,Jacobson,NA,debbra.jacobson@yahoo.com,8316 West Bedford Ave.,Ballston Spa,NY,12020
785,Kandis,Mills,NA,kandis.mills@hotmail.com,64 Beechwood Drive,Hamburg,NY,14075
786,Wallace,Lane,NA,wallace.lane@aol.com,901 Liberty St.,South Richmond Hill,NY,11419
787,Malisa,Mitchell,NA,malisa.mitchell@msn.com,87 Ridgewood Court,Mount Vernon,NY,10550
788,Lilliam,Nolan,NA,lilliam.nolan@msn.com,8976 Berkshire Court,Copperas Cove,TX,76522
789,Tad,Gardner,NA,tad.gardner@hotmail.com,9745 E. Wilson St.,Niagara Falls,NY,14304
790,Petronila,Gallegos,NA,petronila.gallegos@gmail.com,8053 Aspen St.,Howard Beach,NY,11414
791,Yun,Nelson,NA,yun.nelson@hotmail.com,529 Durham Street,Ballston Spa,NY,12020
792,Edgar,Horn,NA,edgar.horn@aol.com,7270 W. Cherry Hill Lane,West Babylon,NY,11704
793,Chantay,Maynard,NA,chantay.maynard@gmail.com,7483 1st Ave.,Elmhurst,NY,11373
794,Donette,Mccarthy,NA,donette.mccarthy@yahoo.com,500 NW. Maiden Dr.,Redondo Beach,CA,90278
795,Mariam,Miranda,NA,mariam.miranda@aol.com,18 East Washington Avenue,Franklin Square,NY,11010
796,Rosalie,Coffey,NA,rosalie.coffey@gmail.com,789 Amerige Dr.,Upland,CA,91784
797,Cathey,Lamb,NA,cathey.lamb@msn.com,9621 Ryan Drive,Bayside,NY,11361
798,Alyse,Jacobson,NA,alyse.jacobson@yahoo.com,10 West Devon Lane,Massapequa Park,NY,11762
799,India,Barron,NA,india.barron@msn.com,834 W. Pleasant Rd.,Huntington,NY,11743
800,Cris,Dunn,NA,cris.dunn@yahoo.com,1 Pawnee Street,Pittsford,NY,14534
801,Ophelia,Rodgers,NA,ophelia.rodgers@gmail.com,133 Joy Ridge Drive,Hopewell Junction,NY,12533
802,Barrett,Sanders,NA,barrett.sanders@aol.com,32 Hawthorne St.,Longview,TX,75604
803,Bernardina,Cooper,NA,bernardina.cooper@msn.com,223 Glen Creek Ave.,Whitestone,NY,11357
804,Douglas,Richards,NA,douglas.richards@hotmail.com,221 Arcadia Lane,Valley Stream,NY,11580
805,Phillis,Fowler,NA,phillis.fowler@aol.com,8976 N. Hall Street,Clifton Park,NY,12065
806,Reyes,Merritt,NA,reyes.merritt@yahoo.com,48 Lexington Rd.,Staten Island,NY,10301
807,Nathalie,Knowles,NA,nathalie.knowles@aol.com,4 Cactus Street,West Islip,NY,11795
808,Vallie,Dixon,NA,vallie.dixon@yahoo.com,85 E. Ann Drive,Rowlett,TX,75088
809,Elnora,Simpson,NA,elnora.simpson@yahoo.com,7157 Shore Ave.,Bellmore,NY,11710
810,Ivelisse,Nixon,(281) 941-4933,ivelisse.nixon@aol.com,782 Boston Ave.,Houston,TX,77016
811,Shanti,Johnston,NA,shanti.johnston@gmail.com,722 Alderwood Drive,Staten Island,NY,10301
812,Martha,Burgess,NA,martha.burgess@msn.com,9631 St Margarets Lane,Woodhaven,NY,11421
813,Neville,Mcclain,NA,neville.mcclain@yahoo.com,781 Buttonwood Ave.,West Hempstead,NY,11552
814,Ghislaine,Compton,NA,ghislaine.compton@aol.com,8930 Princess St.,Lindenhurst,NY,11757
815,Leanna,Manning,NA,leanna.manning@yahoo.com,39 E. Stillwater Ave.,Hicksville,NY,11801
816,Marshall,Johnson,NA,marshall.johnson@yahoo.com,44 Greenview St.,Vista,CA,92083
817,Zelda,Pratt,(717) 428-4018,zelda.pratt@gmail.com,74 Trusel Drive,Lancaster,NY,14086
818,Joel,Wynn,(619) 210-6032,joel.wynn@aol.com,7 North Oak Ave.,San Diego,CA,92111
819,Yahaira,Robertson,NA,yahaira.robertson@yahoo.com,142 Roehampton Dr.,Endicott,NY,13760
820,Sandy,Mills,NA,sandy.mills@gmail.com,333 Olive Ave.,Schenectady,NY,12302
821,Cassidy,Clark,NA,cassidy.clark@hotmail.com,9879 Old Kingston Road,Astoria,NY,11102
822,Kristy,Watkins,NA,kristy.watkins@gmail.com,977 South Brook Ave.,Howard Beach,NY,11414
823,Tina,Bush,NA,tina.bush@aol.com,8038 Bellevue Street,Maspeth,NY,11378
824,Veronika,Rollins,NA,veronika.rollins@yahoo.com,94 Arnold Ave.,Webster,NY,14580
825,Kristel,Byrd,NA,kristel.byrd@hotmail.com,9967 Piper Street,Hicksville,NY,11801
826,Shay,Stephenson,NA,shay.stephenson@aol.com,9569 4th Lane,Smithtown,NY,11787
827,George,Pickett,NA,george.pickett@msn.com,691 Rocky River St.,Sunnyside,NY,11104
828,Renato,Morton,NA,renato.morton@msn.com,8526 Sherwood Street,Mount Vernon,NY,10550
829,Marcy,Rodriguez,NA,marcy.rodriguez@gmail.com,97 Trusel Drive,Lockport,NY,14094
830,Edmund,Gaines,NA,edmund.gaines@gmail.com,8643 Gartner St.,Copperas Cove,TX,76522
831,Lory,Berg,NA,lory.berg@aol.com,64 Vine Drive,Oswego,NY,13126
832,Pamala,Fowler,NA,pamala.fowler@gmail.com,399 Leatherwood St.,Ballston Spa,NY,12020
833,Leone,Emerson,NA,leone.emerson@msn.com,460 Smith Store Ave.,Whitestone,NY,11357
834,Brain,Skinner,NA,brain.skinner@hotmail.com,8676 Ketch Harbour Ave.,Euless,TX,76039
835,Roseanne,Maynard,NA,roseanne.maynard@yahoo.com,219 Old Paris Hill Dr.,Euless,TX,76039
836,Corinna,Adams,NA,corinna.adams@msn.com,38 Trenton Court,Rosedale,NY,11422
837,Kellye,Campbell,NA,kellye.campbell@gmail.com,75 Marsh St.,Baldwinsville,NY,13027
838,Erna,Sloan,NA,erna.sloan@aol.com,9449 Fifth Avenue,Howard Beach,NY,11414
839,Carolann,Russell,NA,carolann.russell@hotmail.com,9308 Selby Ave.,Glen Cove,NY,11542
840,Gilbert,Calhoun,NA,gilbert.calhoun@msn.com,7339 Summer Drive,East Elmhurst,NY,11369
841,Manie,Maxwell,NA,manie.maxwell@gmail.com,85 Brickell Ave.,Ronkonkoma,NY,11779
842,Giselle,Robles,NA,giselle.robles@hotmail.com,9747 N. El Dorado Dr.,San Angelo,TX,76901
843,Tessie,Farmer,NA,tessie.farmer@msn.com,870 Cottage Ave.,Plattsburgh,NY,12901
844,Felica,Munoz,NA,felica.munoz@aol.com,24 West Rockwell Dr.,South Ozone Park,NY,11420
845,Kathyrn,Bush,NA,kathyrn.bush@gmail.com,90 Devon St.,Bronx,NY,10451
846,Sylvester,Chan,NA,sylvester.chan@hotmail.com,659 Arcadia Street,Rocklin,CA,95677
847,Lizette,Ellison,NA,lizette.ellison@hotmail.com,865 Sunbeam Street,Port Washington,NY,11050
848,Ernestina,Skinner,NA,ernestina.skinner@hotmail.com,52 Spring Drive,Elmhurst,NY,11373
849,Phyllis,Hill,NA,phyllis.hill@yahoo.com,576 Devon Ave.,Syosset,NY,11791
850,Stephanie,Browning,NA,stephanie.browning@yahoo.com,9156 Lantern St.,Rowlett,TX,75088
851,Arlena,Buckner,NA,arlena.buckner@hotmail.com,629 Locust Ave.,New Hyde Park,NY,11040
852,Lezlie,Thompson,NA,lezlie.thompson@yahoo.com,73 Vernon St.,Freeport,NY,11520
853,Brittney,Rojas,NA,brittney.rojas@aol.com,2 E. Overlook Ave.,Kingston,NY,12401
854,Phylis,Adkins,(212) 325-9145,phylis.adkins@msn.com,7781 James Ave.,New York,NY,10002
855,Lean,Stark,NA,lean.stark@msn.com,215 Old Pumpkin Hill St.,Upland,CA,91784
856,Lara,Guy,NA,lara.guy@aol.com,9809 E. Walnut Drive,Ronkonkoma,NY,11779
857,Inga,Koch,NA,inga.koch@msn.com,8445 South New Court,New Windsor,NY,12553
858,Klara,Kim,NA,klara.kim@gmail.com,9660 Sherman Lane,Rome,NY,13440
859,Julianne,Shannon,NA,julianne.shannon@hotmail.com,28 Applegate Street,Sugar Land,TX,77478
860,Loni,Mullen,NA,loni.mullen@msn.com,55 Thompson Avenue,South Ozone Park,NY,11420
861,Olympia,Figueroa,NA,olympia.figueroa@hotmail.com,587 Surrey St.,Hopewell Junction,NY,12533
862,Mellie,Puckett,NA,mellie.puckett@yahoo.com,64 Van Dyke St.,Fresh Meadows,NY,11365
863,Shonta,Preston,NA,shonta.preston@msn.com,74 Division St.,Utica,NY,13501
864,Lore,Sykes,(716) 382-5169,lore.sykes@aol.com,7050 Beach Drive,Buffalo,NY,14215
865,Julia,Joyner,NA,julia.joyner@msn.com,2 Valley View Dr.,Astoria,NY,11102
866,Lynwood,Jackson,NA,lynwood.jackson@aol.com,9449 Linda Street,Longview,TX,75604
867,Rosalva,Hamilton,NA,rosalva.hamilton@aol.com,9883 Cedar Dr.,Campbell,CA,95008
868,Domingo,Casey,(408) 761-9212,domingo.casey@msn.com,8665 Cypress Street,San Jose,CA,95127
869,Rodrigo,Durham,NA,rodrigo.durham@aol.com,82 Old Church Road,Richmond Hill,NY,11418
870,Dwain,Carlson,NA,dwain.carlson@gmail.com,951 North Trusel Ave.,Smithtown,NY,11787
871,Erlinda,Humphrey,NA,erlinda.humphrey@hotmail.com,532 South Victoria St.,New Windsor,NY,12553
872,Silas,Tate,(361) 219-2149,silas.tate@yahoo.com,9754 53rd Court,Corpus Christi,TX,78418
873,Patience,Clayton,NA,patience.clayton@hotmail.com,68 Chestnut Dr.,Niagara Falls,NY,14304
874,Mila,Good,NA,mila.good@yahoo.com,812 East Longbranch Ave.,Plattsburgh,NY,12901
875,Tanesha,Sawyer,NA,tanesha.sawyer@aol.com,9B Kingston Lane,Rosedale,NY,11422
876,Onita,Macdonald,NA,onita.macdonald@yahoo.com,94 Wood St.,Glen Cove,NY,11542
877,Janine,Manning,NA,janine.manning@gmail.com,9118B Campfire St.,Howard Beach,NY,11414
878,Melodie,Melton,NA,melodie.melton@yahoo.com,12 S. 8th Road,Smithtown,NY,11787
879,Ethelyn,Ray,NA,ethelyn.ray@yahoo.com,80 South Sutor Lane,Garden City,NY,11530
880,Phebe,Turner,NA,phebe.turner@aol.com,4 West York Street,Sunnyside,NY,11104
881,Chloe,Patel,NA,chloe.patel@yahoo.com,407 Homewood Street,Santa Monica,CA,90403
882,Hilda,Harvey,NA,hilda.harvey@gmail.com,9808 W. Cleveland Ave.,Ballston Spa,NY,12020
883,Gilberte,Duke,(915) 903-7860,gilberte.duke@gmail.com,12 Birchwood Dr.,El Paso,TX,79930
884,Willian,Hardin,NA,willian.hardin@msn.com,836 West Street,Oswego,NY,13126
885,Janna,Hayden,NA,janna.hayden@msn.com,32 Hilldale Street,Longview,TX,75604
886,Letisha,May,NA,letisha.may@yahoo.com,9965 Princeton Lane,North Tonawanda,NY,14120
887,Graig,Cannon,NA,graig.cannon@gmail.com,36 Oklahoma Ave.,Syosset,NY,11791
888,Coleen,Navarro,NA,coleen.navarro@aol.com,990 Broad Rd.,Webster,NY,14580
889,Lucilla,Williams,NA,lucilla.williams@hotmail.com,42 Cedar Street,San Carlos,CA,94070
890,Rosanne,George,NA,rosanne.george@yahoo.com,38 Pleasant St.,Ossining,NY,10562
891,Ashlie,Parrish,NA,ashlie.parrish@hotmail.com,48 Mill Drive,Monsey,NY,10952
892,Alissa,Craft,NA,alissa.craft@hotmail.com,249 Maple Street,Ossining,NY,10562
893,Letty,Cobb,NA,letty.cobb@msn.com,8652 Wellington Street,Depew,NY,14043
894,Nathaniel,Richard,NA,nathaniel.richard@gmail.com,3 Nicolls Lane,New Windsor,NY,12553
895,Elaina,Key,NA,elaina.key@msn.com,1 Main St.,Plainview,NY,11803
896,Stefani,Gamble,(845) 724-2996,stefani.gamble@aol.com,9119 W. Victoria St.,New City,NY,10956
897,Bettyann,Acosta,(717) 746-6658,bettyann.acosta@gmail.com,7949 Chapel St.,Lancaster,NY,14086
898,Crysta,Velez,(281) 529-3469,crysta.velez@yahoo.com,64 South Front Street,Houston,TX,77016
899,Carisa,Carpenter,NA,carisa.carpenter@hotmail.com,551 Belmont Lane,Victoria,TX,77904
900,Jule,Davenport,NA,jule.davenport@aol.com,19 River St.,San Carlos,CA,94070
901,Lonna,Franks,NA,lonna.franks@yahoo.com,667 Brickyard Street,Ontario,CA,91762
902,Elease,Dejesus,NA,elease.dejesus@gmail.com,7800 Magnolia Street,Oswego,NY,13126
903,Maira,Long,NA,maira.long@msn.com,7587 Bear Hill Street,Hicksville,NY,11801
904,Jana,Thomas,(408) 624-8137,jana.thomas@yahoo.com,283 E. Spring Dr.,San Jose,CA,95127
905,Hae,Ramirez,NA,hae.ramirez@hotmail.com,9367 Lake Street,Baldwinsville,NY,13027
906,Erik,Leblanc,NA,erik.leblanc@aol.com,7 East Nut Swamp Street,Sugar Land,TX,77478
907,Daina,Sampson,NA,daina.sampson@msn.com,556 Wellington St.,Longview,TX,75604
908,Delmar,Wise,NA,delmar.wise@yahoo.com,8355 Kingston Avenue,Lockport,NY,14094
909,Alita,Salinas,NA,alita.salinas@hotmail.com,8550 Bear Hill Ave.,Uniondale,NY,11553
910,Elenore,William,NA,elenore.william@msn.com,23 Rockland St.,Mcallen,TX,78501
911,Nikita,Roy,NA,nikita.roy@aol.com,9703 N. Snake Hill St.,Pittsford,NY,14534
912,Inocencia,Key,NA,inocencia.key@hotmail.com,36 Wild Rose Ave.,Massapequa Park,NY,11762
913,Liliana,Kerr,NA,liliana.kerr@yahoo.com,3 Cherry Drive,Desoto,TX,75115
914,Hortencia,O'neil,NA,hortencia.o'neil@hotmail.com,1 Gulf Rd.,Rockville Centre,NY,11570
915,Beryl,Bennett,(916) 422-6956,beryl.bennett@aol.com,9563 Edgemont St.,Sacramento,CA,95820
916,Alishia,Elliott,NA,alishia.elliott@aol.com,8905 Courtland Ave.,Mount Vernon,NY,10550
917,Vernia,Madden,(248) 206-3697,vernia.madden@aol.com,5 Iroquois Street,Troy,NY,12180
918,Kristel,Bullock,NA,kristel.bullock@yahoo.com,7292 Armstrong Drive,Smithtown,NY,11787
919,Ruthanne,Hoover,NA,ruthanne.hoover@aol.com,835 Paris Hill Road,Torrance,CA,90505
920,James,Robles,NA,james.robles@aol.com,9 Chapel Lane,North Tonawanda,NY,14120
921,Evelin,Vargas,NA,evelin.vargas@msn.com,7049 Pin Oak Ave.,Webster,NY,14580
922,Elvia,Cardenas,NA,elvia.cardenas@hotmail.com,8 Paris Hill St.,Massapequa,NY,11758
923,Randee,Pitts,NA,randee.pitts@msn.com,7371B Essex Street,Canyon Country,CA,91387
924,Lea,Irwin,NA,lea.irwin@gmail.com,845 Adams Lane,New Windsor,NY,12553
925,Bryce,Monroe,NA,bryce.monroe@aol.com,52 Cooper Lane,Kingston,NY,12401
926,Katina,Mcintosh,(661) 464-1523,katina.mcintosh@yahoo.com,263 Swanson Dr.,Bakersfield,CA,93306
927,Guillermo,Hart,(212) 652-7198,guillermo.hart@hotmail.com,81 Indian Summer Drive,New York,NY,10002
928,Joann,Barber,NA,joann.barber@gmail.com,8945 Courtland Street,Santa Monica,CA,90403
929,Thurman,Ellis,NA,thurman.ellis@gmail.com,20 Augusta Road,Pleasanton,CA,94566
930,Delana,Wagner,NA,delana.wagner@aol.com,8499 Mill Pond Road,Clifton Park,NY,12065
931,Porter,Bass,NA,porter.bass@hotmail.com,370 North Alderwood Dr.,San Angelo,TX,76901
932,Yvonne,Bean,NA,yvonne.bean@yahoo.com,20 W. Marsh Ave.,Wappingers Falls,NY,12590
933,Lurline,Rivers,NA,lurline.rivers@msn.com,69 Pine Street,Howard Beach,NY,11414
934,Ocie,Slater,NA,ocie.slater@msn.com,7799 W. Bohemia Dr.,Hamburg,NY,14075
935,Genevie,Miles,NA,genevie.miles@aol.com,45 West Sulphur Springs Ave.,Monroe,NY,10950
936,Sherilyn,Wilcox,NA,sherilyn.wilcox@gmail.com,905 North Buckingham Lane,Ossining,NY,10562
937,Aida,Koch,NA,aida.koch@gmail.com,9778 3rd Drive,West Hempstead,NY,11552
938,Emory,O'connor,(507) 606-2192,emory.o'connor@gmail.com,34 Foxrun Street,Rochester,NY,14606
939,Maximina,Hutchinson,(361) 164-3098,maximina.hutchinson@hotmail.com,53 Stillwater Avenue,Corpus Christi,TX,78418
940,Marina,Hinton,NA,marina.hinton@yahoo.com,7440 North Oxford St.,Encino,CA,91316
941,Danyell,Dickerson,NA,danyell.dickerson@msn.com,8306 Fieldstone Dr.,Central Islip,NY,11722
942,Davis,Long,(717) 653-1755,davis.long@msn.com,929 Elmwood Dr.,Lancaster,NY,14086
943,Lynn,Mcmahon,NA,lynn.mcmahon@msn.com,9 Surrey St.,Scarsdale,NY,10583
944,Tonja,Henderson,NA,tonja.henderson@aol.com,82 Alton St.,Scarsdale,NY,10583
945,Krissy,Ochoa,NA,krissy.ochoa@msn.com,80 Queen Ave.,Port Washington,NY,11050
946,Angella,Bridges,NA,angella.bridges@yahoo.com,8708 Sycamore St.,Pittsford,NY,14534
947,Angele,Castro,NA,angele.castro@yahoo.com,15 Acacia Drive,Palos Verdes Peninsula,CA,90274
948,Siobhan,Lang,NA,siobhan.lang@gmail.com,3 Monroe Lane,Levittown,NY,11756
949,Venessa,Frost,NA,venessa.frost@msn.com,621 West School Rd.,Scarsdale,NY,10583
950,Verna,Solis,(507) 115-1633,verna.solis@yahoo.com,7 Lincoln Lane,Rochester,NY,14606
951,Steve,Bender,NA,steve.bender@gmail.com,908 N. Pennington Dr.,Scarsdale,NY,10583
952,Aileen,Marquez,NA,aileen.marquez@msn.com,8899 Newbridge Street,Torrance,CA,90505
953,Kattie,Stevenson,NA,kattie.stevenson@aol.com,52 Carson Street,Helotes,TX,78023
954,Hassan,Nash,NA,hassan.nash@yahoo.com,8105 University Lane,Hicksville,NY,11801
955,Delfina,Gilliam,NA,delfina.gilliam@hotmail.com,9463 Bayberry Rd.,West Babylon,NY,11704
956,Venus,Hewitt,NA,venus.hewitt@msn.com,9835 Old Cemetery Lane,Farmingdale,NY,11735
957,Stephen,Vega,(657) 288-3778,stephen.vega@msn.com,5 Briarwood St.,Anaheim,CA,92806
958,Ciera,Koch,NA,ciera.koch@gmail.com,881 Lawrence Drive,Euless,TX,76039
959,Christel,Barber,(916) 679-3547,christel.barber@hotmail.com,320 Briarwood Lane,Sacramento,CA,95820
960,Arline,Lawson,(516) 792-3395,arline.lawson@gmail.com,48 Whitemarsh Lane,Hempstead,NY,11550
961,Iva,Wilcox,NA,iva.wilcox@aol.com,452 South Mayflower Drive,Kingston,NY,12401
962,Maple,Griffin,NA,maple.griffin@gmail.com,20 Glendale Drive,Copperas Cove,TX,76522
963,Anisha,Lang,NA,anisha.lang@aol.com,265 Peachtree St.,Rome,NY,13440
964,Brent,Calderon,(361) 981-8725,brent.calderon@aol.com,3 Thomas St.,Corpus Christi,TX,78418
965,Margit,Osborn,NA,margit.osborn@yahoo.com,909 Gulf Drive,Plainview,NY,11803
966,Novella,Patel,NA,novella.patel@gmail.com,500 Livingston Street,Glen Cove,NY,11542
967,Laurette,Hebert,NA,laurette.hebert@msn.com,18 South Constitution Court,Canandaigua,NY,14424
968,Jonna,Brown,NA,jonna.brown@aol.com,1 Spring Drive,Mahopac,NY,10541
969,Jennell,Solis,(507) 421-7354,jennell.solis@hotmail.com,194 2nd Rd.,Rochester,NY,14606
970,Ruth,Horton,NA,ruth.horton@gmail.com,488 Mulberry Ave.,Hollis,NY,11423
971,Samual,Warner,(631) 151-4988,samual.warner@gmail.com,8735 Thatcher Dr.,Brentwood,NY,11717
972,Damian,Mills,(562) 924-3079,damian.mills@yahoo.com,7747 Elm Dr.,Long Beach,NY,11561
973,Margaretta,Clayton,NA,margaretta.clayton@yahoo.com,524 San Pablo Ave.,Ridgecrest,CA,93555
974,Marcell,Barrett,NA,marcell.barrett@gmail.com,266 Elm Drive,Astoria,NY,11102
975,Annis,Sanchez,(424) 352-6275,annis.sanchez@aol.com,4 Edgewater Road,Los Angeles,CA,90008
976,Ayanna,Cherry,NA,ayanna.cherry@yahoo.com,8829 Galvin Rd.,Smithtown,NY,11787
977,Barton,Cox,NA,barton.cox@yahoo.com,8220 Creekside Street,Amityville,NY,11701
978,Diana,Reyes,NA,diana.reyes@msn.com,7415 Annadale St.,Bronx,NY,10451
979,Ingeborg,Ellison,NA,ingeborg.ellison@yahoo.com,360 Trusel St.,Ithaca,NY,14850
980,Carter,Booth,NA,carter.booth@msn.com,82 Beech Drive,Port Chester,NY,10573
981,Christel,Cardenas,(562) 342-8083,christel.cardenas@aol.com,428 S. Swanson Drive,Long Beach,NY,11561
982,Orval,Hunter,NA,orval.hunter@aol.com,35 Wagon Drive,San Angelo,TX,76901
983,Marguerite,Berger,NA,marguerite.berger@aol.com,875 Arch Lane,Fullerton,CA,92831
984,Ivette,Warren,NA,ivette.warren@gmail.com,8408 Thomas Street,Franklin Square,NY,11010
985,Milagros,Weber,NA,milagros.weber@hotmail.com,7591 Glendale Ave.,Harlingen,TX,78552
986,Marcel,Lindsay,NA,marcel.lindsay@hotmail.com,249 Peninsula St.,Ossining,NY,10562
987,Louis,Powell,NA,louis.powell@aol.com,368 Sugar Rd.,Staten Island,NY,10301
988,Vanda,Holmes,NA,vanda.holmes@aol.com,9835 Wild Rose Drive,Syosset,NY,11791
989,Loreen,Byers,NA,loreen.byers@yahoo.com,83 S. Rockledge Circle,South Ozone Park,NY,11420
990,Casimira,Chapman,NA,casimira.chapman@yahoo.com,67 Snake Hill St.,Monroe,NY,10950
991,Brigida,Larson,NA,brigida.larson@hotmail.com,8789 Sycamore Lane,Canyon Country,CA,91387
992,Chere,Alston,NA,chere.alston@gmail.com,16 Lower River Street,Patchogue,NY,11772
993,Giovanna,Jefferson,NA,giovanna.jefferson@gmail.com,9394 Riverside St.,Ridgecrest,CA,93555
994,Demarcus,Reese,NA,demarcus.reese@gmail.com,8087 Armstrong Dr.,Yorktown Heights,NY,10598
995,Amina,Salazar,NA,amina.salazar@aol.com,944 Wellington Street,Canandaigua,NY,14424
996,Serafina,Clemons,NA,serafina.clemons@gmail.com,851 Brown Ave.,Shirley,NY,11967
997,Trinidad,Mcclain,NA,trinidad.mcclain@msn.com,98 Tunnel Drive,Baldwin,NY,11510
998,Heather,Chaney,NA,heather.chaney@yahoo.com,4 Morris Dr.,Jamestown,NY,14701
999,Latoya,Johns,NA,latoya.johns@hotmail.com,7914 W. Woodsman St.,Ballston Spa,NY,12020
1000,Shiloh,Reeves,NA,shiloh.reeves@msn.com,818 Kirkland Lane,West Babylon,NY,11704
1001,Lee,Roman,(631) 913-6967,lee.roman@gmail.com,4 Canal Ave.,Brentwood,NY,11717
1002,Cami,Williamson,NA,cami.williamson@hotmail.com,9511A Windsor Drive,Massapequa,NY,11758
1003,Sharell,Ross,NA,sharell.ross@msn.com,7830 Devonshire Ave.,Vista,CA,92083
1004,Jerald,Blackwell,NA,jerald.blackwell@hotmail.com,8364 South Wakehurst Ave.,East Elmhurst,NY,11369
1005,Ruthanne,Franco,NA,ruthanne.franco@yahoo.com,61 Applegate St.,Astoria,NY,11102
1006,Marjory,Leonard,NA,marjory.leonard@msn.com,800 Greystone Lane,Apple Valley,CA,92307
1007,Jimmy,Russell,NA,jimmy.russell@hotmail.com,33 Iroquois Ave.,Howard Beach,NY,11414
1008,Berneice,Pollard,NA,berneice.pollard@hotmail.com,607 Bohemia Street,Forney,TX,75126
1009,Deangelo,Cooley,NA,deangelo.cooley@aol.com,3 NE. Edgewood Rd.,Rosedale,NY,11422
1010,Katia,Henry,NA,katia.henry@msn.com,69 E. Columbia Ave.,Bethpage,NY,11714
1011,Sebrina,Gross,NA,sebrina.gross@yahoo.com,993 Glendale Drive,Garland,TX,75043
1012,Josephine,Dale,NA,josephine.dale@aol.com,8214 West Drive,Baldwinsville,NY,13027
1013,Alma,Peck,NA,alma.peck@aol.com,298 South Bay Meadows Drive,Corona,NY,11368
1014,Ling,Newman,NA,ling.newman@msn.com,832 Spring Road,South Richmond Hill,NY,11419
1015,Nichelle,Rosario,NA,nichelle.rosario@hotmail.com,709 Dunbar Ave.,Garden City,NY,11530
1016,Shenna,Benton,(212) 578-2912,shenna.benton@msn.com,57 Shadow Brook Road,New York,NY,10002
1017,Philip,Bryan,(510) 533-4262,philip.bryan@hotmail.com,914 Devonshire Court,Oakland,CA,94603
1018,Carita,Salinas,NA,carita.salinas@yahoo.com,90 Griffin Street,Maspeth,NY,11378
1019,Janie,Herrera,NA,janie.herrera@gmail.com,652 Westport Street,Elmhurst,NY,11373
1020,Lorraine,Marks,NA,lorraine.marks@msn.com,160 North Pearl Street,San Carlos,CA,94070
1021,Nicolas,Carlson,NA,nicolas.carlson@yahoo.com,7899 Spruce Street,Saint Albans,NY,11412
1022,Hye,Mercer,NA,hye.mercer@gmail.com,9681 Redwood St.,Mahopac,NY,10541
1023,Adena,Blake,NA,adena.blake@hotmail.com,684 Westport Drive,Ballston Spa,NY,12020
1024,Coleman,Boyd,(915) 607-6336,coleman.boyd@yahoo.com,9740 Bay Meadows Drive,El Paso,TX,79930
1025,Daphine,Willis,NA,daphine.willis@msn.com,152 Shady St.,Farmingdale,NY,11735
1026,Jenine,Dawson,NA,jenine.dawson@msn.com,17 Park Street,Endicott,NY,13760
1027,Shanita,Wiley,NA,shanita.wiley@yahoo.com,121 Bridge Lane,Saint Albans,NY,11412
1028,Shanna,Bonner,NA,shanna.bonner@msn.com,386 Lafayette Road,Canandaigua,NY,14424
1029,Ping,Quinn,NA,ping.quinn@gmail.com,9051 Hanover Dr.,Rowlett,TX,75088
1030,Saran,Moses,NA,saran.moses@yahoo.com,94 Hall Dr.,Brooklyn,NY,11201
1031,Tonja,Bean,NA,tonja.bean@aol.com,9 Middle River St.,Fairport,NY,14450
1032,Vernon,Knowles,NA,vernon.knowles@yahoo.com,5 Olive Lane,Huntington Station,NY,11746
1033,Jeannette,Skinner,NA,jeannette.skinner@yahoo.com,8886 High Point Drive,Forest Hills,NY,11375
1034,Rico,Salas,NA,rico.salas@msn.com,8041 Walt Whitman St.,Centereach,NY,11720
1035,Tangela,Hurley,NA,tangela.hurley@msn.com,49 North Cross St.,Campbell,CA,95008
1036,Randee,Lester,NA,randee.lester@gmail.com,81 Bear Hill Street,Centereach,NY,11720
1037,Ashanti,Hammond,NA,ashanti.hammond@msn.com,9202 W. Lyme Ave.,Nanuet,NY,10954
1038,Garry,Juarez,NA,garry.juarez@hotmail.com,670 Nut Swamp Drive,Forest Hills,NY,11375
1039,Bee,Baker,NA,bee.baker@aol.com,307 E. Magnolia St.,Liverpool,NY,13090
1040,Shantae,Hammond,NA,shantae.hammond@hotmail.com,526 Harvard Drive,Victoria,TX,77904
1041,Bettye,Espinoza,NA,bettye.espinoza@yahoo.com,76 Rockwell Street,Oswego,NY,13126
1042,Larissa,Hays,NA,larissa.hays@aol.com,66 2nd Drive,Elmont,NY,11003
1043,Diane,Jones,NA,diane.jones@gmail.com,859 Prince St.,Fresh Meadows,NY,11365
1044,Zenia,Bruce,NA,zenia.bruce@aol.com,349 James Road,Rosedale,NY,11422
1045,Pasquale,Hogan,NA,pasquale.hogan@aol.com,403 Bank St.,Vista,CA,92083
1046,Dane,Mcdaniel,NA,dane.mcdaniel@hotmail.com,891 Court Ave.,Canandaigua,NY,14424
1047,Jamaal,Baker,NA,jamaal.baker@hotmail.com,186 Big Rock Cove Ave.,Elmhurst,NY,11373
1048,Ji,Burt,NA,ji.burt@hotmail.com,40 S. Roberts Street,Apple Valley,CA,92307
1049,Marcelino,Mcbride,NA,marcelino.mcbride@hotmail.com,29 Oxford Ave.,Clifton Park,NY,12065
1050,Rozella,Fitzgerald,NA,rozella.fitzgerald@yahoo.com,7795 Myers Ave.,Shirley,NY,11967
1051,Tonisha,Fowler,NA,tonisha.fowler@msn.com,9270 Valley View Lane,Huntington Station,NY,11746
1052,Zora,Ford,(916) 192-3196,zora.ford@gmail.com,7416 La Sierra Dr.,Sacramento,CA,95820
1053,Parthenia,Figueroa,NA,parthenia.figueroa@msn.com,550 Theatre Dr.,Mahopac,NY,10541
1054,Arielle,Levine,NA,arielle.levine@yahoo.com,7100 High Ridge St.,Garland,TX,75043
1055,Hildegarde,Christensen,NA,hildegarde.christensen@hotmail.com,488 East Mill Pond Ave.,Maspeth,NY,11378
1056,Rebbecca,Espinoza,NA,rebbecca.espinoza@hotmail.com,8266 Valley Farms Road,Mount Vernon,NY,10550
1057,Conchita,Boone,NA,conchita.boone@gmail.com,814 Birchpond Lane,Mount Vernon,NY,10550
1058,Aisha,Woods,NA,aisha.woods@gmail.com,9292 Bear Hill Ave.,Webster,NY,14580
1059,Season,Harvey,NA,season.harvey@yahoo.com,388 Arnold Court,East Northport,NY,11731
1060,Tommie,Cooley,(717) 634-4113,tommie.cooley@yahoo.com,92 Hickory St.,Lancaster,NY,14086
1061,Alanna,Barry,NA,alanna.barry@yahoo.com,33 Laurel Avenue,Euless,TX,76039
1062,Jerri,Guthrie,NA,jerri.guthrie@msn.com,95 Sugar Dr.,Carmel,NY,10512
1063,Tammy,Austin,NA,tammy.austin@yahoo.com,182 Stillwater Ave.,Lake Jackson,TX,77566
1064,Patsy,Russo,NA,patsy.russo@gmail.com,8438 Fairway Avenue,Rowlett,TX,75088
1065,Desiree,Branch,NA,desiree.branch@msn.com,67 Bayport Drive,San Lorenzo,CA,94580
1066,Raeann,Duncan,(657) 256-2008,raeann.duncan@aol.com,126 Edgewood St.,Anaheim,CA,92806
1067,Lillia,Gillespie,NA,lillia.gillespie@hotmail.com,382 Cardinal Dr.,Rego Park,NY,11374
1068,Doris,Kaufman,NA,doris.kaufman@gmail.com,69 Fairground Dr.,Duarte,CA,91010
1069,Rodolfo,Buck,NA,rodolfo.buck@gmail.com,8359 Brewery Street,Shirley,NY,11967
1070,Olimpia,Mays,NA,olimpia.mays@aol.com,42 Nichols Lane,Oakland Gardens,NY,11364
1071,Shemeka,Lyons,NA,shemeka.lyons@msn.com,97 South Jockey Hollow St.,Pomona,CA,91768
1072,Maryalice,Henry,NA,maryalice.henry@msn.com,85 Prince Street,Richardson,TX,75080
1073,Leeanne,Cross,NA,leeanne.cross@yahoo.com,424 Newcastle Road,Bayside,NY,11361
1074,Lanelle,Guerra,NA,lanelle.guerra@yahoo.com,989 Wrangler St.,Floral Park,NY,11001
1075,Dann,Huff,NA,dann.huff@gmail.com,475 S. Rockville St.,Huntington Station,NY,11746
1076,Sherise,Mercer,NA,sherise.mercer@gmail.com,9401 Catherine Dr.,Vista,CA,92083
1077,Heather,Perry,NA,heather.perry@gmail.com,982 Durham Street,Sunnyside,NY,11104
1078,Theresia,Barron,NA,theresia.barron@aol.com,951 Wild Rose Street,Forest Hills,NY,11375
1079,Cindi,Ellis,NA,cindi.ellis@yahoo.com,6 Cypress Lane,Floral Park,NY,11001
1080,Mirella,Duffy,NA,mirella.duffy@yahoo.com,43 University Ave.,Longview,TX,75604
1081,Carson,Macias,NA,carson.macias@gmail.com,7 Pennington St.,New Rochelle,NY,10801
1082,Divina,Madden,(562) 264-3998,divina.madden@gmail.com,7314 Armstrong St.,Long Beach,NY,11561
1083,Cher,Alston,NA,cher.alston@msn.com,38 Wild Horse Road,Wantagh,NY,11793
1084,Regine,Odom,NA,regine.odom@msn.com,684 N. Mayfield Ave.,Franklin Square,NY,11010
1085,Adam,Thornton,NA,adam.thornton@hotmail.com,755 East Henry Lane,Central Islip,NY,11722
1086,Cori,Schwartz,NA,cori.schwartz@msn.com,43 Lancaster Lane,Jamaica,NY,11432
1087,Willow,Gardner,NA,willow.gardner@gmail.com,57 S. Lakewood Dr.,Pleasanton,CA,94566
1088,Jane,Henderson,NA,jane.henderson@hotmail.com,46 Carson Drive,Apple Valley,CA,92307
1089,Chere,Mcfadden,NA,chere.mcfadden@yahoo.com,695 San Pablo Drive,Orchard Park,NY,14127
1090,Ira,Erickson,NA,ira.erickson@aol.com,6 Lake Forest St.,Port Jefferson Station,NY,11776
1091,Risa,Gallagher,NA,risa.gallagher@yahoo.com,8281 Edgefield Drive,Rocklin,CA,95677
1092,Lavinia,Cotton,NA,lavinia.cotton@yahoo.com,7485 Bridle Street,East Northport,NY,11731
1093,Alejandrina,Hodges,NA,alejandrina.hodges@msn.com,7598 Shadow Brook St.,Deer Park,NY,11729
1094,Keitha,Black,NA,keitha.black@yahoo.com,7670 Hilldale Ave.,Lindenhurst,NY,11757
1095,Corene,Swanson,NA,corene.swanson@aol.com,597 Lakeshore Lane,Rego Park,NY,11374
1096,Tonda,Webb,NA,tonda.webb@yahoo.com,53 SW. Edgemont Rd.,Baldwinsville,NY,13027
1097,Collen,Dennis,NA,collen.dennis@gmail.com,284 E. Mill Street,San Pablo,CA,94806
1098,Treasa,Dickerson,NA,treasa.dickerson@hotmail.com,70 W. Creekside Road,Rockville Centre,NY,11570
1099,Jewell,Reyes,NA,jewell.reyes@hotmail.com,8711 Glen Creek Drive,Jackson Heights,NY,11372
1100,Penny,Acevedo,NA,penny.acevedo@yahoo.com,318 Mulberry Drive,Ballston Spa,NY,12020
1101,Louise,Flowers,NA,louise.flowers@yahoo.com,28 N. Gregory Court,Depew,NY,14043
1102,Henrietta,Wagner,(682) 143-2224,henrietta.wagner@hotmail.com,54 Brickyard St.,Fort Worth,TX,76110
1103,Ardelia,Cooley,NA,ardelia.cooley@aol.com,59 Henry Smith St.,Canyon Country,CA,91387
1104,Khalilah,Robertson,NA,khalilah.robertson@aol.com,22 Longbranch Rd.,Spring Valley,NY,10977
1105,Armando,Black,NA,armando.black@gmail.com,8611 N. Poor House St.,Richardson,TX,75080
1106,Jerri,Henry,NA,jerri.henry@msn.com,141 N. Purple Finch Avenue,Spring Valley,NY,10977
1107,Lynda,Newman,NA,lynda.newman@msn.com,44 SW. Thomas Ave.,Saratoga Springs,NY,12866
1108,Bao,Wade,NA,bao.wade@gmail.com,7587 Church St.,Desoto,TX,75115
1109,Gussie,Harding,NA,gussie.harding@gmail.com,41 Edgefield Avenue,Deer Park,NY,11729
1110,Shirely,Cantrell,NA,shirely.cantrell@aol.com,6 Kent Street,West Hempstead,NY,11552
1111,Caroline,Jenkins,NA,caroline.jenkins@msn.com,86 River Lane,Richardson,TX,75080
1112,Hollis,Rasmussen,NA,hollis.rasmussen@yahoo.com,8949 S. Gates Road,Massapequa,NY,11758
1113,Kendra,Harrington,NA,kendra.harrington@yahoo.com,768 Cooper Street,Jamestown,NY,14701
1114,Douglass,Blankenship,(229) 891-2087,douglass.blankenship@hotmail.com,409 W. Rock Maple Lane,Albany,NY,12203
1115,Lina,Meadows,NA,lina.meadows@aol.com,7020 Ashley Rd.,Glen Cove,NY,11542
1116,Patria,Harper,NA,patria.harper@msn.com,90 Arlington St.,Astoria,NY,11102
1117,Jeffrey,Hill,NA,jeffrey.hill@gmail.com,2 Shub Farm St.,Rosedale,NY,11422
1118,Ja,Dillard,NA,ja.dillard@yahoo.com,25 Orchard St.,Canyon Country,CA,91387
1119,Tora,Dunlap,NA,tora.dunlap@hotmail.com,9903 North Halifax Ave.,Monsey,NY,10952
1120,Karole,Alvarez,NA,karole.alvarez@gmail.com,69 Woodland St.,East Northport,NY,11731
1121,Shasta,Combs,NA,shasta.combs@yahoo.com,726 James Dr.,Yorktown Heights,NY,10598
1122,Cicely,Deleon,NA,cicely.deleon@yahoo.com,751 Newbridge Ave.,Massapequa Park,NY,11762
1123,Raphael,O'neil,NA,raphael.o'neil@aol.com,762 East Lantern Dr.,Fairport,NY,14450
1124,Hubert,Reilly,NA,hubert.reilly@hotmail.com,9004 N. Lake Rd.,Amityville,NY,11701
1125,Caleb,England,NA,caleb.england@gmail.com,649 Marvon St.,Pleasanton,CA,94566
1126,Elmira,Levy,NA,elmira.levy@gmail.com,6 Columbia Dr.,Spring Valley,NY,10977
1127,Waldo,Hart,NA,waldo.hart@yahoo.com,9782 Pineknoll Lane,Queensbury,NY,12804
1128,Bea,Kane,NA,bea.kane@aol.com,398 Green Lake Ave.,Mahopac,NY,10541
1129,Gilberto,Sanders,NA,gilberto.sanders@hotmail.com,186 Roehampton Ave.,Woodside,NY,11377
1130,Benny,Bender,NA,benny.bender@aol.com,520 W. Hamilton St.,Elmont,NY,11003
1131,Desmond,Rose,NA,desmond.rose@hotmail.com,9956 Lexington Rd.,Mount Vernon,NY,10550
1132,Parthenia,Holman,NA,parthenia.holman@gmail.com,17 Orange Court,Ithaca,NY,14850
1133,Dung,King,NA,dung.king@aol.com,523 Prairie St.,West Islip,NY,11795
1134,Sherril,Alvarado,NA,sherril.alvarado@hotmail.com,9434 Cypress Court,Desoto,TX,75115
1135,Alisia,Albert,NA,alisia.albert@gmail.com,9490 Coffee St.,Garland,TX,75043
1136,Kallie,Best,(507) 997-4112,kallie.best@aol.com,9842 Fairview St.,Rochester,NY,14606
1137,Dottie,Roberts,NA,dottie.roberts@aol.com,8252 Theatre St.,Port Washington,NY,11050
1138,Hubert,Stone,NA,hubert.stone@hotmail.com,203 Penn St.,Ridgecrest,CA,93555
1139,Gabriella,Jones,NA,gabriella.jones@hotmail.com,9100 Gates Ave.,Mount Vernon,NY,10550
1140,Penney,Hall,NA,penney.hall@msn.com,8306 Jockey Hollow Street,Liverpool,NY,13090
1141,Mallie,Osborn,NA,mallie.osborn@gmail.com,9022 Bridgeton St.,Newburgh,NY,12550
1142,Britteny,Schroeder,NA,britteny.schroeder@aol.com,855 Bohemia Dr.,Pittsford,NY,14534
1143,Sommer,Hopkins,NA,sommer.hopkins@gmail.com,827 Laurel Ave.,Tonawanda,NY,14150
1144,Jewel,Sparks,NA,jewel.sparks@aol.com,12 Vine Road,Oakland Gardens,NY,11364
1145,Deandrea,Vega,(914) 818-7312,deandrea.vega@gmail.com,613 Mill Pond St.,Yonkers,NY,10701
1146,Charlsie,Carson,NA,charlsie.carson@hotmail.com,3 South Grant Avenue,Saint Albans,NY,11412
1147,Kandace,Ayers,NA,kandace.ayers@gmail.com,9005 Lookout Lane,Santa Monica,CA,90403
1148,Lenore,Valdez,NA,lenore.valdez@msn.com,829 Birchpond Street,Spring Valley,NY,10977
1149,Drucilla,Gilliam,NA,drucilla.gilliam@hotmail.com,8257 E. Westminster Ave.,Santa Clara,CA,95050
1150,Keturah,Reid,(361) 394-2024,keturah.reid@yahoo.com,747 SE. Beech Ave.,Corpus Christi,TX,78418
1151,Herminia,Reyes,NA,herminia.reyes@gmail.com,782 Stonybrook Street,Centereach,NY,11720
1152,Tuyet,Rosa,NA,tuyet.rosa@aol.com,9038 Golden Star Street,South El Monte,CA,91733
1153,Ara,Vazquez,NA,ara.vazquez@msn.com,343 2nd Court,San Carlos,CA,94070
1154,Barry,Albert,NA,barry.albert@gmail.com,13 Grand St.,Auburn,NY,13021
1155,Verdell,Joyner,NA,verdell.joyner@aol.com,9191 Sierra St.,Far Rockaway,NY,11691
1156,Han,Wade,NA,han.wade@hotmail.com,587 Sulphur Springs St.,Howard Beach,NY,11414
1157,Anton,Barton,(716) 472-3707,anton.barton@msn.com,7284 East Indian Spring Rd.,Buffalo,NY,14215
1158,Vito,Pickett,NA,vito.pickett@hotmail.com,93 High Point Street,Canandaigua,NY,14424
1159,Charlene,Norris,NA,charlene.norris@msn.com,972 South Sierra Drive,Syosset,NY,11791
1160,Efren,Whitfield,NA,efren.whitfield@gmail.com,139 Union Rd.,Euless,TX,76039
1161,Santa,Larson,NA,santa.larson@gmail.com,5 Bellevue Dr.,Valley Stream,NY,11580
1162,Carmelina,Sellers,NA,carmelina.sellers@hotmail.com,12 Race St.,Ithaca,NY,14850
1163,Carmela,Hays,NA,carmela.hays@aol.com,149 Pennington Ave.,Lawndale,CA,90260
1164,Patrina,Tanner,NA,patrina.tanner@gmail.com,7136 Selby Road,Scarsdale,NY,10583
1165,Rikki,Morrow,(682) 936-1482,rikki.morrow@hotmail.com,7096 Plumb Branch Road,Fort Worth,TX,76110
1166,Junita,Reese,NA,junita.reese@gmail.com,8773 North Walt Whitman Court,Bay Shore,NY,11706
1167,Ryan,Carter,NA,ryan.carter@yahoo.com,8684 Studebaker Road,Nanuet,NY,10954
1168,Almeta,Benjamin,NA,almeta.benjamin@aol.com,8456 Oakwood St.,Sunnyside,NY,11104
1169,Beatris,Joyner,NA,beatris.joyner@gmail.com,7463 Gonzales Rd.,Spring Valley,NY,10977
1170,Mechelle,Chan,NA,mechelle.chan@gmail.com,458 Overlook Street,Richmond Hill,NY,11418
1171,Earlean,Pena,NA,earlean.pena@yahoo.com,7698 Fulton St.,Rome,NY,13440
1172,Katherin,Clark,NA,katherin.clark@yahoo.com,996 Iroquois Street,Pittsford,NY,14534
1173,Chanel,May,NA,chanel.may@msn.com,806 Saxton Court,Garden City,NY,11530
1174,Aaron,Knapp,(914) 402-4335,aaron.knapp@yahoo.com,807 Grandrose Ave.,Yonkers,NY,10701
1175,Sindy,Anderson,NA,sindy.anderson@gmail.com,543 Halifax Ave.,Pomona,CA,91768
1176,Sheree,Blanchard,NA,sheree.blanchard@gmail.com,41 Glenwood Ave.,Queensbury,NY,12804
1177,Charlesetta,Soto,NA,charlesetta.soto@yahoo.com,25 South Colonial Drive,Poughkeepsie,NY,12601
1178,Wendie,Nash,(805) 389-2549,wendie.nash@hotmail.com,9 South Road,Oxnard,CA,93035
1179,Vernetta,Banks,NA,vernetta.banks@aol.com,7633 Albany St.,Brooklyn,NY,11201
1180,Myrtle,Gardner,NA,myrtle.gardner@aol.com,303 Creekside Street,Farmingdale,NY,11735
1181,Agustina,Lawrence,NA,agustina.lawrence@yahoo.com,9347 Delaware Ave.,Brooklyn,NY,11201
1182,Trinidad,Chapman,NA,trinidad.chapman@aol.com,7371 Glen Eagles Street,Ronkonkoma,NY,11779
1183,Kim,Clark,NA,kim.clark@msn.com,19 Liberty St.,Merrick,NY,11566
1184,Annabelle,Hebert,NA,annabelle.hebert@aol.com,9745 Nicolls Lane,Spring Valley,NY,10977
1185,Corine,Stuart,NA,corine.stuart@msn.com,5 Penn Street,Clifton Park,NY,12065
1186,Kiesha,Bond,NA,kiesha.bond@aol.com,29 Marvon St.,San Carlos,CA,94070
1187,Kenyetta,Mason,NA,kenyetta.mason@msn.com,98 Poplar Ave.,Flushing,NY,11354
1188,Marcene,Curtis,(914) 361-6045,marcene.curtis@msn.com,7699 Illinois Lane,Yonkers,NY,10701
1189,Sheila,Goodman,NA,sheila.goodman@msn.com,9586 Chestnut St.,Uniondale,NY,11553
1190,Romeo,Steele,NA,romeo.steele@msn.com,162 Crescent Lane,Port Jefferson Station,NY,11776
1191,Tam,Fisher,(507) 351-9375,tam.fisher@aol.com,8000 Woodsman Lane,Rochester,NY,14606
1192,Gena,Owens,NA,gena.owens@gmail.com,43 Buckingham St.,Desoto,TX,75115
1193,Phebe,Soto,NA,phebe.soto@hotmail.com,9239 Leatherwood Rd.,South Ozone Park,NY,11420
1194,Leticia,Snyder,NA,leticia.snyder@yahoo.com,173 Lyme Dr.,Pittsford,NY,14534
1195,Chantell,Bridges,(716) 941-6072,chantell.bridges@yahoo.com,8478 N. Wrangler Dr.,Buffalo,NY,14215
1196,Ileana,Holt,NA,ileana.holt@msn.com,817 Adams St.,Patchogue,NY,11772
1197,Nakisha,Clay,NA,nakisha.clay@gmail.com,8996 Beechwood Ave.,Port Washington,NY,11050
1198,Cheryll,Snyder,NA,cheryll.snyder@yahoo.com,77 E. Liberty St.,Brooklyn,NY,11201
1199,Consuela,Collier,NA,consuela.collier@msn.com,338 S. Holly Avenue,North Tonawanda,NY,14120
1200,Aubrey,Durham,NA,aubrey.durham@aol.com,14 Foster Ave.,Port Washington,NY,11050
1201,Nita,Guy,NA,nita.guy@hotmail.com,75 Academy Street,Port Chester,NY,10573
1202,Carmina,Emerson,NA,carmina.emerson@hotmail.com,7137 Monroe Road,Banning,CA,92220
1203,Georgeann,Rojas,NA,georgeann.rojas@msn.com,691 Devon Ave.,Desoto,TX,75115
1204,Leslie,Higgins,NA,leslie.higgins@hotmail.com,805 Logan Ave.,Saratoga Springs,NY,12866
1205,Emmaline,Huber,NA,emmaline.huber@gmail.com,7975 Harrison Rd.,Mount Vernon,NY,10550
1206,Mercy,Brown,NA,mercy.brown@msn.com,8207 Central Street,Hollis,NY,11423
1207,Jenell,Crosby,(631) 544-4772,jenell.crosby@hotmail.com,507 Fulton Street,Brentwood,NY,11717
1208,Leila,Barr,NA,leila.barr@yahoo.com,120 Fremont Rd.,Carmel,NY,10512
1209,Deandrea,Cox,NA,deandrea.cox@msn.com,617 Sycamore Street,Huntington,NY,11743
1210,Shawnna,Frank,NA,shawnna.frank@hotmail.com,17 NW. Cottage Lane,Woodside,NY,11377
1211,Brenton,Whitaker,NA,brenton.whitaker@gmail.com,25 Elmwood Rd.,Niagara Falls,NY,14304
1212,Jaqueline,Cummings,NA,jaqueline.cummings@hotmail.com,478 Wrangler St.,Huntington Station,NY,11746
1213,Yang,Giles,NA,yang.giles@gmail.com,25 Bridle Lane,San Angelo,TX,76901
1214,Brigid,Sharp,NA,brigid.sharp@hotmail.com,495 Sleepy Hollow Court,Santa Clara,CA,95050
1215,Karl,Stephens,NA,karl.stephens@gmail.com,208 Thatcher Rd.,Rockville Centre,NY,11570
1216,Elvina,Gates,NA,elvina.gates@hotmail.com,112 Smith St.,Pleasanton,CA,94566
1217,Carlie,Terrell,(914) 517-8036,carlie.terrell@yahoo.com,7437 Snake Hill Road,Yonkers,NY,10701
1218,Donovan,Cantrell,(510) 624-3824,donovan.cantrell@msn.com,601 Winchester Dr.,Oakland,CA,94603
1219,Alden,Atkinson,NA,alden.atkinson@gmail.com,46 Valley St.,Shirley,NY,11967
1220,Carissa,Cross,NA,carissa.cross@yahoo.com,9335 West Main Dr.,Huntington Station,NY,11746
1221,Joy,Underwood,NA,joy.underwood@gmail.com,7297 Armstrong Dr.,Apple Valley,CA,92307
1222,Geraldine,O'donnell,NA,geraldine.o'donnell@hotmail.com,8241 Lookout Rd.,Flushing,NY,11354
1223,Bronwyn,Vargas,NA,bronwyn.vargas@msn.com,35 James Street,New Windsor,NY,12553
1224,Abram,Copeland,NA,abram.copeland@gmail.com,9782 Indian Spring Lane,Harlingen,TX,78552
1225,Mellisa,Griffin,NA,mellisa.griffin@msn.com,49 Alton Circle,Los Banos,CA,93635
1226,Qiana,Jackson,NA,qiana.jackson@gmail.com,56 Galvin Street,East Northport,NY,11731
1227,Magali,Dixon,(248) 279-5331,magali.dixon@msn.com,815 Del Monte Court,Troy,NY,12180
1228,Zulema,Clemons,(510) 565-8496,zulema.clemons@aol.com,75 W. Howard St.,Oakland,CA,94603
1229,Carina,Lynch,NA,carina.lynch@gmail.com,64 Jennings Road,Wappingers Falls,NY,12590
1230,Jesus,Burch,NA,jesus.burch@hotmail.com,7024 Squaw Creek Street,Desoto,TX,75115
1231,Selene,Vega,NA,selene.vega@gmail.com,11 Sierra St.,Campbell,CA,95008
1232,Jong,Guthrie,NA,jong.guthrie@hotmail.com,889 Leatherwood Drive,Bethpage,NY,11714
1233,Lise,Hebert,NA,lise.hebert@gmail.com,140 East Broad Lane,Vista,CA,92083
1234,Joshua,Berg,NA,joshua.berg@hotmail.com,16 East St.,Ossining,NY,10562
1235,Georgina,Gonzales,NA,georgina.gonzales@yahoo.com,307 Chapel St.,Endicott,NY,13760
1236,Rudolph,Velez,NA,rudolph.velez@yahoo.com,9397 Pleasant Drive,Mount Vernon,NY,10550
1237,Luke,Kramer,NA,luke.kramer@hotmail.com,7955 Delaware Drive,Bethpage,NY,11714
1238,Edgar,Quinn,NA,edgar.quinn@aol.com,556 Dogwood Ave.,Harlingen,TX,78552
1239,Tara,Maynard,NA,tara.maynard@hotmail.com,9375 Fordham Street,Lindenhurst,NY,11757
1240,Bella,Perez,NA,bella.perez@msn.com,43 Green Lake Street,Duarte,CA,91010
1241,Nathaniel,Davidson,NA,nathaniel.davidson@hotmail.com,7476 Henry Smith Street,Rome,NY,13440
1242,Chauncey,Donaldson,NA,chauncey.donaldson@aol.com,7412 Golf Ave.,Franklin Square,NY,11010
1243,Heide,Reed,NA,heide.reed@yahoo.com,9174 Coffee Drive,Floral Park,NY,11001
1244,Trang,Hardin,NA,trang.hardin@yahoo.com,9255 Myers Drive,Depew,NY,14043
1245,Gabriela,Warren,(562) 986-2247,gabriela.warren@aol.com,9947 Brewery Ave.,Long Beach,NY,11561
1246,Dale,Rasmussen,NA,dale.rasmussen@aol.com,8590 Adams Street,Kingston,NY,12401
1247,Tammie,Cherry,NA,tammie.cherry@hotmail.com,791 Wakehurst Dr.,Massapequa,NY,11758
1248,Bethany,Herring,NA,bethany.herring@yahoo.com,7563 High Point Street,Port Jefferson Station,NY,11776
1249,Barbra,Dickerson,NA,barbra.dickerson@gmail.com,8424 E. Rockcrest Dr.,Ridgecrest,CA,93555
1250,Neoma,Daugherty,NA,neoma.daugherty@gmail.com,80 Spring Street,Mount Vernon,NY,10550
1251,Nanette,Roman,NA,nanette.roman@yahoo.com,8254 North Riverview Street,Glendora,CA,91740
1252,Adriene,Rollins,NA,adriene.rollins@msn.com,55 Cambridge Street,Plainview,NY,11803
1253,Susannah,Fields,NA,susannah.fields@hotmail.com,17 Railroad Street,Far Rockaway,NY,11691
1254,Dung,Reid,NA,dung.reid@msn.com,468 West Washington Ave.,Canyon Country,CA,91387
1255,Ben,Stone,NA,ben.stone@gmail.com,8855 University St.,Ithaca,NY,14850
1256,Nubia,Anderson,NA,nubia.anderson@aol.com,584 NW. Hilldale Drive,Ronkonkoma,NY,11779
1257,Rosamaria,Meyer,NA,rosamaria.meyer@yahoo.com,446 Elizabeth St.,Webster,NY,14580
1258,Todd,Waters,NA,todd.waters@yahoo.com,92 Cedar Swamp Street,Bay Shore,NY,11706
1259,Kimbery,Nieves,NA,kimbery.nieves@msn.com,768 Roehampton St.,San Carlos,CA,94070
1260,Phuong,Wolf,NA,phuong.wolf@yahoo.com,7765 N. Annadale Dr.,Schenectady,NY,12302
1261,Adelaida,Hancock,NA,adelaida.hancock@aol.com,669 S. Gartner Street,San Pablo,CA,94806
1262,Brianne,Hays,NA,brianne.hays@gmail.com,88 Tailwater Ave.,San Pablo,CA,94806
1263,Rufina,Chandler,NA,rufina.chandler@aol.com,7985 Alderwood Street,New Hyde Park,NY,11040
1264,Devin,Velazquez,(631) 254-8497,devin.velazquez@aol.com,61 Redwood St.,Brentwood,NY,11717
1265,Bonita,Marshall,NA,bonita.marshall@msn.com,48 Bald Hill Drive,Endicott,NY,13760
1266,Myrl,Gay,NA,myrl.gay@hotmail.com,8708 Taylor Lane,Garland,TX,75043
1267,Earline,Gordon,NA,earline.gordon@gmail.com,81 Railroad Drive,Ronkonkoma,NY,11779
1268,Sung,Chambers,NA,sung.chambers@gmail.com,369 N. Virginia Street,Kingston,NY,12401
1269,Gustavo,Gamble,NA,gustavo.gamble@msn.com,8054 W. Meadowbrook Street,Port Washington,NY,11050
1270,Ciera,Webb,NA,ciera.webb@yahoo.com,958 Anderson Ave.,Orchard Park,NY,14127
1271,Roy,Chan,NA,roy.chan@hotmail.com,7578 Middle River St.,Pomona,CA,91768
1272,Houston,Vasquez,NA,houston.vasquez@msn.com,845 Aspen Street,Fullerton,CA,92831
1273,Cheree,Hale,NA,cheree.hale@yahoo.com,95 Lyme Avenue,Oswego,NY,13126
1274,Odette,Moses,NA,odette.moses@gmail.com,899 Overlook Lane,Newburgh,NY,12550
1275,Lenita,Bonner,NA,lenita.bonner@aol.com,7286 Swanson Drive,Los Banos,CA,93635
1276,Shona,Mcmillan,NA,shona.mcmillan@msn.com,57 West Maple Dr.,Apple Valley,CA,92307
1277,Piedad,Irwin,NA,piedad.irwin@hotmail.com,581 Garden St.,Coram,NY,11727
1278,Loan,Graham,NA,loan.graham@yahoo.com,57 Glen Eagles St.,Jackson Heights,NY,11372
1279,Stan,Saunders,NA,stan.saunders@yahoo.com,407 Essex Dr.,Canandaigua,NY,14424
1280,Jackeline,Colon,NA,jackeline.colon@msn.com,9916 Cedarwood Drive,Wappingers Falls,NY,12590
1281,Marlen,Dawson,NA,marlen.dawson@msn.com,67 Oak Valley Street,Woodside,NY,11377
1282,Alexis,Mack,(845) 707-6088,alexis.mack@aol.com,7767 Sutor Ave.,New City,NY,10956
1283,Mica,Barry,NA,mica.barry@yahoo.com,3 SE. Sugar St.,Hopewell Junction,NY,12533
1284,Shanice,Spears,NA,shanice.spears@msn.com,5 Piper Ave.,Brooklyn,NY,11201
1285,Garth,Huff,NA,garth.huff@yahoo.com,794 East University St.,Glendora,CA,91740
1286,Dione,Pratt,NA,dione.pratt@msn.com,864 Winding Way St.,Pleasanton,CA,94566
1287,Victor,Pittman,NA,victor.pittman@aol.com,9294 Devon Dr.,Astoria,NY,11102
1288,Allie,Conley,NA,allie.conley@msn.com,96 High Point Road,Lawndale,CA,90260
1289,Shanelle,Anderson,NA,shanelle.anderson@yahoo.com,646 Surrey Street,Bethpage,NY,11714
1290,Minnie,Compton,NA,minnie.compton@gmail.com,185 Hudson Street,South Richmond Hill,NY,11419
1291,Shiloh,Bates,NA,shiloh.bates@msn.com,15 Wellington Dr.,Monsey,NY,10952
1292,Lakenya,Oliver,NA,lakenya.oliver@yahoo.com,82 Bayport Court,San Lorenzo,CA,94580
1293,Sally,Kinney,NA,sally.kinney@msn.com,7565 High Dr.,Floral Park,NY,11001
1294,Edith,Davenport,NA,edith.davenport@gmail.com,685 Alton Road,Ontario,CA,91762
1295,Alline,Beasley,NA,alline.beasley@yahoo.com,8704 NE. Olive Ave.,North Tonawanda,NY,14120
1296,Travis,Whitley,NA,travis.whitley@aol.com,60 Euclid Ave.,Saint Albans,NY,11412
1297,Vanessa,West,NA,vanessa.west@gmail.com,34 Prairie Lane,New Rochelle,NY,10801
1298,Trudy,Riddle,NA,trudy.riddle@aol.com,8943 Johnson Street,Schenectady,NY,12302
1299,Shauna,Edwards,NA,shauna.edwards@msn.com,8 Dogwood Ave.,Yorktown Heights,NY,10598
1300,Clorinda,Donovan,NA,clorinda.donovan@msn.com,9690 E. Morris Ave.,Jamestown,NY,14701
1301,Raven,Curtis,NA,raven.curtis@aol.com,18 Summit Lane,Lawndale,CA,90260
1302,Verda,Gilbert,NA,verda.gilbert@gmail.com,54 Hillcrest Drive,East Northport,NY,11731
1303,Renay,Atkins,NA,renay.atkins@aol.com,7146 Leeton Ridge Ave.,Woodside,NY,11377
1304,Tama,Berg,NA,tama.berg@hotmail.com,3 Cardinal Avenue,Hollis,NY,11423
1305,Dalia,Carson,(507) 186-2004,dalia.carson@aol.com,7175 Galvin St.,Rochester,NY,14606
1306,America,Swanson,NA,america.swanson@msn.com,83 South Arlington Lane,Webster,NY,14580
1307,Cinda,Rocha,NA,cinda.rocha@hotmail.com,926 North Oklahoma Dr.,Los Banos,CA,93635
1308,Shea,Howell,NA,shea.howell@msn.com,67 Arch Rd.,South El Monte,CA,91733
1309,Kimberli,Cline,NA,kimberli.cline@yahoo.com,7115 Stonybrook Court,Centereach,NY,11720
1310,Emanuel,Mckee,NA,emanuel.mckee@yahoo.com,9411 Lake Dr.,Schenectady,NY,12302
1311,Whitley,Cannon,NA,whitley.cannon@msn.com,614 High Point Lane,Coram,NY,11727
1312,Tereasa,Bird,NA,tereasa.bird@aol.com,7526 Vine Drive,Ronkonkoma,NY,11779
1313,Dante,Grimes,NA,dante.grimes@yahoo.com,23 Shore St.,Duarte,CA,91010
1314,Joeann,Garrison,NA,joeann.garrison@yahoo.com,1 Harrison St.,Ontario,CA,91762
1315,Omega,Johnston,NA,omega.johnston@gmail.com,9935 Tarkiln Hill St.,Canyon Country,CA,91387
1316,Conrad,Mueller,NA,conrad.mueller@yahoo.com,3 Myrtle St.,Massapequa,NY,11758
1317,Glady,Wells,NA,glady.wells@gmail.com,627 Ramblewood Ave.,Syosset,NY,11791
1318,Tisha,Petty,(210) 851-3122,tisha.petty@msn.com,9083 Lake View Ave.,San Antonio,TX,78213
1319,Claris,Santiago,NA,claris.santiago@msn.com,763 Mountainview Dr.,Newburgh,NY,12550
1320,Obdulia,Barber,NA,obdulia.barber@gmail.com,878 Lexington Rd.,Newburgh,NY,12550
1321,Shantel,Gregory,NA,shantel.gregory@yahoo.com,7722 Second Lane,West Islip,NY,11795
1322,Ai,Forbes,NA,ai.forbes@yahoo.com,254 Central St.,Franklin Square,NY,11010
1323,Ebony,Cotton,NA,ebony.cotton@yahoo.com,8979 Miller St.,West Babylon,NY,11704
1324,Arla,Ellis,NA,arla.ellis@yahoo.com,127 Crescent Ave.,Utica,NY,13501
1325,Magdalena,Sherman,NA,magdalena.sherman@gmail.com,176 Sunbeam St.,Oswego,NY,13126
1326,Tarra,Guerrero,NA,tarra.guerrero@aol.com,10 Baker St.,Auburn,NY,13021
1327,Consuela,Romero,NA,consuela.romero@hotmail.com,54 Elm Court,Monroe,NY,10950
1328,Cindie,Franklin,NA,cindie.franklin@yahoo.com,7249 Franklin St.,Lawndale,CA,90260
1329,Sharyn,Brewer,NA,sharyn.brewer@aol.com,70 Columbia Ave.,Hollis,NY,11423
1330,Karren,Stevenson,NA,karren.stevenson@aol.com,155 Old York St.,San Carlos,CA,94070
1331,Divina,Reeves,NA,divina.reeves@hotmail.com,767 Bradford Dr.,Newburgh,NY,12550
1332,Novella,Ross,NA,novella.ross@gmail.com,9418 Acacia Drive,Glendora,CA,91740
1333,Omega,Huff,NA,omega.huff@aol.com,63 Devon St.,Santa Monica,CA,90403
1334,Ashleigh,Finch,NA,ashleigh.finch@yahoo.com,82 Hudson Court,Newburgh,NY,12550
1335,Corina,Lynch,NA,corina.lynch@msn.com,44 Sunbeam Dr.,Rosedale,NY,11422
1336,Joe,Melton,NA,joe.melton@gmail.com,8998 Hartford Street,New Windsor,NY,12553
1337,Bernetta,Summers,NA,bernetta.summers@aol.com,1 Young Ave.,Longview,TX,75604
1338,Inez,Snider,NA,inez.snider@gmail.com,837 Catherine Lane,Ronkonkoma,NY,11779
1339,Neida,King,(442) 778-1121,neida.king@aol.com,137 Bohemia St.,Oceanside,NY,11572
1340,Tona,Velasquez,NA,tona.velasquez@msn.com,9166 Trout St.,Whitestone,NY,11357
1341,Rozanne,Reyes,NA,rozanne.reyes@aol.com,11 W. Surrey Drive,Garden City,NY,11530
1342,Lekisha,Pope,NA,lekisha.pope@msn.com,390 Livingston Avenue,Freeport,NY,11520
1343,Jama,Rodriquez,NA,jama.rodriquez@msn.com,681 Smith Dr.,Upland,CA,91784
1344,Eloisa,Tucker,NA,eloisa.tucker@hotmail.com,7268 Leatherwood Ave.,Howard Beach,NY,11414
1345,Arie,Hunter,NA,arie.hunter@msn.com,66 Old State Rd.,Flushing,NY,11354
1346,Sanora,Webster,(424) 464-7290,sanora.webster@msn.com,74 Beach St.,Los Angeles,CA,90008
1347,Kate,Barber,NA,kate.barber@hotmail.com,46 W. Oak Valley Ave.,Saratoga Springs,NY,12866
1348,Yvone,Guerrero,NA,yvone.guerrero@aol.com,8548 Jackson Ave.,Merrick,NY,11566
1349,Kami,Rios,NA,kami.rios@yahoo.com,8400 8th Dr.,Encino,CA,91316
1350,Annett,Rush,NA,annett.rush@hotmail.com,758 Fordham Lane,Rosedale,NY,11422
1351,Carman,Hardy,NA,carman.hardy@yahoo.com,800 Whitemarsh St.,Jamestown,NY,14701
1352,Dorothea,Miranda,NA,dorothea.miranda@aol.com,7882 Parker St.,Upland,CA,91784
1353,Agatha,Daniels,NA,agatha.daniels@yahoo.com,125 Canal St.,South El Monte,CA,91733
1354,Alexandria,Zamora,NA,alexandria.zamora@yahoo.com,95 Cherry Circle,Schenectady,NY,12302
1355,Thad,Gilliam,NA,thad.gilliam@hotmail.com,8844 Gonzales Court,Levittown,NY,11756
1356,Inger,Jennings,NA,inger.jennings@yahoo.com,38 NW. Shore Lane,Patchogue,NY,11772
1357,Karren,Lamb,(559) 628-2239,karren.lamb@aol.com,35 N. Chapel St.,Fresno,CA,93706
1358,Noble,Glover,NA,noble.glover@gmail.com,728 W. Rocky River Street,Orchard Park,NY,14127
1359,Octavia,Donaldson,NA,octavia.donaldson@hotmail.com,8095 Wayne Ave.,Levittown,NY,11756
1360,Latashia,Travis,NA,latashia.travis@yahoo.com,7877 King Rd.,Upland,CA,91784
1361,Destiny,Goodman,NA,destiny.goodman@msn.com,29 Smoky Hollow St.,Westbury,NY,11590
1362,Christiana,Gross,NA,christiana.gross@yahoo.com,645 North Richardson Road,Orchard Park,NY,14127
1363,Nestor,Haynes,(281) 969-4579,nestor.haynes@msn.com,27 Nut Swamp Street,Houston,TX,77016
1364,Grisel,Maynard,NA,grisel.maynard@msn.com,353 North Arch St.,Ballston Spa,NY,12020
1365,Shenna,Espinoza,NA,shenna.espinoza@gmail.com,202 North George Street,Queensbury,NY,12804
1366,Trena,Rogers,NA,trena.rogers@aol.com,502 Sherwood St.,Campbell,CA,95008
1367,Lucile,Manning,NA,lucile.manning@yahoo.com,511 Livingston Lane,Campbell,CA,95008
1368,Veronique,Fulton,NA,veronique.fulton@yahoo.com,81 Hilldale Ave.,Ballston Spa,NY,12020
1369,Starr,Schneider,NA,starr.schneider@aol.com,77 Mulberry Street,Shirley,NY,11967
1370,Rona,Rojas,(408) 611-3553,rona.rojas@gmail.com,815 Riverview St.,San Jose,CA,95127
1371,Pandora,Estes,NA,pandora.estes@aol.com,228 Shadow Brook Drive,New Hyde Park,NY,11040
1372,Renna,Williams,NA,renna.williams@hotmail.com,7398 SW. Glen Ridge Road,South Ozone Park,NY,11420
1373,Lanora,Robbins,NA,lanora.robbins@hotmail.com,31 W. Maiden Lane,West Babylon,NY,11704
1374,Juliane,Dillard,NA,juliane.dillard@aol.com,63 Birchwood Court,Glendora,CA,91740
1375,Carlena,Salinas,NA,carlena.salinas@gmail.com,1 Wagon Street,Jamaica,NY,11432
1376,Kimberley,Reynolds,NA,kimberley.reynolds@aol.com,8475 Homewood Street,Port Washington,NY,11050
1377,Johana,Jacobson,(507) 407-9384,johana.jacobson@gmail.com,29 San Juan St.,Rochester,NY,14606
1378,Enoch,Rosario,(559) 329-7615,enoch.rosario@hotmail.com,186 Arlington St.,Fresno,CA,93706
1379,Dorine,Thornton,NA,dorine.thornton@gmail.com,8730 N. Atlantic Street,Sunnyside,NY,11104
1380,Eliz,Lynch,NA,eliz.lynch@hotmail.com,717 West Deerfield Ave.,Uniondale,NY,11553
1381,Mercedez,Brooks,NA,mercedez.brooks@hotmail.com,7483 Ann St.,Duarte,CA,91010
1382,Wynona,Douglas,NA,wynona.douglas@msn.com,6 Country Ave.,Harlingen,TX,78552
1383,Desire,Mcgowan,(661) 800-8091,desire.mcgowan@msn.com,942 North Ohio Road,Bakersfield,CA,93306
1384,Elmo,Sweeney,NA,elmo.sweeney@yahoo.com,43 Arch Ave.,San Carlos,CA,94070
1385,Kenton,Hughes,NA,kenton.hughes@gmail.com,632 Sleepy Hollow Drive,Canandaigua,NY,14424
1386,Cesar,Wilkins,(619) 685-5786,cesar.wilkins@hotmail.com,7 Inverness St.,San Diego,CA,92111
1387,Phylicia,Stout,NA,phylicia.stout@aol.com,8842 Littleton Lane,Canandaigua,NY,14424
1388,Nanette,Harris,NA,nanette.harris@hotmail.com,26 Pin Oak Lane,East Meadow,NY,11554
1389,Ulrike,Chan,NA,ulrike.chan@aol.com,7949 Lancaster St.,Port Chester,NY,10573
1390,Genoveva,Lloyd,NA,genoveva.lloyd@aol.com,706 Devonshire St.,Bayside,NY,11361
1391,Sheryl,Chase,NA,sheryl.chase@gmail.com,388 Cedar Avenue,Floral Park,NY,11001
1392,Trista,Lambert,NA,trista.lambert@gmail.com,79 River Street,Fairport,NY,14450
1393,Vivian,Deleon,NA,vivian.deleon@msn.com,9925 Hamilton Street,Jamaica,NY,11432
1394,Genny,Fields,NA,genny.fields@msn.com,9145 San Juan Dr.,Amityville,NY,11701
1395,Eliseo,Knight,NA,eliseo.knight@msn.com,693 Holly Street,Woodhaven,NY,11421
1396,Delma,Bailey,(657) 454-8493,delma.bailey@gmail.com,9883 West King Lane,Anaheim,CA,92806
1397,Dewayne,Herring,NA,dewayne.herring@aol.com,9015 Willow Lane,Webster,NY,14580
1398,Nevada,Hood,NA,nevada.hood@aol.com,515 Bank Rd.,Hopewell Junction,NY,12533
1399,Angelika,Perry,NA,angelika.perry@msn.com,7684 South Branch Drive,Canandaigua,NY,14424
1400,Shayla,Hart,NA,shayla.hart@msn.com,9092 Aspen St.,Woodhaven,NY,11421
1401,Willetta,Murphy,NA,willetta.murphy@msn.com,436 Devonshire Street,East Elmhurst,NY,11369
1402,Sandee,Alvarado,NA,sandee.alvarado@aol.com,69 Bowman Street,Depew,NY,14043
1403,Mila,Moody,(248) 234-5902,mila.moody@gmail.com,675 Williams St.,Troy,NY,12180
1404,Loyce,Conway,NA,loyce.conway@aol.com,729 State Lane,Central Islip,NY,11722
1405,Thanh,Figueroa,NA,thanh.figueroa@yahoo.com,6 Roberts Drive,Mount Vernon,NY,10550
1406,Farrah,Orr,NA,farrah.orr@msn.com,8711 W. Ashley St.,New Hyde Park,NY,11040
1407,Hugh,Craft,NA,hugh.craft@msn.com,8716 Homewood Court,Centereach,NY,11720
1408,Eleanor,Mendez,NA,eleanor.mendez@yahoo.com,4 West St.,Port Chester,NY,10573
1409,Lamar,Bush,(716) 294-7174,lamar.bush@msn.com,76 Lilac Drive,Buffalo,NY,14215
1410,Lurlene,Finch,(914) 367-7691,lurlene.finch@msn.com,849 Magnolia St.,Yonkers,NY,10701
1411,Shanda,Stevenson,NA,shanda.stevenson@yahoo.com,9547 N. Courtland St.,Freeport,NY,11520
1412,Adrien,Hunter,NA,adrien.hunter@yahoo.com,720 Thompson Lane,Rego Park,NY,11374
1413,Ophelia,Decker,NA,ophelia.decker@yahoo.com,69 Rockwell Court,New Windsor,NY,12553
1414,Sonja,Walls,NA,sonja.walls@aol.com,30 Marshall Dr.,Queensbury,NY,12804
1415,Harold,O'connor,NA,harold.o'connor@gmail.com,9530 Summerhouse Street,Santa Cruz,CA,95060
1416,Miranda,Kennedy,NA,miranda.kennedy@gmail.com,726 East High St.,Astoria,NY,11102
1417,Jasper,Castro,NA,jasper.castro@aol.com,977 SE. Railroad Road,Forney,TX,75126
1418,Penni,Best,(657) 611-2991,penni.best@msn.com,875 Second Drive,Anaheim,CA,92806
1419,Lurlene,Cotton,NA,lurlene.cotton@yahoo.com,8218 George St.,Pleasanton,CA,94566
1420,Kelsey,Noble,NA,kelsey.noble@hotmail.com,36 Pearl Court,Mount Vernon,NY,10550
1421,Edris,Barrett,NA,edris.barrett@hotmail.com,36 Pulaski Drive,Plattsburgh,NY,12901
1422,Tempie,Jacobson,NA,tempie.jacobson@hotmail.com,136 Old Fairview St.,Smithtown,NY,11787
1423,Dollie,Cervantes,(682) 362-7457,dollie.cervantes@aol.com,8828 Applegate Drive,Fort Worth,TX,76110
1424,Lashunda,Cole,NA,lashunda.cole@hotmail.com,783 Baker St.,Monsey,NY,10952
1425,Justina,Jenkins,NA,justina.jenkins@msn.com,345 SE. Green Lane,Shirley,NY,11967
1426,Londa,Gould,(361) 206-5550,londa.gould@aol.com,9169 Beech Lane,Corpus Christi,TX,78418
1427,Mikel,Wilkerson,NA,mikel.wilkerson@msn.com,9233 Clinton St.,Atwater,CA,95301
1428,Carola,Johns,NA,carola.johns@msn.com,7077 Fordham Rd.,Santa Cruz,CA,95060
1429,Lorrie,Justice,NA,lorrie.justice@gmail.com,8396 Brook Drive,Pomona,CA,91768
1430,Tayna,Wade,(661) 858-1224,tayna.wade@hotmail.com,65 Smith Store Dr.,Bakersfield,CA,93306
1431,Mark,Benton,NA,mark.benton@aol.com,83 Eagle St.,East Elmhurst,NY,11369
1432,Zona,Cameron,NA,zona.cameron@aol.com,42 Bridle Court,East Northport,NY,11731
1433,Nicola,Knight,NA,nicola.knight@aol.com,25 SE. Miles Lane,Scarsdale,NY,10583
1434,Elana,Miles,NA,elana.miles@yahoo.com,7077 Euclid Ave.,Liverpool,NY,13090
1435,Merrie,Fowler,NA,merrie.fowler@aol.com,532 Leatherwood Ave.,Scarsdale,NY,10583
1436,Macie,Ayers,NA,macie.ayers@msn.com,8730 Longfellow St.,Bellmore,NY,11710
1437,Son,Warner,NA,son.warner@hotmail.com,20 W. Rosewood Ave.,Rockville Centre,NY,11570
1438,Lee,Dunn,(408) 807-6157,lee.dunn@aol.com,8626 Grand Ave.,San Jose,CA,95127
1439,Florrie,Little,NA,florrie.little@yahoo.com,8330 Marsh St.,New Rochelle,NY,10801
1440,Ernest,Rollins,NA,ernest.rollins@yahoo.com,4 West Ridge Dr.,Oakland Gardens,NY,11364
1441,Jamaal,Morrison,NA,jamaal.morrison@msn.com,796 SE. Nut Swamp St.,Staten Island,NY,10301
1442,Cassie,Cline,NA,cassie.cline@gmail.com,947 Lafayette Drive,Brooklyn,NY,11201
1443,Lezlie,Lamb,NA,lezlie.lamb@gmail.com,401 Brandywine Street,Central Islip,NY,11722
1444,Ivette,Estes,NA,ivette.estes@gmail.com,88 N. Canterbury Ave.,Canandaigua,NY,14424
1445,Ester,Acevedo,NA,ester.acevedo@gmail.com,671 Miles Court,San Lorenzo,CA,94580
