order_id,item_id,product_id,quantity,list_price,discount,total_price,Product_name,Category_name
1,1,20,1,599.99,0.2,479.992,Electra Townie Original 7D EQ - Women's - 2016,Cruisers Bicycles
1,2,8,2,1799.99,0.07,3347.9814,Trek Remedy 29 Carbon Frameset - 2016,Mountain Bikes
1,3,10,2,1549,0.05,2943.1,Surly Straggler - 2016,Cyclocross Bicycles
1,4,16,2,599.99,0.05,1139.981,Electra Townie Original 7D EQ - 2016,Cruisers Bicycles
1,5,4,1,2899.99,0.2,2319.992,Trek Fuel EX 8 29 - 2016,Mountain Bikes
2,1,20,1,599.99,0.07,557.9907,Electra Townie Original 7D EQ - Women's - 2016,Cruisers Bicycles
2,2,16,2,599.99,0.05,1139.981,Electra Townie Original 7D EQ - 2016,Cruisers Bicycles
3,1,3,1,999.99,0.05,949.9905,Surly Wednesday Frameset - 2016,Mountain Bikes
3,2,20,1,599.99,0.05,569.9905,Electra Townie Original 7D EQ - Women's - 2016,Cruisers Bicycles
4,1,2,2,749.99,0.1,1349.982,Ritchey Timberwolf Frameset - 2016,Mountain Bikes
5,1,10,2,1549,0.05,2943.1,Surly Straggler - 2016,Cyclocross Bicycles
5,2,17,1,429,0.07,398.97,Pure Cycles Vine 8-Speed - 2016,Cruisers Bicycles
5,3,26,1,599.99,0.07,557.9907,Electra Townie Original 7D EQ - 2016,Comfort Bicycles
6,1,18,1,449,0.07,417.57,Pure Cycles Western 3-Speed - Women's - 2015/2016,Cruisers Bicycles
6,2,12,2,549.99,0.05,1044.981,Electra Townie Original 21D - 2016,Cruisers Bicycles
6,3,20,1,599.99,0.1,539.991,Electra Townie Original 7D EQ - Women's - 2016,Cruisers Bicycles
6,4,3,2,999.99,0.07,1859.9814,Surly Wednesday Frameset - 2016,Mountain Bikes
6,5,9,2,2999.99,0.07,5579.9814,Trek Conduit+ - 2016,Electric Bikes
7,1,15,1,529.99,0.07,492.8907,Electra Moto 1 - 2016,Cruisers Bicycles
7,2,3,1,999.99,0.1,899.991,Surly Wednesday Frameset - 2016,Mountain Bikes
7,3,17,2,429,0.1,772.2,Pure Cycles Vine 8-Speed - 2016,Cruisers Bicycles
8,1,22,1,269.99,0.05,256.4905,Electra Girl's Hawaii 1 (16-inch) - 2015/2016,Children Bicycles
8,2,20,2,599.99,0.07,1115.9814,Electra Townie Original 7D EQ - Women's - 2016,Cruisers Bicycles
9,1,7,2,3999.99,0.1,7199.982,Trek Slash 8 27.5 - 2016,Mountain Bikes
10,1,14,1,269.99,0.1,242.991,Electra Girl's Hawaii 1 (16-inch) - 2015/2016,Cruisers Bicycles
11,1,8,1,1799.99,0.05,1709.9905,Trek Remedy 29 Carbon Frameset - 2016,Mountain Bikes
11,2,22,2,269.99,0.1,485.982,Electra Girl's Hawaii 1 (16-inch) - 2015/2016,Children Bicycles
11,3,16,2,599.99,0.2,959.984,Electra Townie Original 7D EQ - 2016,Cruisers Bicycles
12,1,4,2,2899.99,0.1,5219.982,Trek Fuel EX 8 29 - 2016,Mountain Bikes
12,2,11,1,1680.99,0.05,1596.9405,Surly Straggler 650b - 2016,Cyclocross Bicycles
13,1,13,1,269.99,0.1,242.991,Electra Cruiser 1 (24-Inch) - 2016,Cruisers Bicycles
13,2,17,2,429,0.05,815.1,Pure Cycles Vine 8-Speed - 2016,Cruisers Bicycles
13,3,20,2,599.99,0.1,1079.982,Electra Townie Original 7D EQ - Women's - 2016,Cruisers Bicycles
13,4,16,2,599.99,0.05,1139.981,Electra Townie Original 7D EQ - 2016,Cruisers Bicycles
14,1,6,1,469.99,0.07,437.0907,Surly Ice Cream Truck Frameset - 2016,Mountain Bikes
15,1,12,2,549.99,0.07,1022.9814,Electra Townie Original 21D - 2016,Cruisers Bicycles
15,2,8,1,1799.99,0.07,1673.9907,Trek Remedy 29 Carbon Frameset - 2016,Mountain Bikes
15,3,18,2,449,0.05,853.1,Pure Cycles Western 3-Speed - Women's - 2015/2016,Cruisers Bicycles
15,4,23,2,299.99,0.2,479.984,Electra Girl's Hawaii 1 (20-inch) - 2015/2016,Children Bicycles
16,1,8,1,1799.99,0.2,1439.992,Trek Remedy 29 Carbon Frameset - 2016,Mountain Bikes
16,2,21,1,269.99,0.05,256.4905,Electra Cruiser 1 (24-Inch) - 2016,Children Bicycles
16,3,13,2,269.99,0.07,502.1814,Electra Cruiser 1 (24-Inch) - 2016,Cruisers Bicycles
16,4,14,1,269.99,0.07,251.0907,Electra Girl's Hawaii 1 (16-inch) - 2015/2016,Cruisers Bicycles
17,1,8,1,1799.99,0.07,1673.9907,Trek Remedy 29 Carbon Frameset - 2016,Mountain Bikes
17,2,23,1,299.99,0.1,269.991,Electra Girl's Hawaii 1 (20-inch) - 2015/2016,Children Bicycles
17,3,5,1,1320.99,0.1,1188.891,Heller Shagamaw Frame - 2016,Mountain Bikes
17,4,20,2,599.99,0.2,959.984,Electra Townie Original 7D EQ - Women's - 2016,Cruisers Bicycles
18,1,2,2,749.99,0.2,1199.984,Ritchey Timberwolf Frameset - 2016,Mountain Bikes
18,2,22,1,269.99,0.05,256.4905,Electra Girl's Hawaii 1 (16-inch) - 2015/2016,Children Bicycles
18,3,7,1,3999.99,0.1,3599.991,Trek Slash 8 27.5 - 2016,Mountain Bikes
18,4,25,2,499.99,0.05,949.981,Electra Townie Original 7D - 2015/2016,Comfort Bicycles
18,5,9,2,2999.99,0.1,5399.982,Trek Conduit+ - 2016,Electric Bikes
19,1,10,1,1549,0.07,1440.57,Surly Straggler - 2016,Cyclocross Bicycles
19,2,9,2,2999.99,0.2,4799.984,Trek Conduit+ - 2016,Electric Bikes
20,1,9,1,2999.99,0.07,2789.9907,Trek Conduit+ - 2016,Electric Bikes
20,2,10,2,1549,0.07,2881.14,Surly Straggler - 2016,Cyclocross Bicycles
21,1,14,1,269.99,0.05,256.4905,Electra Girl's Hawaii 1 (16-inch) - 2015/2016,Cruisers Bicycles
21,2,17,1,429,0.1,386.1,Pure Cycles Vine 8-Speed - 2016,Cruisers Bicycles
21,3,10,1,1549,0.07,1440.57,Surly Straggler - 2016,Cyclocross Bicycles
22,1,15,2,529.99,0.2,847.984,Electra Moto 1 - 2016,Cruisers Bicycles
22,2,22,1,269.99,0.05,256.4905,Electra Girl's Hawaii 1 (16-inch) - 2015/2016,Children Bicycles
23,1,4,2,2899.99,0.05,5509.981,Trek Fuel EX 8 29 - 2016,Mountain Bikes
23,2,23,2,299.99,0.1,539.982,Electra Girl's Hawaii 1 (20-inch) - 2015/2016,Children Bicycles
23,3,13,1,269.99,0.2,215.992,Electra Cruiser 1 (24-Inch) - 2016,Cruisers Bicycles
24,1,3,2,999.99,0.1,1799.982,Surly Wednesday Frameset - 2016,Mountain Bikes
24,2,18,2,449,0.07,835.14,Pure Cycles Western 3-Speed - Women's - 2015/2016,Cruisers Bicycles
25,1,23,2,299.99,0.2,479.984,Electra Girl's Hawaii 1 (20-inch) - 2015/2016,Children Bicycles
25,2,10,2,1549,0.2,2478.4,Surly Straggler - 2016,Cyclocross Bicycles
25,3,22,1,269.99,0.2,215.992,Electra Girl's Hawaii 1 (16-inch) - 2015/2016,Children Bicycles
25,4,14,1,269.99,0.2,215.992,Electra Girl's Hawaii 1 (16-inch) - 2015/2016,Cruisers Bicycles
25,5,21,1,269.99,0.1,242.991,Electra Cruiser 1 (24-Inch) - 2016,Children Bicycles
26,1,7,1,3999.99,0.05,3799.9905,Trek Slash 8 27.5 - 2016,Mountain Bikes
26,2,2,1,749.99,0.2,599.992,Ritchey Timberwolf Frameset - 2016,Mountain Bikes
26,3,12,1,549.99,0.2,439.992,Electra Townie Original 21D - 2016,Cruisers Bicycles
26,4,21,2,269.99,0.07,502.1814,Electra Cruiser 1 (24-Inch) - 2016,Children Bicycles
27,1,5,1,1320.99,0.2,1056.792,Heller Shagamaw Frame - 2016,Mountain Bikes
27,2,19,1,449,0.2,359.2,Pure Cycles William 3-Speed - 2016,Cruisers Bicycles
27,3,26,2,599.99,0.07,1115.9814,Electra Townie Original 7D EQ - 2016,Comfort Bicycles
27,4,8,1,1799.99,0.07,1673.9907,Trek Remedy 29 Carbon Frameset - 2016,Mountain Bikes
28,1,5,1,1320.99,0.05,1254.9405,Heller Shagamaw Frame - 2016,Mountain Bikes
28,2,7,2,3999.99,0.2,6399.984,Trek Slash 8 27.5 - 2016,Mountain Bikes
28,3,14,2,269.99,0.1,485.982,Electra Girl's Hawaii 1 (16-inch) - 2015/2016,Cruisers Bicycles
28,4,6,1,469.99,0.05,446.4905,Surly Ice Cream Truck Frameset - 2016,Mountain Bikes
29,1,24,2,549.99,0.05,1044.981,Electra Townie Original 21D - 2016,Comfort Bicycles
29,2,6,1,469.99,0.2,375.992,Surly Ice Cream Truck Frameset - 2016,Mountain Bikes
29,3,21,2,269.99,0.1,485.982,Electra Cruiser 1 (24-Inch) - 2016,Children Bicycles
29,4,8,1,1799.99,0.2,1439.992,Trek Remedy 29 Carbon Frameset - 2016,Mountain Bikes
29,5,14,2,269.99,0.05,512.981,Electra Girl's Hawaii 1 (16-inch) - 2015/2016,Cruisers Bicycles
30,1,26,1,599.99,0.05,569.9905,Electra Townie Original 7D EQ - 2016,Comfort Bicycles
30,2,17,1,429,0.07,398.97,Pure Cycles Vine 8-Speed - 2016,Cruisers Bicycles
30,3,19,1,449,0.1,404.1,Pure Cycles William 3-Speed - 2016,Cruisers Bicycles
30,4,4,1,2899.99,0.1,2609.991,Trek Fuel EX 8 29 - 2016,Mountain Bikes
30,5,7,2,3999.99,0.1,7199.982,Trek Slash 8 27.5 - 2016,Mountain Bikes
31,1,11,2,1680.99,0.05,3193.881,Surly Straggler 650b - 2016,Cyclocross Bicycles
31,2,9,2,2999.99,0.2,4799.984,Trek Conduit+ - 2016,Electric Bikes
32,1,8,2,1799.99,0.07,3347.9814,Trek Remedy 29 Carbon Frameset - 2016,Mountain Bikes
32,2,12,2,549.99,0.07,1022.9814,Electra Townie Original 21D - 2016,Cruisers Bicycles
32,3,25,2,499.99,0.1,899.982,Electra Townie Original 7D - 2015/2016,Comfort Bicycles
33,1,23,2,299.99,0.07,557.9814,Electra Girl's Hawaii 1 (20-inch) - 2015/2016,Children Bicycles
33,2,7,1,3999.99,0.1,3599.991,Trek Slash 8 27.5 - 2016,Mountain Bikes
34,1,8,2,1799.99,0.07,3347.9814,Trek Remedy 29 Carbon Frameset - 2016,Mountain Bikes
34,2,10,2,1549,0.1,2788.2,Surly Straggler - 2016,Cyclocross Bicycles
34,3,17,2,429,0.2,686.4,Pure Cycles Vine 8-Speed - 2016,Cruisers Bicycles
35,1,18,1,449,0.05,426.55,Pure Cycles Western 3-Speed - Women's - 2015/2016,Cruisers Bicycles
35,2,20,2,599.99,0.05,1139.981,Electra Townie Original 7D EQ - Women's - 2016,Cruisers Bicycles
35,3,5,1,1320.99,0.2,1056.792,Heller Shagamaw Frame - 2016,Mountain Bikes
35,4,21,2,269.99,0.07,502.1814,Electra Cruiser 1 (24-Inch) - 2016,Children Bicycles
35,5,22,1,269.99,0.07,251.0907,Electra Girl's Hawaii 1 (16-inch) - 2015/2016,Children Bicycles
36,1,9,1,2999.99,0.07,2789.9907,Trek Conduit+ - 2016,Electric Bikes
36,2,5,1,1320.99,0.05,1254.9405,Heller Shagamaw Frame - 2016,Mountain Bikes
36,3,3,2,999.99,0.2,1599.984,Surly Wednesday Frameset - 2016,Mountain Bikes
37,1,16,2,599.99,0.05,1139.981,Electra Townie Original 7D EQ - 2016,Cruisers Bicycles
38,1,7,2,3999.99,0.05,7599.981,Trek Slash 8 27.5 - 2016,Mountain Bikes
38,2,23,1,299.99,0.07,278.9907,Electra Girl's Hawaii 1 (20-inch) - 2015/2016,Children Bicycles
38,3,25,1,499.99,0.2,399.992,Electra Townie Original 7D - 2015/2016,Comfort Bicycles
38,4,10,2,1549,0.1,2788.2,Surly Straggler - 2016,Cyclocross Bicycles
38,5,24,1,549.99,0.07,511.4907,Electra Townie Original 21D - 2016,Comfort Bicycles
39,1,22,2,269.99,0.2,431.984,Electra Girl's Hawaii 1 (16-inch) - 2015/2016,Children Bicycles
39,2,16,2,599.99,0.2,959.984,Electra Townie Original 7D EQ - 2016,Cruisers Bicycles
39,3,3,2,999.99,0.05,1899.981,Surly Wednesday Frameset - 2016,Mountain Bikes
39,4,15,1,529.99,0.1,476.991,Electra Moto 1 - 2016,Cruisers Bicycles
40,1,17,1,429,0.2,343.2,Pure Cycles Vine 8-Speed - 2016,Cruisers Bicycles
40,2,8,2,1799.99,0.2,2879.984,Trek Remedy 29 Carbon Frameset - 2016,Mountain Bikes
41,1,5,1,1320.99,0.1,1188.891,Heller Shagamaw Frame - 2016,Mountain Bikes
41,2,19,2,449,0.2,718.4,Pure Cycles William 3-Speed - 2016,Cruisers Bicycles
41,3,26,2,599.99,0.2,959.984,Electra Townie Original 7D EQ - 2016,Comfort Bicycles
42,1,19,1,449,0.05,426.55,Pure Cycles William 3-Speed - 2016,Cruisers Bicycles
43,1,13,2,269.99,0.1,485.982,Electra Cruiser 1 (24-Inch) - 2016,Cruisers Bicycles
43,2,12,2,549.99,0.05,1044.981,Electra Townie Original 21D - 2016,Cruisers Bicycles
44,1,7,1,3999.99,0.1,3599.991,Trek Slash 8 27.5 - 2016,Mountain Bikes
44,2,16,1,599.99,0.05,569.9905,Electra Townie Original 7D EQ - 2016,Cruisers Bicycles
45,1,4,2,2899.99,0.2,4639.984,Trek Fuel EX 8 29 - 2016,Mountain Bikes
45,2,22,1,269.99,0.07,251.0907,Electra Girl's Hawaii 1 (16-inch) - 2015/2016,Children Bicycles
45,3,21,2,269.99,0.05,512.981,Electra Cruiser 1 (24-Inch) - 2016,Children Bicycles
46,1,17,1,429,0.1,386.1,Pure Cycles Vine 8-Speed - 2016,Cruisers Bicycles
47,1,6,1,469.99,0.05,446.4905,Surly Ice Cream Truck Frameset - 2016,Mountain Bikes
47,2,15,1,529.99,0.1,476.991,Electra Moto 1 - 2016,Cruisers Bicycles
47,3,25,2,499.99,0.07,929.9814,Electra Townie Original 7D - 2015/2016,Comfort Bicycles
47,4,13,1,269.99,0.2,215.992,Electra Cruiser 1 (24-Inch) - 2016,Cruisers Bicycles
48,1,11,1,1680.99,0.1,1512.891,Surly Straggler 650b - 2016,Cyclocross Bicycles
48,2,4,1,2899.99,0.2,2319.992,Trek Fuel EX 8 29 - 2016,Mountain Bikes
48,3,5,2,1320.99,0.1,2377.782,Heller Shagamaw Frame - 2016,Mountain Bikes
48,4,14,2,269.99,0.07,502.1814,Electra Girl's Hawaii 1 (16-inch) - 2015/2016,Cruisers Bicycles
49,1,13,2,269.99,0.07,502.1814,Electra Cruiser 1 (24-Inch) - 2016,Cruisers Bicycles
50,1,3,1,999.99,0.05,949.9905,Surly Wednesday Frameset - 2016,Mountain Bikes
50,2,26,2,599.99,0.07,1115.9814,Electra Townie Original 7D EQ - 2016,Comfort Bicycles
50,3,13,2,269.99,0.2,431.984,Electra Cruiser 1 (24-Inch) - 2016,Cruisers Bicycles
51,1,13,1,269.99,0.05,256.4905,Electra Cruiser 1 (24-Inch) - 2016,Cruisers Bicycles
51,2,20,1,599.99,0.05,569.9905,Electra Townie Original 7D EQ - Women's - 2016,Cruisers Bicycles
51,3,26,2,599.99,0.2,959.984,Electra Townie Original 7D EQ - 2016,Comfort Bicycles
52,1,25,1,499.99,0.07,464.9907,Electra Townie Original 7D - 2015/2016,Comfort Bicycles
53,1,8,2,1799.99,0.2,2879.984,Trek Remedy 29 Carbon Frameset - 2016,Mountain Bikes
53,2,23,2,299.99,0.05,569.981,Electra Girl's Hawaii 1 (20-inch) - 2015/2016,Children Bicycles
53,3,14,2,269.99,0.2,431.984,Electra Girl's Hawaii 1 (16-inch) - 2015/2016,Cruisers Bicycles
53,4,25,2,499.99,0.1,899.982,Electra Townie Original 7D - 2015/2016,Comfort Bicycles
54,1,26,2,599.99,0.2,959.984,Electra Townie Original 7D EQ - 2016,Comfort Bicycles
54,2,3,1,999.99,0.2,799.992,Surly Wednesday Frameset - 2016,Mountain Bikes
55,1,21,1,269.99,0.05,256.4905,Electra Cruiser 1 (24-Inch) - 2016,Children Bicycles
55,2,25,2,499.99,0.2,799.984,Electra Townie Original 7D - 2015/2016,Comfort Bicycles
55,3,15,2,529.99,0.2,847.984,Electra Moto 1 - 2016,Cruisers Bicycles
56,1,20,2,599.99,0.07,1115.9814,Electra Townie Original 7D EQ - Women's - 2016,Cruisers Bicycles
57,1,23,2,299.99,0.1,539.982,Electra Girl's Hawaii 1 (20-inch) - 2015/2016,Children Bicycles
57,2,19,2,449,0.2,718.4,Pure Cycles William 3-Speed - 2016,Cruisers Bicycles
57,3,13,1,269.99,0.07,251.0907,Electra Cruiser 1 (24-Inch) - 2016,Cruisers Bicycles
58,1,14,2,269.99,0.05,512.981,Electra Girl's Hawaii 1 (16-inch) - 2015/2016,Cruisers Bicycles
58,2,18,1,449,0.07,417.57,Pure Cycles Western 3-Speed - Women's - 2015/2016,Cruisers Bicycles
58,3,23,1,299.99,0.1,269.991,Electra Girl's Hawaii 1 (20-inch) - 2015/2016,Children Bicycles
59,1,21,1,269.99,0.05,256.4905,Electra Cruiser 1 (24-Inch) - 2016,Children Bicycles
59,2,2,1,749.99,0.1,674.991,Ritchey Timberwolf Frameset - 2016,Mountain Bikes
59,3,17,2,429,0.1,772.2,Pure Cycles Vine 8-Speed - 2016,Cruisers Bicycles
60,1,14,2,269.99,0.05,512.981,Electra Girl's Hawaii 1 (16-inch) - 2015/2016,Cruisers Bicycles
60,2,4,1,2899.99,0.1,2609.991,Trek Fuel EX 8 29 - 2016,Mountain Bikes
60,3,15,1,529.99,0.07,492.8907,Electra Moto 1 - 2016,Cruisers Bicycles
60,4,22,1,269.99,0.2,215.992,Electra Girl's Hawaii 1 (16-inch) - 2015/2016,Children Bicycles
61,1,25,1,499.99,0.1,449.991,Electra Townie Original 7D - 2015/2016,Comfort Bicycles
61,2,15,2,529.99,0.05,1006.981,Electra Moto 1 - 2016,Cruisers Bicycles
61,3,5,2,1320.99,0.2,2113.584,Heller Shagamaw Frame - 2016,Mountain Bikes
62,1,14,1,269.99,0.07,251.0907,Electra Girl's Hawaii 1 (16-inch) - 2015/2016,Cruisers Bicycles
62,2,8,2,1799.99,0.1,3239.982,Trek Remedy 29 Carbon Frameset - 2016,Mountain Bikes
62,3,22,2,269.99,0.1,485.982,Electra Girl's Hawaii 1 (16-inch) - 2015/2016,Children Bicycles
63,1,25,2,499.99,0.1,899.982,Electra Townie Original 7D - 2015/2016,Comfort Bicycles
63,2,19,2,449,0.05,853.1,Pure Cycles William 3-Speed - 2016,Cruisers Bicycles
63,3,3,1,999.99,0.1,899.991,Surly Wednesday Frameset - 2016,Mountain Bikes
64,1,25,2,499.99,0.1,899.982,Electra Townie Original 7D - 2015/2016,Comfort Bicycles
64,2,22,2,269.99,0.2,431.984,Electra Girl's Hawaii 1 (16-inch) - 2015/2016,Children Bicycles
64,3,23,2,299.99,0.2,479.984,Electra Girl's Hawaii 1 (20-inch) - 2015/2016,Children Bicycles
64,4,24,2,549.99,0.1,989.982,Electra Townie Original 21D - 2016,Comfort Bicycles
65,1,12,1,549.99,0.1,494.991,Electra Townie Original 21D - 2016,Cruisers Bicycles
66,1,2,1,749.99,0.2,599.992,Ritchey Timberwolf Frameset - 2016,Mountain Bikes
66,2,23,1,299.99,0.07,278.9907,Electra Girl's Hawaii 1 (20-inch) - 2015/2016,Children Bicycles
66,3,12,1,549.99,0.07,511.4907,Electra Townie Original 21D - 2016,Cruisers Bicycles
67,1,23,2,299.99,0.2,479.984,Electra Girl's Hawaii 1 (20-inch) - 2015/2016,Children Bicycles
67,2,12,2,549.99,0.1,989.982,Electra Townie Original 21D - 2016,Cruisers Bicycles
67,3,21,1,269.99,0.2,215.992,Electra Cruiser 1 (24-Inch) - 2016,Children Bicycles
67,4,5,2,1320.99,0.1,2377.782,Heller Shagamaw Frame - 2016,Mountain Bikes
67,5,19,1,449,0.2,359.2,Pure Cycles William 3-Speed - 2016,Cruisers Bicycles
68,1,13,2,269.99,0.07,502.1814,Electra Cruiser 1 (24-Inch) - 2016,Cruisers Bicycles
68,2,17,1,429,0.1,386.1,Pure Cycles Vine 8-Speed - 2016,Cruisers Bicycles
69,1,22,2,269.99,0.1,485.982,Electra Girl's Hawaii 1 (16-inch) - 2015/2016,Children Bicycles
69,2,5,1,1320.99,0.2,1056.792,Heller Shagamaw Frame - 2016,Mountain Bikes
69,3,10,1,1549,0.05,1471.55,Surly Straggler - 2016,Cyclocross Bicycles
70,1,3,2,999.99,0.05,1899.981,Surly Wednesday Frameset - 2016,Mountain Bikes
70,2,18,1,449,0.2,359.2,Pure Cycles Western 3-Speed - Women's - 2015/2016,Cruisers Bicycles
70,3,20,1,599.99,0.05,569.9905,Electra Townie Original 7D EQ - Women's - 2016,Cruisers Bicycles
71,1,26,2,599.99,0.05,1139.981,Electra Townie Original 7D EQ - 2016,Comfort Bicycles
71,2,24,1,549.99,0.2,439.992,Electra Townie Original 21D - 2016,Comfort Bicycles
71,3,18,1,449,0.1,404.1,Pure Cycles Western 3-Speed - Women's - 2015/2016,Cruisers Bicycles
72,1,17,2,429,0.07,797.94,Pure Cycles Vine 8-Speed - 2016,Cruisers Bicycles
72,2,12,1,549.99,0.05,522.4905,Electra Townie Original 21D - 2016,Cruisers Bicycles
72,3,13,2,269.99,0.1,485.982,Electra Cruiser 1 (24-Inch) - 2016,Cruisers Bicycles
73,1,22,1,269.99,0.07,251.0907,Electra Girl's Hawaii 1 (16-inch) - 2015/2016,Children Bicycles
73,2,26,2,599.99,0.05,1139.981,Electra Townie Original 7D EQ - 2016,Comfort Bicycles
73,3,3,2,999.99,0.07,1859.9814,Surly Wednesday Frameset - 2016,Mountain Bikes
73,4,25,1,499.99,0.07,464.9907,Electra Townie Original 7D - 2015/2016,Comfort Bicycles
73,5,23,2,299.99,0.2,479.984,Electra Girl's Hawaii 1 (20-inch) - 2015/2016,Children Bicycles
74,1,16,2,599.99,0.05,1139.981,Electra Townie Original 7D EQ - 2016,Cruisers Bicycles
74,2,6,1,469.99,0.07,437.0907,Surly Ice Cream Truck Frameset - 2016,Mountain Bikes
75,1,3,1,999.99,0.1,899.991,Surly Wednesday Frameset - 2016,Mountain Bikes
75,2,7,2,3999.99,0.07,7439.9814,Trek Slash 8 27.5 - 2016,Mountain Bikes
75,3,15,1,529.99,0.2,423.992,Electra Moto 1 - 2016,Cruisers Bicycles
76,1,12,1,549.99,0.05,522.4905,Electra Townie Original 21D - 2016,Cruisers Bicycles
76,2,11,2,1680.99,0.1,3025.782,Surly Straggler 650b - 2016,Cyclocross Bicycles
76,3,5,1,1320.99,0.07,1228.5207,Heller Shagamaw Frame - 2016,Mountain Bikes
77,1,20,1,599.99,0.07,557.9907,Electra Townie Original 7D EQ - Women's - 2016,Cruisers Bicycles
77,2,24,2,549.99,0.1,989.982,Electra Townie Original 21D - 2016,Comfort Bicycles
77,3,26,1,599.99,0.2,479.992,Electra Townie Original 7D EQ - 2016,Comfort Bicycles
77,4,25,1,499.99,0.2,399.992,Electra Townie Original 7D - 2015/2016,Comfort Bicycles
78,1,17,1,429,0.07,398.97,Pure Cycles Vine 8-Speed - 2016,Cruisers Bicycles
78,2,19,1,449,0.2,359.2,Pure Cycles William 3-Speed - 2016,Cruisers Bicycles
78,3,18,2,449,0.1,808.2,Pure Cycles Western 3-Speed - Women's - 2015/2016,Cruisers Bicycles
78,4,14,2,269.99,0.1,485.982,Electra Girl's Hawaii 1 (16-inch) - 2015/2016,Cruisers Bicycles
79,1,9,2,2999.99,0.1,5399.982,Trek Conduit+ - 2016,Electric Bikes
79,2,17,2,429,0.05,815.1,Pure Cycles Vine 8-Speed - 2016,Cruisers Bicycles
79,3,6,1,469.99,0.1,422.991,Surly Ice Cream Truck Frameset - 2016,Mountain Bikes
79,4,25,2,499.99,0.07,929.9814,Electra Townie Original 7D - 2015/2016,Comfort Bicycles
80,1,26,1,599.99,0.1,539.991,Electra Townie Original 7D EQ - 2016,Comfort Bicycles
80,2,24,1,549.99,0.1,494.991,Electra Townie Original 21D - 2016,Comfort Bicycles
80,3,17,1,429,0.2,343.2,Pure Cycles Vine 8-Speed - 2016,Cruisers Bicycles
81,1,10,2,1549,0.2,2478.4,Surly Straggler - 2016,Cyclocross Bicycles
81,2,23,2,299.99,0.05,569.981,Electra Girl's Hawaii 1 (20-inch) - 2015/2016,Children Bicycles
81,3,25,2,499.99,0.05,949.981,Electra Townie Original 7D - 2015/2016,Comfort Bicycles
82,1,25,2,499.99,0.1,899.982,Electra Townie Original 7D - 2015/2016,Comfort Bicycles
82,2,11,2,1680.99,0.2,2689.584,Surly Straggler 650b - 2016,Cyclocross Bicycles
83,1,20,1,599.99,0.2,479.992,Electra Townie Original 7D EQ - Women's - 2016,Cruisers Bicycles
83,2,3,2,999.99,0.05,1899.981,Surly Wednesday Frameset - 2016,Mountain Bikes
84,1,23,2,299.99,0.07,557.9814,Electra Girl's Hawaii 1 (20-inch) - 2015/2016,Children Bicycles
84,2,15,2,529.99,0.07,985.7814,Electra Moto 1 - 2016,Cruisers Bicycles
85,1,4,2,2899.99,0.05,5509.981,Trek Fuel EX 8 29 - 2016,Mountain Bikes
85,2,18,1,449,0.07,417.57,Pure Cycles Western 3-Speed - Women's - 2015/2016,Cruisers Bicycles
86,1,9,2,2999.99,0.1,5399.982,Trek Conduit+ - 2016,Electric Bikes
86,2,23,2,299.99,0.07,557.9814,Electra Girl's Hawaii 1 (20-inch) - 2015/2016,Children Bicycles
86,3,21,2,269.99,0.2,431.984,Electra Cruiser 1 (24-Inch) - 2016,Children Bicycles
86,4,15,1,529.99,0.1,476.991,Electra Moto 1 - 2016,Cruisers Bicycles
87,1,20,2,599.99,0.2,959.984,Electra Townie Original 7D EQ - Women's - 2016,Cruisers Bicycles
87,2,23,2,299.99,0.1,539.982,Electra Girl's Hawaii 1 (20-inch) - 2015/2016,Children Bicycles
88,1,10,1,1549,0.07,1440.57,Surly Straggler - 2016,Cyclocross Bicycles
88,2,8,2,1799.99,0.1,3239.982,Trek Remedy 29 Carbon Frameset - 2016,Mountain Bikes
88,3,7,1,3999.99,0.1,3599.991,Trek Slash 8 27.5 - 2016,Mountain Bikes
89,1,5,1,1320.99,0.05,1254.9405,Heller Shagamaw Frame - 2016,Mountain Bikes
89,2,6,2,469.99,0.1,845.982,Surly Ice Cream Truck Frameset - 2016,Mountain Bikes
90,1,3,1,999.99,0.1,899.991,Surly Wednesday Frameset - 2016,Mountain Bikes
90,2,6,1,469.99,0.07,437.0907,Surly Ice Cream Truck Frameset - 2016,Mountain Bikes
91,1,11,1,1680.99,0.1,1512.891,Surly Straggler 650b - 2016,Cyclocross Bicycles
91,2,25,1,499.99,0.05,474.9905,Electra Townie Original 7D - 2015/2016,Comfort Bicycles
91,3,15,2,529.99,0.07,985.7814,Electra Moto 1 - 2016,Cruisers Bicycles
91,4,13,2,269.99,0.07,502.1814,Electra Cruiser 1 (24-Inch) - 2016,Cruisers Bicycles
92,1,8,1,1799.99,0.1,1619.991,Trek Remedy 29 Carbon Frameset - 2016,Mountain Bikes
93,1,22,2,269.99,0.07,502.1814,Electra Girl's Hawaii 1 (16-inch) - 2015/2016,Children Bicycles
93,2,17,1,429,0.05,407.55,Pure Cycles Vine 8-Speed - 2016,Cruisers Bicycles
93,3,21,1,269.99,0.1,242.991,Electra Cruiser 1 (24-Inch) - 2016,Children Bicycles
93,4,2,1,749.99,0.2,599.992,Ritchey Timberwolf Frameset - 2016,Mountain Bikes
93,5,10,2,1549,0.07,2881.14,Surly Straggler - 2016,Cyclocross Bicycles
94,1,12,1,549.99,0.05,522.4905,Electra Townie Original 21D - 2016,Cruisers Bicycles
94,2,4,1,2899.99,0.2,2319.992,Trek Fuel EX 8 29 - 2016,Mountain Bikes
94,3,11,1,1680.99,0.2,1344.792,Surly Straggler 650b - 2016,Cyclocross Bicycles
94,4,21,2,269.99,0.07,502.1814,Electra Cruiser 1 (24-Inch) - 2016,Children Bicycles
95,1,10,2,1549,0.2,2478.4,Surly Straggler - 2016,Cyclocross Bicycles
95,2,19,1,449,0.1,404.1,Pure Cycles William 3-Speed - 2016,Cruisers Bicycles
95,3,8,2,1799.99,0.2,2879.984,Trek Remedy 29 Carbon Frameset - 2016,Mountain Bikes
95,4,20,2,599.99,0.05,1139.981,Electra Townie Original 7D EQ - Women's - 2016,Cruisers Bicycles
96,1,26,1,599.99,0.1,539.991,Electra Townie Original 7D EQ - 2016,Comfort Bicycles
96,2,23,1,299.99,0.05,284.9905,Electra Girl's Hawaii 1 (20-inch) - 2015/2016,Children Bicycles
97,1,20,2,599.99,0.2,959.984,Electra Townie Original 7D EQ - Women's - 2016,Cruisers Bicycles
97,2,2,1,749.99,0.07,697.4907,Ritchey Timberwolf Frameset - 2016,Mountain Bikes
97,3,6,2,469.99,0.2,751.984,Surly Ice Cream Truck Frameset - 2016,Mountain Bikes
97,4,19,1,449,0.1,404.1,Pure Cycles William 3-Speed - 2016,Cruisers Bicycles
98,1,19,1,449,0.07,417.57,Pure Cycles William 3-Speed - 2016,Cruisers Bicycles
98,2,21,1,269.99,0.1,242.991,Electra Cruiser 1 (24-Inch) - 2016,Children Bicycles
98,3,2,1,749.99,0.2,599.992,Ritchey Timberwolf Frameset - 2016,Mountain Bikes
98,4,22,2,269.99,0.2,431.984,Electra Girl's Hawaii 1 (16-inch) - 2015/2016,Children Bicycles
99,1,13,1,269.99,0.2,215.992,Electra Cruiser 1 (24-Inch) - 2016,Cruisers Bicycles
99,2,21,1,269.99,0.2,215.992,Electra Cruiser 1 (24-Inch) - 2016,Children Bicycles
99,3,25,2,499.99,0.05,949.981,Electra Townie Original 7D - 2015/2016,Comfort Bicycles
99,4,7,2,3999.99,0.07,7439.9814,Trek Slash 8 27.5 - 2016,Mountain Bikes
99,5,23,2,299.99,0.2,479.984,Electra Girl's Hawaii 1 (20-inch) - 2015/2016,Children Bicycles
100,1,12,2,549.99,0.05,1044.981,Electra Townie Original 21D - 2016,Cruisers Bicycles
100,2,11,2,1680.99,0.1,3025.782,Surly Straggler 650b - 2016,Cyclocross Bicycles
100,3,7,2,3999.99,0.2,6399.984,Trek Slash 8 27.5 - 2016,Mountain Bikes
100,4,16,2,599.99,0.2,959.984,Electra Townie Original 7D EQ - 2016,Cruisers Bicycles
100,5,24,2,549.99,0.1,989.982,Electra Townie Original 21D - 2016,Comfort Bicycles
101,1,12,2,549.99,0.2,879.984,Electra Townie Original 21D - 2016,Cruisers Bicycles
102,1,15,1,529.99,0.05,503.4905,Electra Moto 1 - 2016,Cruisers Bicycles
102,2,22,1,269.99,0.07,251.0907,Electra Girl's Hawaii 1 (16-inch) - 2015/2016,Children Bicycles
103,1,17,1,429,0.07,398.97,Pure Cycles Vine 8-Speed - 2016,Cruisers Bicycles
103,2,3,1,999.99,0.05,949.9905,Surly Wednesday Frameset - 2016,Mountain Bikes
103,3,18,1,449,0.2,359.2,Pure Cycles Western 3-Speed - Women's - 2015/2016,Cruisers Bicycles
103,4,15,2,529.99,0.1,953.982,Electra Moto 1 - 2016,Cruisers Bicycles
103,5,9,2,2999.99,0.1,5399.982,Trek Conduit+ - 2016,Electric Bikes
104,1,19,2,449,0.1,808.2,Pure Cycles William 3-Speed - 2016,Cruisers Bicycles
104,2,26,1,599.99,0.05,569.9905,Electra Townie Original 7D EQ - 2016,Comfort Bicycles
105,1,11,2,1680.99,0.2,2689.584,Surly Straggler 650b - 2016,Cyclocross Bicycles
105,2,3,1,999.99,0.05,949.9905,Surly Wednesday Frameset - 2016,Mountain Bikes
105,3,9,1,2999.99,0.05,2849.9905,Trek Conduit+ - 2016,Electric Bikes
106,1,17,1,429,0.1,386.1,Pure Cycles Vine 8-Speed - 2016,Cruisers Bicycles
106,2,13,2,269.99,0.1,485.982,Electra Cruiser 1 (24-Inch) - 2016,Cruisers Bicycles
107,1,19,1,449,0.2,359.2,Pure Cycles William 3-Speed - 2016,Cruisers Bicycles
107,2,13,2,269.99,0.1,485.982,Electra Cruiser 1 (24-Inch) - 2016,Cruisers Bicycles
108,1,11,1,1680.99,0.1,1512.891,Surly Straggler 650b - 2016,Cyclocross Bicycles
108,2,22,2,269.99,0.07,502.1814,Electra Girl's Hawaii 1 (16-inch) - 2015/2016,Children Bicycles
108,3,16,2,599.99,0.05,1139.981,Electra Townie Original 7D EQ - 2016,Cruisers Bicycles
109,1,22,2,269.99,0.1,485.982,Electra Girl's Hawaii 1 (16-inch) - 2015/2016,Children Bicycles
109,2,6,1,469.99,0.07,437.0907,Surly Ice Cream Truck Frameset - 2016,Mountain Bikes
110,1,14,1,269.99,0.1,242.991,Electra Girl's Hawaii 1 (16-inch) - 2015/2016,Cruisers Bicycles
111,1,14,1,269.99,0.1,242.991,Electra Girl's Hawaii 1 (16-inch) - 2015/2016,Cruisers Bicycles
111,2,12,2,549.99,0.07,1022.9814,Electra Townie Original 21D - 2016,Cruisers Bicycles
112,1,23,2,299.99,0.2,479.984,Electra Girl's Hawaii 1 (20-inch) - 2015/2016,Children Bicycles
112,2,25,2,499.99,0.07,929.9814,Electra Townie Original 7D - 2015/2016,Comfort Bicycles
112,3,24,2,549.99,0.05,1044.981,Electra Townie Original 21D - 2016,Comfort Bicycles
112,4,5,1,1320.99,0.2,1056.792,Heller Shagamaw Frame - 2016,Mountain Bikes
113,1,12,2,549.99,0.07,1022.9814,Electra Townie Original 21D - 2016,Cruisers Bicycles
113,2,24,2,549.99,0.1,989.982,Electra Townie Original 21D - 2016,Comfort Bicycles
113,3,6,1,469.99,0.07,437.0907,Surly Ice Cream Truck Frameset - 2016,Mountain Bikes
113,4,23,1,299.99,0.2,239.992,Electra Girl's Hawaii 1 (20-inch) - 2015/2016,Children Bicycles
113,5,5,2,1320.99,0.2,2113.584,Heller Shagamaw Frame - 2016,Mountain Bikes
114,1,12,1,549.99,0.05,522.4905,Electra Townie Original 21D - 2016,Cruisers Bicycles
114,2,2,1,749.99,0.07,697.4907,Ritchey Timberwolf Frameset - 2016,Mountain Bikes
114,3,13,2,269.99,0.1,485.982,Electra Cruiser 1 (24-Inch) - 2016,Cruisers Bicycles
115,1,22,1,269.99,0.2,215.992,Electra Girl's Hawaii 1 (16-inch) - 2015/2016,Children Bicycles
115,2,19,1,449,0.1,404.1,Pure Cycles William 3-Speed - 2016,Cruisers Bicycles
116,1,26,1,599.99,0.05,569.9905,Electra Townie Original 7D EQ - 2016,Comfort Bicycles
117,1,22,2,269.99,0.2,431.984,Electra Girl's Hawaii 1 (16-inch) - 2015/2016,Children Bicycles
117,2,26,1,599.99,0.05,569.9905,Electra Townie Original 7D EQ - 2016,Comfort Bicycles
117,3,14,1,269.99,0.2,215.992,Electra Girl's Hawaii 1 (16-inch) - 2015/2016,Cruisers Bicycles
117,4,19,1,449,0.05,426.55,Pure Cycles William 3-Speed - 2016,Cruisers Bicycles
118,1,18,1,449,0.07,417.57,Pure Cycles Western 3-Speed - Women's - 2015/2016,Cruisers Bicycles
118,2,4,1,2899.99,0.07,2696.9907,Trek Fuel EX 8 29 - 2016,Mountain Bikes
118,3,6,1,469.99,0.07,437.0907,Surly Ice Cream Truck Frameset - 2016,Mountain Bikes
118,4,3,2,999.99,0.1,1799.982,Surly Wednesday Frameset - 2016,Mountain Bikes
118,5,23,2,299.99,0.07,557.9814,Electra Girl's Hawaii 1 (20-inch) - 2015/2016,Children Bicycles
119,1,25,1,499.99,0.05,474.9905,Electra Townie Original 7D - 2015/2016,Comfort Bicycles
120,1,13,2,269.99,0.05,512.981,Electra Cruiser 1 (24-Inch) - 2016,Cruisers Bicycles
120,2,6,2,469.99,0.05,892.981,Surly Ice Cream Truck Frameset - 2016,Mountain Bikes
120,3,10,2,1549,0.05,2943.1,Surly Straggler - 2016,Cyclocross Bicycles
120,4,17,1,429,0.05,407.55,Pure Cycles Vine 8-Speed - 2016,Cruisers Bicycles
120,5,16,2,599.99,0.2,959.984,Electra Townie Original 7D EQ - 2016,Cruisers Bicycles
121,1,5,1,1320.99,0.2,1056.792,Heller Shagamaw Frame - 2016,Mountain Bikes
121,2,14,2,269.99,0.1,485.982,Electra Girl's Hawaii 1 (16-inch) - 2015/2016,Cruisers Bicycles
121,3,4,2,2899.99,0.1,5219.982,Trek Fuel EX 8 29 - 2016,Mountain Bikes
121,4,24,2,549.99,0.07,1022.9814,Electra Townie Original 21D - 2016,Comfort Bicycles
121,5,2,2,749.99,0.05,1424.981,Ritchey Timberwolf Frameset - 2016,Mountain Bikes
122,1,16,1,599.99,0.1,539.991,Electra Townie Original 7D EQ - 2016,Cruisers Bicycles
123,1,12,2,549.99,0.1,989.982,Electra Townie Original 21D - 2016,Cruisers Bicycles
124,1,16,1,599.99,0.05,569.9905,Electra Townie Original 7D EQ - 2016,Cruisers Bicycles
124,2,4,1,2899.99,0.07,2696.9907,Trek Fuel EX 8 29 - 2016,Mountain Bikes
124,3,7,2,3999.99,0.05,7599.981,Trek Slash 8 27.5 - 2016,Mountain Bikes
125,1,17,1,429,0.1,386.1,Pure Cycles Vine 8-Speed - 2016,Cruisers Bicycles
126,1,9,2,2999.99,0.05,5699.981,Trek Conduit+ - 2016,Electric Bikes
127,1,17,1,429,0.07,398.97,Pure Cycles Vine 8-Speed - 2016,Cruisers Bicycles
127,2,20,1,599.99,0.1,539.991,Electra Townie Original 7D EQ - Women's - 2016,Cruisers Bicycles
127,3,4,2,2899.99,0.07,5393.9814,Trek Fuel EX 8 29 - 2016,Mountain Bikes
128,1,24,2,549.99,0.1,989.982,Electra Townie Original 21D - 2016,Comfort Bicycles
128,2,16,2,599.99,0.1,1079.982,Electra Townie Original 7D EQ - 2016,Cruisers Bicycles
128,3,4,2,2899.99,0.2,4639.984,Trek Fuel EX 8 29 - 2016,Mountain Bikes
128,4,3,2,999.99,0.2,1599.984,Surly Wednesday Frameset - 2016,Mountain Bikes
129,1,18,1,449,0.1,404.1,Pure Cycles Western 3-Speed - Women's - 2015/2016,Cruisers Bicycles
129,2,9,1,2999.99,0.1,2699.991,Trek Conduit+ - 2016,Electric Bikes
130,1,26,1,599.99,0.05,569.9905,Electra Townie Original 7D EQ - 2016,Comfort Bicycles
130,2,5,2,1320.99,0.07,2457.0414,Heller Shagamaw Frame - 2016,Mountain Bikes
131,1,22,2,269.99,0.2,431.984,Electra Girl's Hawaii 1 (16-inch) - 2015/2016,Children Bicycles
131,2,4,2,2899.99,0.07,5393.9814,Trek Fuel EX 8 29 - 2016,Mountain Bikes
131,3,24,2,549.99,0.1,989.982,Electra Townie Original 21D - 2016,Comfort Bicycles
132,1,2,2,749.99,0.05,1424.981,Ritchey Timberwolf Frameset - 2016,Mountain Bikes
132,2,20,1,599.99,0.05,569.9905,Electra Townie Original 7D EQ - Women's - 2016,Cruisers Bicycles
132,3,9,1,2999.99,0.1,2699.991,Trek Conduit+ - 2016,Electric Bikes
133,1,13,2,269.99,0.05,512.981,Electra Cruiser 1 (24-Inch) - 2016,Cruisers Bicycles
133,2,22,1,269.99,0.2,215.992,Electra Girl's Hawaii 1 (16-inch) - 2015/2016,Children Bicycles
134,1,19,2,449,0.1,808.2,Pure Cycles William 3-Speed - 2016,Cruisers Bicycles
134,2,2,2,749.99,0.07,1394.9814,Ritchey Timberwolf Frameset - 2016,Mountain Bikes
134,3,18,2,449,0.07,835.14,Pure Cycles Western 3-Speed - Women's - 2015/2016,Cruisers Bicycles
135,1,5,2,1320.99,0.05,2509.881,Heller Shagamaw Frame - 2016,Mountain Bikes
135,2,18,2,449,0.05,853.1,Pure Cycles Western 3-Speed - Women's - 2015/2016,Cruisers Bicycles
135,3,25,1,499.99,0.2,399.992,Electra Townie Original 7D - 2015/2016,Comfort Bicycles
135,4,2,1,749.99,0.05,712.4905,Ritchey Timberwolf Frameset - 2016,Mountain Bikes
136,1,7,2,3999.99,0.2,6399.984,Trek Slash 8 27.5 - 2016,Mountain Bikes
136,2,3,2,999.99,0.05,1899.981,Surly Wednesday Frameset - 2016,Mountain Bikes
137,1,23,1,299.99,0.07,278.9907,Electra Girl's Hawaii 1 (20-inch) - 2015/2016,Children Bicycles
137,2,22,1,269.99,0.1,242.991,Electra Girl's Hawaii 1 (16-inch) - 2015/2016,Children Bicycles
138,1,16,2,599.99,0.1,1079.982,Electra Townie Original 7D EQ - 2016,Cruisers Bicycles
138,2,6,1,469.99,0.2,375.992,Surly Ice Cream Truck Frameset - 2016,Mountain Bikes
139,1,19,2,449,0.07,835.14,Pure Cycles William 3-Speed - 2016,Cruisers Bicycles
139,2,3,1,999.99,0.07,929.9907,Surly Wednesday Frameset - 2016,Mountain Bikes
140,1,15,1,529.99,0.2,423.992,Electra Moto 1 - 2016,Cruisers Bicycles
140,2,21,1,269.99,0.2,215.992,Electra Cruiser 1 (24-Inch) - 2016,Children Bicycles
140,3,12,2,549.99,0.2,879.984,Electra Townie Original 21D - 2016,Cruisers Bicycles
140,4,3,1,999.99,0.05,949.9905,Surly Wednesday Frameset - 2016,Mountain Bikes
141,1,18,1,449,0.2,359.2,Pure Cycles Western 3-Speed - Women's - 2015/2016,Cruisers Bicycles
142,1,16,2,599.99,0.1,1079.982,Electra Townie Original 7D EQ - 2016,Cruisers Bicycles
142,2,11,2,1680.99,0.1,3025.782,Surly Straggler 650b - 2016,Cyclocross Bicycles
142,3,19,1,449,0.07,417.57,Pure Cycles William 3-Speed - 2016,Cruisers Bicycles
143,1,6,1,469.99,0.2,375.992,Surly Ice Cream Truck Frameset - 2016,Mountain Bikes
144,1,8,2,1799.99,0.05,3419.981,Trek Remedy 29 Carbon Frameset - 2016,Mountain Bikes
145,1,11,1,1680.99,0.2,1344.792,Surly Straggler 650b - 2016,Cyclocross Bicycles
145,2,9,2,2999.99,0.1,5399.982,Trek Conduit+ - 2016,Electric Bikes
146,1,3,2,999.99,0.2,1599.984,Surly Wednesday Frameset - 2016,Mountain Bikes
146,2,12,1,549.99,0.1,494.991,Electra Townie Original 21D - 2016,Cruisers Bicycles
146,3,20,2,599.99,0.1,1079.982,Electra Townie Original 7D EQ - Women's - 2016,Cruisers Bicycles
146,4,6,2,469.99,0.05,892.981,Surly Ice Cream Truck Frameset - 2016,Mountain Bikes
146,5,2,1,749.99,0.07,697.4907,Ritchey Timberwolf Frameset - 2016,Mountain Bikes
147,1,26,2,599.99,0.2,959.984,Electra Townie Original 7D EQ - 2016,Comfort Bicycles
148,1,14,1,269.99,0.05,256.4905,Electra Girl's Hawaii 1 (16-inch) - 2015/2016,Cruisers Bicycles
149,1,12,2,549.99,0.07,1022.9814,Electra Townie Original 21D - 2016,Cruisers Bicycles
149,2,21,2,269.99,0.07,502.1814,Electra Cruiser 1 (24-Inch) - 2016,Children Bicycles
150,1,7,1,3999.99,0.1,3599.991,Trek Slash 8 27.5 - 2016,Mountain Bikes
150,2,3,1,999.99,0.2,799.992,Surly Wednesday Frameset - 2016,Mountain Bikes
150,3,17,1,429,0.07,398.97,Pure Cycles Vine 8-Speed - 2016,Cruisers Bicycles
150,4,25,2,499.99,0.07,929.9814,Electra Townie Original 7D - 2015/2016,Comfort Bicycles
151,1,17,1,429,0.1,386.1,Pure Cycles Vine 8-Speed - 2016,Cruisers Bicycles
151,2,26,1,599.99,0.1,539.991,Electra Townie Original 7D EQ - 2016,Comfort Bicycles
152,1,6,2,469.99,0.2,751.984,Surly Ice Cream Truck Frameset - 2016,Mountain Bikes
152,2,22,2,269.99,0.2,431.984,Electra Girl's Hawaii 1 (16-inch) - 2015/2016,Children Bicycles
152,3,16,2,599.99,0.07,1115.9814,Electra Townie Original 7D EQ - 2016,Cruisers Bicycles
153,1,16,1,599.99,0.07,557.9907,Electra Townie Original 7D EQ - 2016,Cruisers Bicycles
153,2,8,1,1799.99,0.07,1673.9907,Trek Remedy 29 Carbon Frameset - 2016,Mountain Bikes
153,3,15,2,529.99,0.05,1006.981,Electra Moto 1 - 2016,Cruisers Bicycles
154,1,12,1,549.99,0.1,494.991,Electra Townie Original 21D - 2016,Cruisers Bicycles
155,1,8,1,1799.99,0.1,1619.991,Trek Remedy 29 Carbon Frameset - 2016,Mountain Bikes
156,1,18,2,449,0.2,718.4,Pure Cycles Western 3-Speed - Women's - 2015/2016,Cruisers Bicycles
156,2,17,2,429,0.05,815.1,Pure Cycles Vine 8-Speed - 2016,Cruisers Bicycles
156,3,6,1,469.99,0.07,437.0907,Surly Ice Cream Truck Frameset - 2016,Mountain Bikes
157,1,4,1,2899.99,0.1,2609.991,Trek Fuel EX 8 29 - 2016,Mountain Bikes
157,2,7,2,3999.99,0.07,7439.9814,Trek Slash 8 27.5 - 2016,Mountain Bikes
158,1,24,1,549.99,0.1,494.991,Electra Townie Original 21D - 2016,Comfort Bicycles
159,1,13,1,269.99,0.2,215.992,Electra Cruiser 1 (24-Inch) - 2016,Cruisers Bicycles
160,1,21,1,269.99,0.07,251.0907,Electra Cruiser 1 (24-Inch) - 2016,Children Bicycles
160,2,15,2,529.99,0.07,985.7814,Electra Moto 1 - 2016,Cruisers Bicycles
160,3,18,2,449,0.1,808.2,Pure Cycles Western 3-Speed - Women's - 2015/2016,Cruisers Bicycles
160,4,11,1,1680.99,0.05,1596.9405,Surly Straggler 650b - 2016,Cyclocross Bicycles
161,1,24,2,549.99,0.07,1022.9814,Electra Townie Original 21D - 2016,Comfort Bicycles
161,2,22,1,269.99,0.05,256.4905,Electra Girl's Hawaii 1 (16-inch) - 2015/2016,Children Bicycles
161,3,7,2,3999.99,0.05,7599.981,Trek Slash 8 27.5 - 2016,Mountain Bikes
162,1,18,1,449,0.07,417.57,Pure Cycles Western 3-Speed - Women's - 2015/2016,Cruisers Bicycles
162,2,21,2,269.99,0.07,502.1814,Electra Cruiser 1 (24-Inch) - 2016,Children Bicycles
162,3,3,2,999.99,0.1,1799.982,Surly Wednesday Frameset - 2016,Mountain Bikes
163,1,12,1,549.99,0.1,494.991,Electra Townie Original 21D - 2016,Cruisers Bicycles
163,2,18,1,449,0.2,359.2,Pure Cycles Western 3-Speed - Women's - 2015/2016,Cruisers Bicycles
164,1,4,2,2899.99,0.05,5509.981,Trek Fuel EX 8 29 - 2016,Mountain Bikes
164,2,10,2,1549,0.05,2943.1,Surly Straggler - 2016,Cyclocross Bicycles
164,3,14,1,269.99,0.1,242.991,Electra Girl's Hawaii 1 (16-inch) - 2015/2016,Cruisers Bicycles
165,1,4,2,2899.99,0.05,5509.981,Trek Fuel EX 8 29 - 2016,Mountain Bikes
165,2,23,1,299.99,0.2,239.992,Electra Girl's Hawaii 1 (20-inch) - 2015/2016,Children Bicycles
165,3,2,1,749.99,0.05,712.4905,Ritchey Timberwolf Frameset - 2016,Mountain Bikes
166,1,10,2,1549,0.1,2788.2,Surly Straggler - 2016,Cyclocross Bicycles
166,2,11,1,1680.99,0.2,1344.792,Surly Straggler 650b - 2016,Cyclocross Bicycles
167,1,12,1,549.99,0.05,522.4905,Electra Townie Original 21D - 2016,Cruisers Bicycles
167,2,10,1,1549,0.2,1239.2,Surly Straggler - 2016,Cyclocross Bicycles
167,3,13,2,269.99,0.05,512.981,Electra Cruiser 1 (24-Inch) - 2016,Cruisers Bicycles
167,4,7,2,3999.99,0.05,7599.981,Trek Slash 8 27.5 - 2016,Mountain Bikes
168,1,6,1,469.99,0.1,422.991,Surly Ice Cream Truck Frameset - 2016,Mountain Bikes
168,2,11,2,1680.99,0.07,3126.6414,Surly Straggler 650b - 2016,Cyclocross Bicycles
168,3,12,2,549.99,0.07,1022.9814,Electra Townie Original 21D - 2016,Cruisers Bicycles
168,4,22,2,269.99,0.2,431.984,Electra Girl's Hawaii 1 (16-inch) - 2015/2016,Children Bicycles
169,1,20,2,599.99,0.1,1079.982,Electra Townie Original 7D EQ - Women's - 2016,Cruisers Bicycles
169,2,5,1,1320.99,0.05,1254.9405,Heller Shagamaw Frame - 2016,Mountain Bikes
169,3,10,1,1549,0.2,1239.2,Surly Straggler - 2016,Cyclocross Bicycles
169,4,11,1,1680.99,0.2,1344.792,Surly Straggler 650b - 2016,Cyclocross Bicycles
169,5,14,2,269.99,0.05,512.981,Electra Girl's Hawaii 1 (16-inch) - 2015/2016,Cruisers Bicycles
170,1,12,2,549.99,0.1,989.982,Electra Townie Original 21D - 2016,Cruisers Bicycles
170,2,24,1,549.99,0.05,522.4905,Electra Townie Original 21D - 2016,Comfort Bicycles
170,3,7,1,3999.99,0.2,3199.992,Trek Slash 8 27.5 - 2016,Mountain Bikes
170,4,18,2,449,0.05,853.1,Pure Cycles Western 3-Speed - Women's - 2015/2016,Cruisers Bicycles
171,1,8,1,1799.99,0.05,1709.9905,Trek Remedy 29 Carbon Frameset - 2016,Mountain Bikes
172,1,23,1,299.99,0.07,278.9907,Electra Girl's Hawaii 1 (20-inch) - 2015/2016,Children Bicycles
172,2,16,1,599.99,0.2,479.992,Electra Townie Original 7D EQ - 2016,Cruisers Bicycles
173,1,14,1,269.99,0.05,256.4905,Electra Girl's Hawaii 1 (16-inch) - 2015/2016,Cruisers Bicycles
173,2,16,1,599.99,0.2,479.992,Electra Townie Original 7D EQ - 2016,Cruisers Bicycles
173,3,20,2,599.99,0.05,1139.981,Electra Townie Original 7D EQ - Women's - 2016,Cruisers Bicycles
174,1,22,2,269.99,0.2,431.984,Electra Girl's Hawaii 1 (16-inch) - 2015/2016,Children Bicycles
174,2,19,2,449,0.1,808.2,Pure Cycles William 3-Speed - 2016,Cruisers Bicycles
175,1,5,1,1320.99,0.1,1188.891,Heller Shagamaw Frame - 2016,Mountain Bikes
175,2,2,2,749.99,0.2,1199.984,Ritchey Timberwolf Frameset - 2016,Mountain Bikes
175,3,21,2,269.99,0.1,485.982,Electra Cruiser 1 (24-Inch) - 2016,Children Bicycles
175,4,19,1,449,0.07,417.57,Pure Cycles William 3-Speed - 2016,Cruisers Bicycles
176,1,2,2,749.99,0.07,1394.9814,Ritchey Timberwolf Frameset - 2016,Mountain Bikes
176,2,11,2,1680.99,0.2,2689.584,Surly Straggler 650b - 2016,Cyclocross Bicycles
176,3,16,2,599.99,0.05,1139.981,Electra Townie Original 7D EQ - 2016,Cruisers Bicycles
177,1,20,2,599.99,0.1,1079.982,Electra Townie Original 7D EQ - Women's - 2016,Cruisers Bicycles
178,1,10,2,1549,0.2,2478.4,Surly Straggler - 2016,Cyclocross Bicycles
178,2,12,1,549.99,0.05,522.4905,Electra Townie Original 21D - 2016,Cruisers Bicycles
178,3,3,1,999.99,0.1,899.991,Surly Wednesday Frameset - 2016,Mountain Bikes
178,4,18,1,449,0.07,417.57,Pure Cycles Western 3-Speed - Women's - 2015/2016,Cruisers Bicycles
179,1,13,2,269.99,0.05,512.981,Electra Cruiser 1 (24-Inch) - 2016,Cruisers Bicycles
179,2,26,1,599.99,0.1,539.991,Electra Townie Original 7D EQ - 2016,Comfort Bicycles
179,3,18,1,449,0.2,359.2,Pure Cycles Western 3-Speed - Women's - 2015/2016,Cruisers Bicycles
179,4,12,2,549.99,0.2,879.984,Electra Townie Original 21D - 2016,Cruisers Bicycles
179,5,20,2,599.99,0.1,1079.982,Electra Townie Original 7D EQ - Women's - 2016,Cruisers Bicycles
180,1,16,1,599.99,0.07,557.9907,Electra Townie Original 7D EQ - 2016,Cruisers Bicycles
181,1,10,1,1549,0.05,1471.55,Surly Straggler - 2016,Cyclocross Bicycles
181,2,11,1,1680.99,0.1,1512.891,Surly Straggler 650b - 2016,Cyclocross Bicycles
181,3,15,2,529.99,0.2,847.984,Electra Moto 1 - 2016,Cruisers Bicycles
181,4,24,2,549.99,0.05,1044.981,Electra Townie Original 21D - 2016,Comfort Bicycles
182,1,25,2,499.99,0.05,949.981,Electra Townie Original 7D - 2015/2016,Comfort Bicycles
182,2,24,2,549.99,0.07,1022.9814,Electra Townie Original 21D - 2016,Comfort Bicycles
183,1,11,2,1680.99,0.2,2689.584,Surly Straggler 650b - 2016,Cyclocross Bicycles
183,2,12,2,549.99,0.05,1044.981,Electra Townie Original 21D - 2016,Cruisers Bicycles
183,3,19,1,449,0.07,417.57,Pure Cycles William 3-Speed - 2016,Cruisers Bicycles
183,4,17,1,429,0.07,398.97,Pure Cycles Vine 8-Speed - 2016,Cruisers Bicycles
184,1,4,1,2899.99,0.2,2319.992,Trek Fuel EX 8 29 - 2016,Mountain Bikes
184,2,5,1,1320.99,0.1,1188.891,Heller Shagamaw Frame - 2016,Mountain Bikes
184,3,14,1,269.99,0.1,242.991,Electra Girl's Hawaii 1 (16-inch) - 2015/2016,Cruisers Bicycles
185,1,20,1,599.99,0.1,539.991,Electra Townie Original 7D EQ - Women's - 2016,Cruisers Bicycles
185,2,8,1,1799.99,0.05,1709.9905,Trek Remedy 29 Carbon Frameset - 2016,Mountain Bikes
186,1,4,1,2899.99,0.1,2609.991,Trek Fuel EX 8 29 - 2016,Mountain Bikes
186,2,6,1,469.99,0.1,422.991,Surly Ice Cream Truck Frameset - 2016,Mountain Bikes
187,1,5,1,1320.99,0.05,1254.9405,Heller Shagamaw Frame - 2016,Mountain Bikes
188,1,7,2,3999.99,0.07,7439.9814,Trek Slash 8 27.5 - 2016,Mountain Bikes
189,1,16,2,599.99,0.2,959.984,Electra Townie Original 7D EQ - 2016,Cruisers Bicycles
190,1,24,1,549.99,0.05,522.4905,Electra Townie Original 21D - 2016,Comfort Bicycles
190,2,15,1,529.99,0.2,423.992,Electra Moto 1 - 2016,Cruisers Bicycles
190,3,3,2,999.99,0.2,1599.984,Surly Wednesday Frameset - 2016,Mountain Bikes
191,1,25,1,499.99,0.05,474.9905,Electra Townie Original 7D - 2015/2016,Comfort Bicycles
191,2,12,2,549.99,0.2,879.984,Electra Townie Original 21D - 2016,Cruisers Bicycles
191,3,3,1,999.99,0.07,929.9907,Surly Wednesday Frameset - 2016,Mountain Bikes
191,4,8,2,1799.99,0.05,3419.981,Trek Remedy 29 Carbon Frameset - 2016,Mountain Bikes
191,5,23,1,299.99,0.05,284.9905,Electra Girl's Hawaii 1 (20-inch) - 2015/2016,Children Bicycles
192,1,8,2,1799.99,0.1,3239.982,Trek Remedy 29 Carbon Frameset - 2016,Mountain Bikes
192,2,25,1,499.99,0.07,464.9907,Electra Townie Original 7D - 2015/2016,Comfort Bicycles
192,3,2,1,749.99,0.05,712.4905,Ritchey Timberwolf Frameset - 2016,Mountain Bikes
192,4,24,2,549.99,0.07,1022.9814,Electra Townie Original 21D - 2016,Comfort Bicycles
192,5,10,2,1549,0.2,2478.4,Surly Straggler - 2016,Cyclocross Bicycles
193,1,12,2,549.99,0.1,989.982,Electra Townie Original 21D - 2016,Cruisers Bicycles
194,1,21,2,269.99,0.2,431.984,Electra Cruiser 1 (24-Inch) - 2016,Children Bicycles
195,1,18,1,449,0.2,359.2,Pure Cycles Western 3-Speed - Women's - 2015/2016,Cruisers Bicycles
195,2,14,1,269.99,0.05,256.4905,Electra Girl's Hawaii 1 (16-inch) - 2015/2016,Cruisers Bicycles
195,3,5,2,1320.99,0.2,2113.584,Heller Shagamaw Frame - 2016,Mountain Bikes
195,4,4,2,2899.99,0.2,4639.984,Trek Fuel EX 8 29 - 2016,Mountain Bikes
195,5,21,2,269.99,0.1,485.982,Electra Cruiser 1 (24-Inch) - 2016,Children Bicycles
196,1,6,1,469.99,0.05,446.4905,Surly Ice Cream Truck Frameset - 2016,Mountain Bikes
196,2,3,2,999.99,0.07,1859.9814,Surly Wednesday Frameset - 2016,Mountain Bikes
196,3,10,2,1549,0.07,2881.14,Surly Straggler - 2016,Cyclocross Bicycles
196,4,12,1,549.99,0.07,511.4907,Electra Townie Original 21D - 2016,Cruisers Bicycles
196,5,20,1,599.99,0.1,539.991,Electra Townie Original 7D EQ - Women's - 2016,Cruisers Bicycles
197,1,4,2,2899.99,0.2,4639.984,Trek Fuel EX 8 29 - 2016,Mountain Bikes
197,2,2,2,749.99,0.07,1394.9814,Ritchey Timberwolf Frameset - 2016,Mountain Bikes
198,1,6,2,469.99,0.05,892.981,Surly Ice Cream Truck Frameset - 2016,Mountain Bikes
198,2,20,2,599.99,0.07,1115.9814,Electra Townie Original 7D EQ - Women's - 2016,Cruisers Bicycles
198,3,8,2,1799.99,0.2,2879.984,Trek Remedy 29 Carbon Frameset - 2016,Mountain Bikes
198,4,13,2,269.99,0.05,512.981,Electra Cruiser 1 (24-Inch) - 2016,Cruisers Bicycles
198,5,17,1,429,0.05,407.55,Pure Cycles Vine 8-Speed - 2016,Cruisers Bicycles
199,1,25,2,499.99,0.05,949.981,Electra Townie Original 7D - 2015/2016,Comfort Bicycles
199,2,18,2,449,0.07,835.14,Pure Cycles Western 3-Speed - Women's - 2015/2016,Cruisers Bicycles
199,3,4,1,2899.99,0.2,2319.992,Trek Fuel EX 8 29 - 2016,Mountain Bikes
200,1,23,2,299.99,0.05,569.981,Electra Girl's Hawaii 1 (20-inch) - 2015/2016,Children Bicycles
200,2,22,2,269.99,0.07,502.1814,Electra Girl's Hawaii 1 (16-inch) - 2015/2016,Children Bicycles
201,1,24,1,549.99,0.05,522.4905,Electra Townie Original 21D - 2016,Comfort Bicycles
201,2,7,1,3999.99,0.2,3199.992,Trek Slash 8 27.5 - 2016,Mountain Bikes
201,3,14,2,269.99,0.1,485.982,Electra Girl's Hawaii 1 (16-inch) - 2015/2016,Cruisers Bicycles
201,4,17,1,429,0.05,407.55,Pure Cycles Vine 8-Speed - 2016,Cruisers Bicycles
202,1,8,1,1799.99,0.07,1673.9907,Trek Remedy 29 Carbon Frameset - 2016,Mountain Bikes
202,2,17,1,429,0.05,407.55,Pure Cycles Vine 8-Speed - 2016,Cruisers Bicycles
202,3,15,2,529.99,0.05,1006.981,Electra Moto 1 - 2016,Cruisers Bicycles
202,4,25,2,499.99,0.05,949.981,Electra Townie Original 7D - 2015/2016,Comfort Bicycles
203,1,26,1,599.99,0.05,569.9905,Electra Townie Original 7D EQ - 2016,Comfort Bicycles
203,2,3,2,999.99,0.1,1799.982,Surly Wednesday Frameset - 2016,Mountain Bikes
203,3,17,2,429,0.2,686.4,Pure Cycles Vine 8-Speed - 2016,Cruisers Bicycles
203,4,19,2,449,0.07,835.14,Pure Cycles William 3-Speed - 2016,Cruisers Bicycles
204,1,6,2,469.99,0.07,874.1814,Surly Ice Cream Truck Frameset - 2016,Mountain Bikes
204,2,17,2,429,0.1,772.2,Pure Cycles Vine 8-Speed - 2016,Cruisers Bicycles
205,1,22,2,269.99,0.05,512.981,Electra Girl's Hawaii 1 (16-inch) - 2015/2016,Children Bicycles
205,2,24,2,549.99,0.1,989.982,Electra Townie Original 21D - 2016,Comfort Bicycles
206,1,25,1,499.99,0.05,474.9905,Electra Townie Original 7D - 2015/2016,Comfort Bicycles
206,2,20,1,599.99,0.2,479.992,Electra Townie Original 7D EQ - Women's - 2016,Cruisers Bicycles
207,1,12,2,549.99,0.2,879.984,Electra Townie Original 21D - 2016,Cruisers Bicycles
207,2,5,1,1320.99,0.05,1254.9405,Heller Shagamaw Frame - 2016,Mountain Bikes
207,3,11,2,1680.99,0.07,3126.6414,Surly Straggler 650b - 2016,Cyclocross Bicycles
207,4,7,2,3999.99,0.1,7199.982,Trek Slash 8 27.5 - 2016,Mountain Bikes
208,1,6,2,469.99,0.05,892.981,Surly Ice Cream Truck Frameset - 2016,Mountain Bikes
208,2,4,2,2899.99,0.07,5393.9814,Trek Fuel EX 8 29 - 2016,Mountain Bikes
208,3,3,1,999.99,0.05,949.9905,Surly Wednesday Frameset - 2016,Mountain Bikes
208,4,12,1,549.99,0.2,439.992,Electra Townie Original 21D - 2016,Cruisers Bicycles
208,5,10,2,1549,0.05,2943.1,Surly Straggler - 2016,Cyclocross Bicycles
209,1,13,1,269.99,0.1,242.991,Electra Cruiser 1 (24-Inch) - 2016,Cruisers Bicycles
210,1,14,1,269.99,0.07,251.0907,Electra Girl's Hawaii 1 (16-inch) - 2015/2016,Cruisers Bicycles
210,2,13,2,269.99,0.2,431.984,Electra Cruiser 1 (24-Inch) - 2016,Cruisers Bicycles
211,1,10,1,1549,0.07,1440.57,Surly Straggler - 2016,Cyclocross Bicycles
211,2,2,2,749.99,0.07,1394.9814,Ritchey Timberwolf Frameset - 2016,Mountain Bikes
212,1,16,2,599.99,0.07,1115.9814,Electra Townie Original 7D EQ - 2016,Cruisers Bicycles
212,2,12,2,549.99,0.2,879.984,Electra Townie Original 21D - 2016,Cruisers Bicycles
212,3,19,1,449,0.1,404.1,Pure Cycles William 3-Speed - 2016,Cruisers Bicycles
212,4,7,1,3999.99,0.2,3199.992,Trek Slash 8 27.5 - 2016,Mountain Bikes
213,1,13,1,269.99,0.1,242.991,Electra Cruiser 1 (24-Inch) - 2016,Cruisers Bicycles
214,1,21,1,269.99,0.1,242.991,Electra Cruiser 1 (24-Inch) - 2016,Children Bicycles
215,1,19,1,449,0.07,417.57,Pure Cycles William 3-Speed - 2016,Cruisers Bicycles
215,2,12,2,549.99,0.1,989.982,Electra Townie Original 21D - 2016,Cruisers Bicycles
216,1,22,2,269.99,0.1,485.982,Electra Girl's Hawaii 1 (16-inch) - 2015/2016,Children Bicycles
216,2,16,2,599.99,0.05,1139.981,Electra Townie Original 7D EQ - 2016,Cruisers Bicycles
217,1,18,1,449,0.1,404.1,Pure Cycles Western 3-Speed - Women's - 2015/2016,Cruisers Bicycles
217,2,10,2,1549,0.1,2788.2,Surly Straggler - 2016,Cyclocross Bicycles
217,3,17,1,429,0.07,398.97,Pure Cycles Vine 8-Speed - 2016,Cruisers Bicycles
218,1,2,2,749.99,0.1,1349.982,Ritchey Timberwolf Frameset - 2016,Mountain Bikes
218,2,13,1,269.99,0.07,251.0907,Electra Cruiser 1 (24-Inch) - 2016,Cruisers Bicycles
218,3,12,1,549.99,0.05,522.4905,Electra Townie Original 21D - 2016,Cruisers Bicycles
219,1,26,1,599.99,0.05,569.9905,Electra Townie Original 7D EQ - 2016,Comfort Bicycles
219,2,5,1,1320.99,0.2,1056.792,Heller Shagamaw Frame - 2016,Mountain Bikes
220,1,6,2,469.99,0.05,892.981,Surly Ice Cream Truck Frameset - 2016,Mountain Bikes
220,2,25,1,499.99,0.07,464.9907,Electra Townie Original 7D - 2015/2016,Comfort Bicycles
220,3,22,2,269.99,0.1,485.982,Electra Girl's Hawaii 1 (16-inch) - 2015/2016,Children Bicycles
220,4,3,2,999.99,0.2,1599.984,Surly Wednesday Frameset - 2016,Mountain Bikes
221,1,11,2,1680.99,0.07,3126.6414,Surly Straggler 650b - 2016,Cyclocross Bicycles
222,1,10,1,1549,0.1,1394.1,Surly Straggler - 2016,Cyclocross Bicycles
222,2,2,2,749.99,0.1,1349.982,Ritchey Timberwolf Frameset - 2016,Mountain Bikes
223,1,7,2,3999.99,0.05,7599.981,Trek Slash 8 27.5 - 2016,Mountain Bikes
223,2,5,1,1320.99,0.2,1056.792,Heller Shagamaw Frame - 2016,Mountain Bikes
223,3,21,2,269.99,0.1,485.982,Electra Cruiser 1 (24-Inch) - 2016,Children Bicycles
223,4,20,1,599.99,0.05,569.9905,Electra Townie Original 7D EQ - Women's - 2016,Cruisers Bicycles
223,5,15,1,529.99,0.05,503.4905,Electra Moto 1 - 2016,Cruisers Bicycles
224,1,6,1,469.99,0.07,437.0907,Surly Ice Cream Truck Frameset - 2016,Mountain Bikes
224,2,11,2,1680.99,0.1,3025.782,Surly Straggler 650b - 2016,Cyclocross Bicycles
224,3,10,2,1549,0.2,2478.4,Surly Straggler - 2016,Cyclocross Bicycles
224,4,25,1,499.99,0.05,474.9905,Electra Townie Original 7D - 2015/2016,Comfort Bicycles
225,1,21,1,269.99,0.1,242.991,Electra Cruiser 1 (24-Inch) - 2016,Children Bicycles
225,2,9,1,2999.99,0.1,2699.991,Trek Conduit+ - 2016,Electric Bikes
226,1,2,1,749.99,0.05,712.4905,Ritchey Timberwolf Frameset - 2016,Mountain Bikes
227,1,3,2,999.99,0.05,1899.981,Surly Wednesday Frameset - 2016,Mountain Bikes
227,2,15,2,529.99,0.1,953.982,Electra Moto 1 - 2016,Cruisers Bicycles
228,1,25,1,499.99,0.2,399.992,Electra Townie Original 7D - 2015/2016,Comfort Bicycles
228,2,2,2,749.99,0.07,1394.9814,Ritchey Timberwolf Frameset - 2016,Mountain Bikes
228,3,23,2,299.99,0.1,539.982,Electra Girl's Hawaii 1 (20-inch) - 2015/2016,Children Bicycles
228,4,4,1,2899.99,0.2,2319.992,Trek Fuel EX 8 29 - 2016,Mountain Bikes
228,5,22,1,269.99,0.05,256.4905,Electra Girl's Hawaii 1 (16-inch) - 2015/2016,Children Bicycles
229,1,25,2,499.99,0.2,799.984,Electra Townie Original 7D - 2015/2016,Comfort Bicycles
229,2,5,2,1320.99,0.1,2377.782,Heller Shagamaw Frame - 2016,Mountain Bikes
229,3,8,1,1799.99,0.2,1439.992,Trek Remedy 29 Carbon Frameset - 2016,Mountain Bikes
230,1,11,2,1680.99,0.07,3126.6414,Surly Straggler 650b - 2016,Cyclocross Bicycles
231,1,8,2,1799.99,0.07,3347.9814,Trek Remedy 29 Carbon Frameset - 2016,Mountain Bikes
231,2,14,2,269.99,0.2,431.984,Electra Girl's Hawaii 1 (16-inch) - 2015/2016,Cruisers Bicycles
231,3,5,2,1320.99,0.2,2113.584,Heller Shagamaw Frame - 2016,Mountain Bikes
232,1,18,1,449,0.07,417.57,Pure Cycles Western 3-Speed - Women's - 2015/2016,Cruisers Bicycles
232,2,11,2,1680.99,0.05,3193.881,Surly Straggler 650b - 2016,Cyclocross Bicycles
232,3,26,2,599.99,0.07,1115.9814,Electra Townie Original 7D EQ - 2016,Comfort Bicycles
232,4,8,2,1799.99,0.1,3239.982,Trek Remedy 29 Carbon Frameset - 2016,Mountain Bikes
233,1,14,1,269.99,0.1,242.991,Electra Girl's Hawaii 1 (16-inch) - 2015/2016,Cruisers Bicycles
233,2,16,2,599.99,0.1,1079.982,Electra Townie Original 7D EQ - 2016,Cruisers Bicycles
233,3,12,1,549.99,0.2,439.992,Electra Townie Original 21D - 2016,Cruisers Bicycles
233,4,15,2,529.99,0.07,985.7814,Electra Moto 1 - 2016,Cruisers Bicycles
234,1,11,2,1680.99,0.2,2689.584,Surly Straggler 650b - 2016,Cyclocross Bicycles
234,2,17,2,429,0.05,815.1,Pure Cycles Vine 8-Speed - 2016,Cruisers Bicycles
234,3,12,1,549.99,0.1,494.991,Electra Townie Original 21D - 2016,Cruisers Bicycles
234,4,7,1,3999.99,0.05,3799.9905,Trek Slash 8 27.5 - 2016,Mountain Bikes
234,5,23,1,299.99,0.1,269.991,Electra Girl's Hawaii 1 (20-inch) - 2015/2016,Children Bicycles
235,1,6,1,469.99,0.07,437.0907,Surly Ice Cream Truck Frameset - 2016,Mountain Bikes
235,2,13,2,269.99,0.05,512.981,Electra Cruiser 1 (24-Inch) - 2016,Cruisers Bicycles
235,3,7,2,3999.99,0.05,7599.981,Trek Slash 8 27.5 - 2016,Mountain Bikes
236,1,3,2,999.99,0.07,1859.9814,Surly Wednesday Frameset - 2016,Mountain Bikes
236,2,2,2,749.99,0.1,1349.982,Ritchey Timberwolf Frameset - 2016,Mountain Bikes
236,3,4,2,2899.99,0.1,5219.982,Trek Fuel EX 8 29 - 2016,Mountain Bikes
237,1,15,1,529.99,0.2,423.992,Electra Moto 1 - 2016,Cruisers Bicycles
237,2,24,1,549.99,0.07,511.4907,Electra Townie Original 21D - 2016,Comfort Bicycles
237,3,20,2,599.99,0.2,959.984,Electra Townie Original 7D EQ - Women's - 2016,Cruisers Bicycles
237,4,26,1,599.99,0.05,569.9905,Electra Townie Original 7D EQ - 2016,Comfort Bicycles
238,1,20,2,599.99,0.2,959.984,Electra Townie Original 7D EQ - Women's - 2016,Cruisers Bicycles
238,2,25,1,499.99,0.07,464.9907,Electra Townie Original 7D - 2015/2016,Comfort Bicycles
238,3,13,2,269.99,0.2,431.984,Electra Cruiser 1 (24-Inch) - 2016,Cruisers Bicycles
238,4,22,2,269.99,0.05,512.981,Electra Girl's Hawaii 1 (16-inch) - 2015/2016,Children Bicycles
238,5,7,1,3999.99,0.07,3719.9907,Trek Slash 8 27.5 - 2016,Mountain Bikes
239,1,16,2,599.99,0.1,1079.982,Electra Townie Original 7D EQ - 2016,Cruisers Bicycles
239,2,21,2,269.99,0.05,512.981,Electra Cruiser 1 (24-Inch) - 2016,Children Bicycles
239,3,18,1,449,0.07,417.57,Pure Cycles Western 3-Speed - Women's - 2015/2016,Cruisers Bicycles
239,4,4,2,2899.99,0.07,5393.9814,Trek Fuel EX 8 29 - 2016,Mountain Bikes
240,1,9,1,2999.99,0.07,2789.9907,Trek Conduit+ - 2016,Electric Bikes
240,2,8,1,1799.99,0.07,1673.9907,Trek Remedy 29 Carbon Frameset - 2016,Mountain Bikes
240,3,5,1,1320.99,0.07,1228.5207,Heller Shagamaw Frame - 2016,Mountain Bikes
240,4,18,2,449,0.07,835.14,Pure Cycles Western 3-Speed - Women's - 2015/2016,Cruisers Bicycles
241,1,7,1,3999.99,0.2,3199.992,Trek Slash 8 27.5 - 2016,Mountain Bikes
242,1,3,1,999.99,0.2,799.992,Surly Wednesday Frameset - 2016,Mountain Bikes
243,1,25,2,499.99,0.05,949.981,Electra Townie Original 7D - 2015/2016,Comfort Bicycles
243,2,19,2,449,0.07,835.14,Pure Cycles William 3-Speed - 2016,Cruisers Bicycles
243,3,7,2,3999.99,0.05,7599.981,Trek Slash 8 27.5 - 2016,Mountain Bikes
244,1,19,1,449,0.07,417.57,Pure Cycles William 3-Speed - 2016,Cruisers Bicycles
244,2,25,1,499.99,0.2,399.992,Electra Townie Original 7D - 2015/2016,Comfort Bicycles
244,3,22,1,269.99,0.1,242.991,Electra Girl's Hawaii 1 (16-inch) - 2015/2016,Children Bicycles
245,1,10,2,1549,0.05,2943.1,Surly Straggler - 2016,Cyclocross Bicycles
245,2,8,1,1799.99,0.1,1619.991,Trek Remedy 29 Carbon Frameset - 2016,Mountain Bikes
246,1,17,2,429,0.2,686.4,Pure Cycles Vine 8-Speed - 2016,Cruisers Bicycles
247,1,25,1,499.99,0.07,464.9907,Electra Townie Original 7D - 2015/2016,Comfort Bicycles
247,2,3,1,999.99,0.2,799.992,Surly Wednesday Frameset - 2016,Mountain Bikes
248,1,13,1,269.99,0.1,242.991,Electra Cruiser 1 (24-Inch) - 2016,Cruisers Bicycles
248,2,26,2,599.99,0.1,1079.982,Electra Townie Original 7D EQ - 2016,Comfort Bicycles
248,3,17,1,429,0.1,386.1,Pure Cycles Vine 8-Speed - 2016,Cruisers Bicycles
248,4,9,1,2999.99,0.2,2399.992,Trek Conduit+ - 2016,Electric Bikes
249,1,7,2,3999.99,0.05,7599.981,Trek Slash 8 27.5 - 2016,Mountain Bikes
249,2,18,2,449,0.05,853.1,Pure Cycles Western 3-Speed - Women's - 2015/2016,Cruisers Bicycles
249,3,22,1,269.99,0.1,242.991,Electra Girl's Hawaii 1 (16-inch) - 2015/2016,Children Bicycles
250,1,17,2,429,0.05,815.1,Pure Cycles Vine 8-Speed - 2016,Cruisers Bicycles
250,2,11,2,1680.99,0.1,3025.782,Surly Straggler 650b - 2016,Cyclocross Bicycles
251,1,23,2,299.99,0.2,479.984,Electra Girl's Hawaii 1 (20-inch) - 2015/2016,Children Bicycles
251,2,22,2,269.99,0.05,512.981,Electra Girl's Hawaii 1 (16-inch) - 2015/2016,Children Bicycles
252,1,11,2,1680.99,0.1,3025.782,Surly Straggler 650b - 2016,Cyclocross Bicycles
252,2,4,1,2899.99,0.07,2696.9907,Trek Fuel EX 8 29 - 2016,Mountain Bikes
252,3,19,1,449,0.1,404.1,Pure Cycles William 3-Speed - 2016,Cruisers Bicycles
253,1,11,2,1680.99,0.07,3126.6414,Surly Straggler 650b - 2016,Cyclocross Bicycles
254,1,6,2,469.99,0.07,874.1814,Surly Ice Cream Truck Frameset - 2016,Mountain Bikes
254,2,3,1,999.99,0.05,949.9905,Surly Wednesday Frameset - 2016,Mountain Bikes
254,3,12,1,549.99,0.05,522.4905,Electra Townie Original 21D - 2016,Cruisers Bicycles
255,1,5,2,1320.99,0.1,2377.782,Heller Shagamaw Frame - 2016,Mountain Bikes
255,2,14,1,269.99,0.2,215.992,Electra Girl's Hawaii 1 (16-inch) - 2015/2016,Cruisers Bicycles
255,3,2,2,749.99,0.2,1199.984,Ritchey Timberwolf Frameset - 2016,Mountain Bikes
255,4,21,1,269.99,0.07,251.0907,Electra Cruiser 1 (24-Inch) - 2016,Children Bicycles
256,1,11,1,1680.99,0.1,1512.891,Surly Straggler 650b - 2016,Cyclocross Bicycles
256,2,21,1,269.99,0.05,256.4905,Electra Cruiser 1 (24-Inch) - 2016,Children Bicycles
257,1,8,2,1799.99,0.07,3347.9814,Trek Remedy 29 Carbon Frameset - 2016,Mountain Bikes
257,2,13,2,269.99,0.2,431.984,Electra Cruiser 1 (24-Inch) - 2016,Cruisers Bicycles
257,3,10,2,1549,0.1,2788.2,Surly Straggler - 2016,Cyclocross Bicycles
257,4,15,1,529.99,0.1,476.991,Electra Moto 1 - 2016,Cruisers Bicycles
258,1,8,2,1799.99,0.05,3419.981,Trek Remedy 29 Carbon Frameset - 2016,Mountain Bikes
258,2,4,1,2899.99,0.07,2696.9907,Trek Fuel EX 8 29 - 2016,Mountain Bikes
258,3,19,1,449,0.07,417.57,Pure Cycles William 3-Speed - 2016,Cruisers Bicycles
258,4,18,1,449,0.05,426.55,Pure Cycles Western 3-Speed - Women's - 2015/2016,Cruisers Bicycles
259,1,26,1,599.99,0.05,569.9905,Electra Townie Original 7D EQ - 2016,Comfort Bicycles
259,2,6,2,469.99,0.1,845.982,Surly Ice Cream Truck Frameset - 2016,Mountain Bikes
259,3,2,2,749.99,0.2,1199.984,Ritchey Timberwolf Frameset - 2016,Mountain Bikes
259,4,4,1,2899.99,0.1,2609.991,Trek Fuel EX 8 29 - 2016,Mountain Bikes
260,1,23,2,299.99,0.2,479.984,Electra Girl's Hawaii 1 (20-inch) - 2015/2016,Children Bicycles
260,2,10,1,1549,0.2,1239.2,Surly Straggler - 2016,Cyclocross Bicycles
260,3,24,2,549.99,0.2,879.984,Electra Townie Original 21D - 2016,Comfort Bicycles
261,1,16,2,599.99,0.05,1139.981,Electra Townie Original 7D EQ - 2016,Cruisers Bicycles
261,2,14,1,269.99,0.1,242.991,Electra Girl's Hawaii 1 (16-inch) - 2015/2016,Cruisers Bicycles
261,3,17,2,429,0.1,772.2,Pure Cycles Vine 8-Speed - 2016,Cruisers Bicycles
262,1,2,1,749.99,0.07,697.4907,Ritchey Timberwolf Frameset - 2016,Mountain Bikes
262,2,9,2,2999.99,0.05,5699.981,Trek Conduit+ - 2016,Electric Bikes
263,1,9,1,2999.99,0.07,2789.9907,Trek Conduit+ - 2016,Electric Bikes
263,2,3,1,999.99,0.2,799.992,Surly Wednesday Frameset - 2016,Mountain Bikes
263,3,2,2,749.99,0.05,1424.981,Ritchey Timberwolf Frameset - 2016,Mountain Bikes
264,1,10,1,1549,0.2,1239.2,Surly Straggler - 2016,Cyclocross Bicycles
264,2,24,2,549.99,0.05,1044.981,Electra Townie Original 21D - 2016,Comfort Bicycles
264,3,15,2,529.99,0.1,953.982,Electra Moto 1 - 2016,Cruisers Bicycles
264,4,3,2,999.99,0.07,1859.9814,Surly Wednesday Frameset - 2016,Mountain Bikes
265,1,9,2,2999.99,0.2,4799.984,Trek Conduit+ - 2016,Electric Bikes
266,1,6,2,469.99,0.07,874.1814,Surly Ice Cream Truck Frameset - 2016,Mountain Bikes
266,2,19,1,449,0.2,359.2,Pure Cycles William 3-Speed - 2016,Cruisers Bicycles
266,3,25,1,499.99,0.05,474.9905,Electra Townie Original 7D - 2015/2016,Comfort Bicycles
267,1,22,2,269.99,0.2,431.984,Electra Girl's Hawaii 1 (16-inch) - 2015/2016,Children Bicycles
267,2,23,2,299.99,0.1,539.982,Electra Girl's Hawaii 1 (20-inch) - 2015/2016,Children Bicycles
267,3,24,1,549.99,0.1,494.991,Electra Townie Original 21D - 2016,Comfort Bicycles
267,4,7,2,3999.99,0.07,7439.9814,Trek Slash 8 27.5 - 2016,Mountain Bikes
267,5,21,1,269.99,0.05,256.4905,Electra Cruiser 1 (24-Inch) - 2016,Children Bicycles
268,1,7,1,3999.99,0.05,3799.9905,Trek Slash 8 27.5 - 2016,Mountain Bikes
268,2,6,2,469.99,0.2,751.984,Surly Ice Cream Truck Frameset - 2016,Mountain Bikes
268,3,9,1,2999.99,0.1,2699.991,Trek Conduit+ - 2016,Electric Bikes
269,1,5,1,1320.99,0.07,1228.5207,Heller Shagamaw Frame - 2016,Mountain Bikes
269,2,23,2,299.99,0.07,557.9814,Electra Girl's Hawaii 1 (20-inch) - 2015/2016,Children Bicycles
269,3,18,1,449,0.05,426.55,Pure Cycles Western 3-Speed - Women's - 2015/2016,Cruisers Bicycles
269,4,3,1,999.99,0.05,949.9905,Surly Wednesday Frameset - 2016,Mountain Bikes
270,1,25,2,499.99,0.2,799.984,Electra Townie Original 7D - 2015/2016,Comfort Bicycles
270,2,15,1,529.99,0.1,476.991,Electra Moto 1 - 2016,Cruisers Bicycles
271,1,11,2,1680.99,0.07,3126.6414,Surly Straggler 650b - 2016,Cyclocross Bicycles
271,2,6,2,469.99,0.05,892.981,Surly Ice Cream Truck Frameset - 2016,Mountain Bikes
271,3,13,1,269.99,0.1,242.991,Electra Cruiser 1 (24-Inch) - 2016,Cruisers Bicycles
271,4,7,2,3999.99,0.1,7199.982,Trek Slash 8 27.5 - 2016,Mountain Bikes
272,1,2,2,749.99,0.07,1394.9814,Ritchey Timberwolf Frameset - 2016,Mountain Bikes
272,2,11,1,1680.99,0.07,1563.3207,Surly Straggler 650b - 2016,Cyclocross Bicycles
273,1,21,1,269.99,0.1,242.991,Electra Cruiser 1 (24-Inch) - 2016,Children Bicycles
274,1,11,2,1680.99,0.05,3193.881,Surly Straggler 650b - 2016,Cyclocross Bicycles
274,2,25,2,499.99,0.1,899.982,Electra Townie Original 7D - 2015/2016,Comfort Bicycles
274,3,9,2,2999.99,0.07,5579.9814,Trek Conduit+ - 2016,Electric Bikes
275,1,18,1,449,0.05,426.55,Pure Cycles Western 3-Speed - Women's - 2015/2016,Cruisers Bicycles
275,2,25,1,499.99,0.1,449.991,Electra Townie Original 7D - 2015/2016,Comfort Bicycles
275,3,7,2,3999.99,0.05,7599.981,Trek Slash 8 27.5 - 2016,Mountain Bikes
276,1,3,2,999.99,0.2,1599.984,Surly Wednesday Frameset - 2016,Mountain Bikes
276,2,17,1,429,0.05,407.55,Pure Cycles Vine 8-Speed - 2016,Cruisers Bicycles
276,3,9,2,2999.99,0.07,5579.9814,Trek Conduit+ - 2016,Electric Bikes
277,1,20,2,599.99,0.2,959.984,Electra Townie Original 7D EQ - Women's - 2016,Cruisers Bicycles
277,2,6,2,469.99,0.2,751.984,Surly Ice Cream Truck Frameset - 2016,Mountain Bikes
277,3,13,2,269.99,0.1,485.982,Electra Cruiser 1 (24-Inch) - 2016,Cruisers Bicycles
278,1,16,1,599.99,0.2,479.992,Electra Townie Original 7D EQ - 2016,Cruisers Bicycles
278,2,19,2,449,0.07,835.14,Pure Cycles William 3-Speed - 2016,Cruisers Bicycles
278,3,13,1,269.99,0.07,251.0907,Electra Cruiser 1 (24-Inch) - 2016,Cruisers Bicycles
278,4,11,2,1680.99,0.07,3126.6414,Surly Straggler 650b - 2016,Cyclocross Bicycles
279,1,25,1,499.99,0.07,464.9907,Electra Townie Original 7D - 2015/2016,Comfort Bicycles
280,1,25,1,499.99,0.07,464.9907,Electra Townie Original 7D - 2015/2016,Comfort Bicycles
280,2,26,2,599.99,0.07,1115.9814,Electra Townie Original 7D EQ - 2016,Comfort Bicycles
280,3,13,1,269.99,0.07,251.0907,Electra Cruiser 1 (24-Inch) - 2016,Cruisers Bicycles
281,1,22,1,269.99,0.07,251.0907,Electra Girl's Hawaii 1 (16-inch) - 2015/2016,Children Bicycles
281,2,14,2,269.99,0.1,485.982,Electra Girl's Hawaii 1 (16-inch) - 2015/2016,Cruisers Bicycles
281,3,7,2,3999.99,0.07,7439.9814,Trek Slash 8 27.5 - 2016,Mountain Bikes
282,1,20,1,599.99,0.07,557.9907,Electra Townie Original 7D EQ - Women's - 2016,Cruisers Bicycles
282,2,7,2,3999.99,0.07,7439.9814,Trek Slash 8 27.5 - 2016,Mountain Bikes
282,3,3,2,999.99,0.05,1899.981,Surly Wednesday Frameset - 2016,Mountain Bikes
282,4,16,2,599.99,0.07,1115.9814,Electra Townie Original 7D EQ - 2016,Cruisers Bicycles
283,1,9,1,2999.99,0.05,2849.9905,Trek Conduit+ - 2016,Electric Bikes
283,2,16,2,599.99,0.2,959.984,Electra Townie Original 7D EQ - 2016,Cruisers Bicycles
284,1,24,2,549.99,0.2,879.984,Electra Townie Original 21D - 2016,Comfort Bicycles
284,2,20,1,599.99,0.2,479.992,Electra Townie Original 7D EQ - Women's - 2016,Cruisers Bicycles
285,1,16,2,599.99,0.05,1139.981,Electra Townie Original 7D EQ - 2016,Cruisers Bicycles
285,2,12,1,549.99,0.05,522.4905,Electra Townie Original 21D - 2016,Cruisers Bicycles
285,3,2,1,749.99,0.1,674.991,Ritchey Timberwolf Frameset - 2016,Mountain Bikes
286,1,26,2,599.99,0.2,959.984,Electra Townie Original 7D EQ - 2016,Comfort Bicycles
286,2,21,2,269.99,0.07,502.1814,Electra Cruiser 1 (24-Inch) - 2016,Children Bicycles
286,3,16,2,599.99,0.1,1079.982,Electra Townie Original 7D EQ - 2016,Cruisers Bicycles
286,4,7,1,3999.99,0.1,3599.991,Trek Slash 8 27.5 - 2016,Mountain Bikes
287,1,5,1,1320.99,0.2,1056.792,Heller Shagamaw Frame - 2016,Mountain Bikes
287,2,10,1,1549,0.05,1471.55,Surly Straggler - 2016,Cyclocross Bicycles
287,3,2,1,749.99,0.05,712.4905,Ritchey Timberwolf Frameset - 2016,Mountain Bikes
287,4,20,1,599.99,0.05,569.9905,Electra Townie Original 7D EQ - Women's - 2016,Cruisers Bicycles
288,1,4,1,2899.99,0.2,2319.992,Trek Fuel EX 8 29 - 2016,Mountain Bikes
288,2,10,1,1549,0.1,1394.1,Surly Straggler - 2016,Cyclocross Bicycles
288,3,7,2,3999.99,0.05,7599.981,Trek Slash 8 27.5 - 2016,Mountain Bikes
289,1,13,1,269.99,0.07,251.0907,Electra Cruiser 1 (24-Inch) - 2016,Cruisers Bicycles
289,2,24,1,549.99,0.2,439.992,Electra Townie Original 21D - 2016,Comfort Bicycles
289,3,17,1,429,0.2,343.2,Pure Cycles Vine 8-Speed - 2016,Cruisers Bicycles
290,1,2,2,749.99,0.07,1394.9814,Ritchey Timberwolf Frameset - 2016,Mountain Bikes
290,2,5,2,1320.99,0.07,2457.0414,Heller Shagamaw Frame - 2016,Mountain Bikes
290,3,21,1,269.99,0.1,242.991,Electra Cruiser 1 (24-Inch) - 2016,Children Bicycles
291,1,6,2,469.99,0.05,892.981,Surly Ice Cream Truck Frameset - 2016,Mountain Bikes
291,2,21,2,269.99,0.07,502.1814,Electra Cruiser 1 (24-Inch) - 2016,Children Bicycles
292,1,18,2,449,0.1,808.2,Pure Cycles Western 3-Speed - Women's - 2015/2016,Cruisers Bicycles
292,2,4,1,2899.99,0.07,2696.9907,Trek Fuel EX 8 29 - 2016,Mountain Bikes
292,3,10,2,1549,0.05,2943.1,Surly Straggler - 2016,Cyclocross Bicycles
293,1,19,2,449,0.05,853.1,Pure Cycles William 3-Speed - 2016,Cruisers Bicycles
293,2,6,1,469.99,0.2,375.992,Surly Ice Cream Truck Frameset - 2016,Mountain Bikes
294,1,18,1,449,0.2,359.2,Pure Cycles Western 3-Speed - Women's - 2015/2016,Cruisers Bicycles
294,2,14,1,269.99,0.2,215.992,Electra Girl's Hawaii 1 (16-inch) - 2015/2016,Cruisers Bicycles
294,3,7,2,3999.99,0.05,7599.981,Trek Slash 8 27.5 - 2016,Mountain Bikes
294,4,25,2,499.99,0.2,799.984,Electra Townie Original 7D - 2015/2016,Comfort Bicycles
295,1,22,2,269.99,0.07,502.1814,Electra Girl's Hawaii 1 (16-inch) - 2015/2016,Children Bicycles
296,1,25,2,499.99,0.07,929.9814,Electra Townie Original 7D - 2015/2016,Comfort Bicycles
296,2,12,2,549.99,0.1,989.982,Electra Townie Original 21D - 2016,Cruisers Bicycles
296,3,11,2,1680.99,0.1,3025.782,Surly Straggler 650b - 2016,Cyclocross Bicycles
296,4,9,1,2999.99,0.2,2399.992,Trek Conduit+ - 2016,Electric Bikes
297,1,4,2,2899.99,0.2,4639.984,Trek Fuel EX 8 29 - 2016,Mountain Bikes
298,1,23,1,299.99,0.2,239.992,Electra Girl's Hawaii 1 (20-inch) - 2015/2016,Children Bicycles
298,2,6,2,469.99,0.05,892.981,Surly Ice Cream Truck Frameset - 2016,Mountain Bikes
298,3,22,1,269.99,0.2,215.992,Electra Girl's Hawaii 1 (16-inch) - 2015/2016,Children Bicycles
298,4,9,1,2999.99,0.07,2789.9907,Trek Conduit+ - 2016,Electric Bikes
298,5,14,2,269.99,0.1,485.982,Electra Girl's Hawaii 1 (16-inch) - 2015/2016,Cruisers Bicycles
299,1,11,2,1680.99,0.05,3193.881,Surly Straggler 650b - 2016,Cyclocross Bicycles
299,2,10,2,1549,0.2,2478.4,Surly Straggler - 2016,Cyclocross Bicycles
300,1,16,2,599.99,0.1,1079.982,Electra Townie Original 7D EQ - 2016,Cruisers Bicycles
300,2,9,2,2999.99,0.1,5399.982,Trek Conduit+ - 2016,Electric Bikes
300,3,10,1,1549,0.1,1394.1,Surly Straggler - 2016,Cyclocross Bicycles
300,4,11,2,1680.99,0.2,2689.584,Surly Straggler 650b - 2016,Cyclocross Bicycles
301,1,6,1,469.99,0.05,446.4905,Surly Ice Cream Truck Frameset - 2016,Mountain Bikes
301,2,22,1,269.99,0.1,242.991,Electra Girl's Hawaii 1 (16-inch) - 2015/2016,Children Bicycles
302,1,24,2,549.99,0.2,879.984,Electra Townie Original 21D - 2016,Comfort Bicycles
302,2,18,2,449,0.07,835.14,Pure Cycles Western 3-Speed - Women's - 2015/2016,Cruisers Bicycles
302,3,2,2,749.99,0.2,1199.984,Ritchey Timberwolf Frameset - 2016,Mountain Bikes
303,1,8,2,1799.99,0.05,3419.981,Trek Remedy 29 Carbon Frameset - 2016,Mountain Bikes
303,2,24,2,549.99,0.05,1044.981,Electra Townie Original 21D - 2016,Comfort Bicycles
304,1,10,1,1549,0.05,1471.55,Surly Straggler - 2016,Cyclocross Bicycles
304,2,7,2,3999.99,0.1,7199.982,Trek Slash 8 27.5 - 2016,Mountain Bikes
304,3,20,1,599.99,0.1,539.991,Electra Townie Original 7D EQ - Women's - 2016,Cruisers Bicycles
305,1,10,1,1549,0.07,1440.57,Surly Straggler - 2016,Cyclocross Bicycles
305,2,6,1,469.99,0.1,422.991,Surly Ice Cream Truck Frameset - 2016,Mountain Bikes
305,3,3,2,999.99,0.2,1599.984,Surly Wednesday Frameset - 2016,Mountain Bikes
306,1,10,1,1549,0.2,1239.2,Surly Straggler - 2016,Cyclocross Bicycles
306,2,22,1,269.99,0.07,251.0907,Electra Girl's Hawaii 1 (16-inch) - 2015/2016,Children Bicycles
307,1,15,2,529.99,0.05,1006.981,Electra Moto 1 - 2016,Cruisers Bicycles
308,1,7,1,3999.99,0.1,3599.991,Trek Slash 8 27.5 - 2016,Mountain Bikes
308,2,18,2,449,0.2,718.4,Pure Cycles Western 3-Speed - Women's - 2015/2016,Cruisers Bicycles
308,3,14,1,269.99,0.2,215.992,Electra Girl's Hawaii 1 (16-inch) - 2015/2016,Cruisers Bicycles
309,1,3,1,999.99,0.05,949.9905,Surly Wednesday Frameset - 2016,Mountain Bikes
309,2,12,1,549.99,0.05,522.4905,Electra Townie Original 21D - 2016,Cruisers Bicycles
310,1,7,2,3999.99,0.07,7439.9814,Trek Slash 8 27.5 - 2016,Mountain Bikes
310,2,14,2,269.99,0.1,485.982,Electra Girl's Hawaii 1 (16-inch) - 2015/2016,Cruisers Bicycles
310,3,5,2,1320.99,0.2,2113.584,Heller Shagamaw Frame - 2016,Mountain Bikes
310,4,8,1,1799.99,0.2,1439.992,Trek Remedy 29 Carbon Frameset - 2016,Mountain Bikes
311,1,17,2,429,0.05,815.1,Pure Cycles Vine 8-Speed - 2016,Cruisers Bicycles
311,2,5,2,1320.99,0.2,2113.584,Heller Shagamaw Frame - 2016,Mountain Bikes
312,1,24,2,549.99,0.05,1044.981,Electra Townie Original 21D - 2016,Comfort Bicycles
312,2,14,2,269.99,0.07,502.1814,Electra Girl's Hawaii 1 (16-inch) - 2015/2016,Cruisers Bicycles
312,3,16,2,599.99,0.05,1139.981,Electra Townie Original 7D EQ - 2016,Cruisers Bicycles
313,1,4,1,2899.99,0.07,2696.9907,Trek Fuel EX 8 29 - 2016,Mountain Bikes
313,2,10,2,1549,0.07,2881.14,Surly Straggler - 2016,Cyclocross Bicycles
314,1,5,1,1320.99,0.07,1228.5207,Heller Shagamaw Frame - 2016,Mountain Bikes
314,2,9,1,2999.99,0.05,2849.9905,Trek Conduit+ - 2016,Electric Bikes
314,3,22,2,269.99,0.2,431.984,Electra Girl's Hawaii 1 (16-inch) - 2015/2016,Children Bicycles
314,4,7,2,3999.99,0.07,7439.9814,Trek Slash 8 27.5 - 2016,Mountain Bikes
315,1,11,1,1680.99,0.2,1344.792,Surly Straggler 650b - 2016,Cyclocross Bicycles
315,2,9,1,2999.99,0.1,2699.991,Trek Conduit+ - 2016,Electric Bikes
316,1,2,2,749.99,0.2,1199.984,Ritchey Timberwolf Frameset - 2016,Mountain Bikes
316,2,16,2,599.99,0.1,1079.982,Electra Townie Original 7D EQ - 2016,Cruisers Bicycles
316,3,20,1,599.99,0.1,539.991,Electra Townie Original 7D EQ - Women's - 2016,Cruisers Bicycles
316,4,19,1,449,0.2,359.2,Pure Cycles William 3-Speed - 2016,Cruisers Bicycles
316,5,17,1,429,0.05,407.55,Pure Cycles Vine 8-Speed - 2016,Cruisers Bicycles
317,1,10,1,1549,0.2,1239.2,Surly Straggler - 2016,Cyclocross Bicycles
317,2,22,1,269.99,0.05,256.4905,Electra Girl's Hawaii 1 (16-inch) - 2015/2016,Children Bicycles
317,3,15,1,529.99,0.05,503.4905,Electra Moto 1 - 2016,Cruisers Bicycles
317,4,13,2,269.99,0.2,431.984,Electra Cruiser 1 (24-Inch) - 2016,Cruisers Bicycles
318,1,13,2,269.99,0.1,485.982,Electra Cruiser 1 (24-Inch) - 2016,Cruisers Bicycles
318,2,25,2,499.99,0.2,799.984,Electra Townie Original 7D - 2015/2016,Comfort Bicycles
318,3,9,1,2999.99,0.05,2849.9905,Trek Conduit+ - 2016,Electric Bikes
319,1,11,1,1680.99,0.07,1563.3207,Surly Straggler 650b - 2016,Cyclocross Bicycles
319,2,21,1,269.99,0.2,215.992,Electra Cruiser 1 (24-Inch) - 2016,Children Bicycles
319,3,15,2,529.99,0.1,953.982,Electra Moto 1 - 2016,Cruisers Bicycles
319,4,23,1,299.99,0.05,284.9905,Electra Girl's Hawaii 1 (20-inch) - 2015/2016,Children Bicycles
320,1,2,1,749.99,0.1,674.991,Ritchey Timberwolf Frameset - 2016,Mountain Bikes
321,1,4,2,2899.99,0.2,4639.984,Trek Fuel EX 8 29 - 2016,Mountain Bikes
321,2,12,2,549.99,0.2,879.984,Electra Townie Original 21D - 2016,Cruisers Bicycles
321,3,26,1,599.99,0.2,479.992,Electra Townie Original 7D EQ - 2016,Comfort Bicycles
321,4,23,2,299.99,0.2,479.984,Electra Girl's Hawaii 1 (20-inch) - 2015/2016,Children Bicycles
322,1,13,2,269.99,0.2,431.984,Electra Cruiser 1 (24-Inch) - 2016,Cruisers Bicycles
322,2,21,1,269.99,0.07,251.0907,Electra Cruiser 1 (24-Inch) - 2016,Children Bicycles
323,1,13,2,269.99,0.07,502.1814,Electra Cruiser 1 (24-Inch) - 2016,Cruisers Bicycles
323,2,26,2,599.99,0.1,1079.982,Electra Townie Original 7D EQ - 2016,Comfort Bicycles
324,1,2,2,749.99,0.1,1349.982,Ritchey Timberwolf Frameset - 2016,Mountain Bikes
324,2,17,1,429,0.2,343.2,Pure Cycles Vine 8-Speed - 2016,Cruisers Bicycles
324,3,22,2,269.99,0.2,431.984,Electra Girl's Hawaii 1 (16-inch) - 2015/2016,Children Bicycles
324,4,19,1,449,0.05,426.55,Pure Cycles William 3-Speed - 2016,Cruisers Bicycles
324,5,12,1,549.99,0.05,522.4905,Electra Townie Original 21D - 2016,Cruisers Bicycles
325,1,7,1,3999.99,0.05,3799.9905,Trek Slash 8 27.5 - 2016,Mountain Bikes
325,2,12,1,549.99,0.2,439.992,Electra Townie Original 21D - 2016,Cruisers Bicycles
325,3,6,2,469.99,0.2,751.984,Surly Ice Cream Truck Frameset - 2016,Mountain Bikes
326,1,12,1,549.99,0.1,494.991,Electra Townie Original 21D - 2016,Cruisers Bicycles
326,2,23,1,299.99,0.07,278.9907,Electra Girl's Hawaii 1 (20-inch) - 2015/2016,Children Bicycles
327,1,12,2,549.99,0.07,1022.9814,Electra Townie Original 21D - 2016,Cruisers Bicycles
327,2,13,1,269.99,0.07,251.0907,Electra Cruiser 1 (24-Inch) - 2016,Cruisers Bicycles
327,3,4,1,2899.99,0.05,2754.9905,Trek Fuel EX 8 29 - 2016,Mountain Bikes
328,1,6,2,469.99,0.1,845.982,Surly Ice Cream Truck Frameset - 2016,Mountain Bikes
329,1,14,2,269.99,0.07,502.1814,Electra Girl's Hawaii 1 (16-inch) - 2015/2016,Cruisers Bicycles
329,2,8,2,1799.99,0.05,3419.981,Trek Remedy 29 Carbon Frameset - 2016,Mountain Bikes
329,3,23,1,299.99,0.2,239.992,Electra Girl's Hawaii 1 (20-inch) - 2015/2016,Children Bicycles
329,4,17,1,429,0.07,398.97,Pure Cycles Vine 8-Speed - 2016,Cruisers Bicycles
329,5,26,2,599.99,0.05,1139.981,Electra Townie Original 7D EQ - 2016,Comfort Bicycles
330,1,21,2,269.99,0.05,512.981,Electra Cruiser 1 (24-Inch) - 2016,Children Bicycles
331,1,17,2,429,0.1,772.2,Pure Cycles Vine 8-Speed - 2016,Cruisers Bicycles
332,1,18,2,449,0.05,853.1,Pure Cycles Western 3-Speed - Women's - 2015/2016,Cruisers Bicycles
333,1,18,2,449,0.07,835.14,Pure Cycles Western 3-Speed - Women's - 2015/2016,Cruisers Bicycles
333,2,8,2,1799.99,0.05,3419.981,Trek Remedy 29 Carbon Frameset - 2016,Mountain Bikes
333,3,3,1,999.99,0.2,799.992,Surly Wednesday Frameset - 2016,Mountain Bikes
334,1,16,2,599.99,0.2,959.984,Electra Townie Original 7D EQ - 2016,Cruisers Bicycles
334,2,9,1,2999.99,0.05,2849.9905,Trek Conduit+ - 2016,Electric Bikes
334,3,3,2,999.99,0.05,1899.981,Surly Wednesday Frameset - 2016,Mountain Bikes
335,1,6,1,469.99,0.1,422.991,Surly Ice Cream Truck Frameset - 2016,Mountain Bikes
335,2,2,2,749.99,0.1,1349.982,Ritchey Timberwolf Frameset - 2016,Mountain Bikes
335,3,21,1,269.99,0.07,251.0907,Electra Cruiser 1 (24-Inch) - 2016,Children Bicycles
336,1,4,1,2899.99,0.1,2609.991,Trek Fuel EX 8 29 - 2016,Mountain Bikes
336,2,12,1,549.99,0.2,439.992,Electra Townie Original 21D - 2016,Cruisers Bicycles
337,1,18,1,449,0.05,426.55,Pure Cycles Western 3-Speed - Women's - 2015/2016,Cruisers Bicycles
337,2,4,1,2899.99,0.05,2754.9905,Trek Fuel EX 8 29 - 2016,Mountain Bikes
338,1,6,2,469.99,0.07,874.1814,Surly Ice Cream Truck Frameset - 2016,Mountain Bikes
338,2,10,1,1549,0.07,1440.57,Surly Straggler - 2016,Cyclocross Bicycles
338,3,22,1,269.99,0.1,242.991,Electra Girl's Hawaii 1 (16-inch) - 2015/2016,Children Bicycles
338,4,11,2,1680.99,0.07,3126.6414,Surly Straggler 650b - 2016,Cyclocross Bicycles
338,5,9,1,2999.99,0.05,2849.9905,Trek Conduit+ - 2016,Electric Bikes
339,1,13,1,269.99,0.1,242.991,Electra Cruiser 1 (24-Inch) - 2016,Cruisers Bicycles
339,2,15,2,529.99,0.05,1006.981,Electra Moto 1 - 2016,Cruisers Bicycles
340,1,11,1,1680.99,0.05,1596.9405,Surly Straggler 650b - 2016,Cyclocross Bicycles
340,2,24,1,549.99,0.05,522.4905,Electra Townie Original 21D - 2016,Comfort Bicycles
340,3,13,2,269.99,0.1,485.982,Electra Cruiser 1 (24-Inch) - 2016,Cruisers Bicycles
340,4,12,2,549.99,0.07,1022.9814,Electra Townie Original 21D - 2016,Cruisers Bicycles
340,5,10,2,1549,0.1,2788.2,Surly Straggler - 2016,Cyclocross Bicycles
341,1,23,2,299.99,0.05,569.981,Electra Girl's Hawaii 1 (20-inch) - 2015/2016,Children Bicycles
342,1,26,1,599.99,0.07,557.9907,Electra Townie Original 7D EQ - 2016,Comfort Bicycles
342,2,9,1,2999.99,0.2,2399.992,Trek Conduit+ - 2016,Electric Bikes
342,3,16,2,599.99,0.1,1079.982,Electra Townie Original 7D EQ - 2016,Cruisers Bicycles
343,1,20,2,599.99,0.2,959.984,Electra Townie Original 7D EQ - Women's - 2016,Cruisers Bicycles
343,2,25,1,499.99,0.05,474.9905,Electra Townie Original 7D - 2015/2016,Comfort Bicycles
343,3,5,2,1320.99,0.05,2509.881,Heller Shagamaw Frame - 2016,Mountain Bikes
343,4,10,1,1549,0.1,1394.1,Surly Straggler - 2016,Cyclocross Bicycles
344,1,22,1,269.99,0.05,256.4905,Electra Girl's Hawaii 1 (16-inch) - 2015/2016,Children Bicycles
344,2,18,2,449,0.07,835.14,Pure Cycles Western 3-Speed - Women's - 2015/2016,Cruisers Bicycles
344,3,14,1,269.99,0.2,215.992,Electra Girl's Hawaii 1 (16-inch) - 2015/2016,Cruisers Bicycles
345,1,18,2,449,0.1,808.2,Pure Cycles Western 3-Speed - Women's - 2015/2016,Cruisers Bicycles
345,2,24,2,549.99,0.07,1022.9814,Electra Townie Original 21D - 2016,Comfort Bicycles
346,1,13,1,269.99,0.07,251.0907,Electra Cruiser 1 (24-Inch) - 2016,Cruisers Bicycles
346,2,23,1,299.99,0.2,239.992,Electra Girl's Hawaii 1 (20-inch) - 2015/2016,Children Bicycles
346,3,21,1,269.99,0.1,242.991,Electra Cruiser 1 (24-Inch) - 2016,Children Bicycles
346,4,15,1,529.99,0.05,503.4905,Electra Moto 1 - 2016,Cruisers Bicycles
346,5,18,2,449,0.05,853.1,Pure Cycles Western 3-Speed - Women's - 2015/2016,Cruisers Bicycles
347,1,23,1,299.99,0.07,278.9907,Electra Girl's Hawaii 1 (20-inch) - 2015/2016,Children Bicycles
348,1,5,2,1320.99,0.05,2509.881,Heller Shagamaw Frame - 2016,Mountain Bikes
348,2,15,2,529.99,0.07,985.7814,Electra Moto 1 - 2016,Cruisers Bicycles
349,1,20,2,599.99,0.2,959.984,Electra Townie Original 7D EQ - Women's - 2016,Cruisers Bicycles
350,1,6,2,469.99,0.05,892.981,Surly Ice Cream Truck Frameset - 2016,Mountain Bikes
350,2,20,1,599.99,0.07,557.9907,Electra Townie Original 7D EQ - Women's - 2016,Cruisers Bicycles
350,3,3,1,999.99,0.07,929.9907,Surly Wednesday Frameset - 2016,Mountain Bikes
351,1,4,2,2899.99,0.05,5509.981,Trek Fuel EX 8 29 - 2016,Mountain Bikes
351,2,24,2,549.99,0.1,989.982,Electra Townie Original 21D - 2016,Comfort Bicycles
351,3,20,1,599.99,0.2,479.992,Electra Townie Original 7D EQ - Women's - 2016,Cruisers Bicycles
351,4,22,2,269.99,0.07,502.1814,Electra Girl's Hawaii 1 (16-inch) - 2015/2016,Children Bicycles
352,1,11,1,1680.99,0.2,1344.792,Surly Straggler 650b - 2016,Cyclocross Bicycles
352,2,14,1,269.99,0.2,215.992,Electra Girl's Hawaii 1 (16-inch) - 2015/2016,Cruisers Bicycles
353,1,2,2,749.99,0.2,1199.984,Ritchey Timberwolf Frameset - 2016,Mountain Bikes
354,1,21,1,269.99,0.2,215.992,Electra Cruiser 1 (24-Inch) - 2016,Children Bicycles
354,2,19,1,449,0.05,426.55,Pure Cycles William 3-Speed - 2016,Cruisers Bicycles
355,1,16,1,599.99,0.1,539.991,Electra Townie Original 7D EQ - 2016,Cruisers Bicycles
355,2,14,2,269.99,0.07,502.1814,Electra Girl's Hawaii 1 (16-inch) - 2015/2016,Cruisers Bicycles
356,1,23,2,299.99,0.05,569.981,Electra Girl's Hawaii 1 (20-inch) - 2015/2016,Children Bicycles
356,2,4,1,2899.99,0.05,2754.9905,Trek Fuel EX 8 29 - 2016,Mountain Bikes
356,3,13,1,269.99,0.05,256.4905,Electra Cruiser 1 (24-Inch) - 2016,Cruisers Bicycles
357,1,17,2,429,0.05,815.1,Pure Cycles Vine 8-Speed - 2016,Cruisers Bicycles
357,2,21,2,269.99,0.07,502.1814,Electra Cruiser 1 (24-Inch) - 2016,Children Bicycles
357,3,24,1,549.99,0.07,511.4907,Electra Townie Original 21D - 2016,Comfort Bicycles
357,4,9,1,2999.99,0.05,2849.9905,Trek Conduit+ - 2016,Electric Bikes
358,1,21,2,269.99,0.1,485.982,Electra Cruiser 1 (24-Inch) - 2016,Children Bicycles
358,2,6,2,469.99,0.07,874.1814,Surly Ice Cream Truck Frameset - 2016,Mountain Bikes
358,3,8,2,1799.99,0.05,3419.981,Trek Remedy 29 Carbon Frameset - 2016,Mountain Bikes
358,4,18,2,449,0.1,808.2,Pure Cycles Western 3-Speed - Women's - 2015/2016,Cruisers Bicycles
359,1,15,2,529.99,0.07,985.7814,Electra Moto 1 - 2016,Cruisers Bicycles
359,2,9,2,2999.99,0.07,5579.9814,Trek Conduit+ - 2016,Electric Bikes
359,3,7,2,3999.99,0.2,6399.984,Trek Slash 8 27.5 - 2016,Mountain Bikes
360,1,26,1,599.99,0.05,569.9905,Electra Townie Original 7D EQ - 2016,Comfort Bicycles
360,2,7,2,3999.99,0.2,6399.984,Trek Slash 8 27.5 - 2016,Mountain Bikes
360,3,13,2,269.99,0.05,512.981,Electra Cruiser 1 (24-Inch) - 2016,Cruisers Bicycles
360,4,25,1,499.99,0.1,449.991,Electra Townie Original 7D - 2015/2016,Comfort Bicycles
361,1,24,2,549.99,0.05,1044.981,Electra Townie Original 21D - 2016,Comfort Bicycles
361,2,6,2,469.99,0.1,845.982,Surly Ice Cream Truck Frameset - 2016,Mountain Bikes
361,3,11,1,1680.99,0.1,1512.891,Surly Straggler 650b - 2016,Cyclocross Bicycles
362,1,2,1,749.99,0.07,697.4907,Ritchey Timberwolf Frameset - 2016,Mountain Bikes
363,1,21,2,269.99,0.1,485.982,Electra Cruiser 1 (24-Inch) - 2016,Children Bicycles
363,2,14,1,269.99,0.07,251.0907,Electra Girl's Hawaii 1 (16-inch) - 2015/2016,Cruisers Bicycles
363,3,15,1,529.99,0.1,476.991,Electra Moto 1 - 2016,Cruisers Bicycles
363,4,20,1,599.99,0.2,479.992,Electra Townie Original 7D EQ - Women's - 2016,Cruisers Bicycles
364,1,25,2,499.99,0.05,949.981,Electra Townie Original 7D - 2015/2016,Comfort Bicycles
365,1,24,2,549.99,0.07,1022.9814,Electra Townie Original 21D - 2016,Comfort Bicycles
366,1,21,1,269.99,0.1,242.991,Electra Cruiser 1 (24-Inch) - 2016,Children Bicycles
366,2,4,1,2899.99,0.07,2696.9907,Trek Fuel EX 8 29 - 2016,Mountain Bikes
366,3,16,2,599.99,0.2,959.984,Electra Townie Original 7D EQ - 2016,Cruisers Bicycles
367,1,26,2,599.99,0.1,1079.982,Electra Townie Original 7D EQ - 2016,Comfort Bicycles
367,2,14,1,269.99,0.05,256.4905,Electra Girl's Hawaii 1 (16-inch) - 2015/2016,Cruisers Bicycles
367,3,10,2,1549,0.05,2943.1,Surly Straggler - 2016,Cyclocross Bicycles
368,1,5,1,1320.99,0.2,1056.792,Heller Shagamaw Frame - 2016,Mountain Bikes
368,2,10,2,1549,0.2,2478.4,Surly Straggler - 2016,Cyclocross Bicycles
368,3,21,2,269.99,0.1,485.982,Electra Cruiser 1 (24-Inch) - 2016,Children Bicycles
368,4,19,1,449,0.05,426.55,Pure Cycles William 3-Speed - 2016,Cruisers Bicycles
369,1,10,2,1549,0.07,2881.14,Surly Straggler - 2016,Cyclocross Bicycles
370,1,25,2,499.99,0.05,949.981,Electra Townie Original 7D - 2015/2016,Comfort Bicycles
370,2,4,2,2899.99,0.1,5219.982,Trek Fuel EX 8 29 - 2016,Mountain Bikes
371,1,14,1,269.99,0.2,215.992,Electra Girl's Hawaii 1 (16-inch) - 2015/2016,Cruisers Bicycles
371,2,12,1,549.99,0.2,439.992,Electra Townie Original 21D - 2016,Cruisers Bicycles
372,1,11,1,1680.99,0.05,1596.9405,Surly Straggler 650b - 2016,Cyclocross Bicycles
372,2,14,2,269.99,0.1,485.982,Electra Girl's Hawaii 1 (16-inch) - 2015/2016,Cruisers Bicycles
372,3,5,1,1320.99,0.1,1188.891,Heller Shagamaw Frame - 2016,Mountain Bikes
373,1,8,2,1799.99,0.05,3419.981,Trek Remedy 29 Carbon Frameset - 2016,Mountain Bikes
373,2,22,1,269.99,0.1,242.991,Electra Girl's Hawaii 1 (16-inch) - 2015/2016,Children Bicycles
373,3,19,2,449,0.2,718.4,Pure Cycles William 3-Speed - 2016,Cruisers Bicycles
373,4,12,1,549.99,0.1,494.991,Electra Townie Original 21D - 2016,Cruisers Bicycles
373,5,13,1,269.99,0.1,242.991,Electra Cruiser 1 (24-Inch) - 2016,Cruisers Bicycles
374,1,10,1,1549,0.1,1394.1,Surly Straggler - 2016,Cyclocross Bicycles
374,2,7,1,3999.99,0.07,3719.9907,Trek Slash 8 27.5 - 2016,Mountain Bikes
375,1,21,2,269.99,0.05,512.981,Electra Cruiser 1 (24-Inch) - 2016,Children Bicycles
375,2,2,2,749.99,0.05,1424.981,Ritchey Timberwolf Frameset - 2016,Mountain Bikes
375,3,4,2,2899.99,0.07,5393.9814,Trek Fuel EX 8 29 - 2016,Mountain Bikes
375,4,12,2,549.99,0.05,1044.981,Electra Townie Original 21D - 2016,Cruisers Bicycles
376,1,2,2,749.99,0.07,1394.9814,Ritchey Timberwolf Frameset - 2016,Mountain Bikes
376,2,23,2,299.99,0.1,539.982,Electra Girl's Hawaii 1 (20-inch) - 2015/2016,Children Bicycles
377,1,8,1,1799.99,0.05,1709.9905,Trek Remedy 29 Carbon Frameset - 2016,Mountain Bikes
377,2,14,1,269.99,0.07,251.0907,Electra Girl's Hawaii 1 (16-inch) - 2015/2016,Cruisers Bicycles
378,1,26,2,599.99,0.05,1139.981,Electra Townie Original 7D EQ - 2016,Comfort Bicycles
379,1,9,1,2999.99,0.07,2789.9907,Trek Conduit+ - 2016,Electric Bikes
379,2,16,1,599.99,0.2,479.992,Electra Townie Original 7D EQ - 2016,Cruisers Bicycles
380,1,16,1,599.99,0.05,569.9905,Electra Townie Original 7D EQ - 2016,Cruisers Bicycles
380,2,11,2,1680.99,0.05,3193.881,Surly Straggler 650b - 2016,Cyclocross Bicycles
381,1,21,2,269.99,0.07,502.1814,Electra Cruiser 1 (24-Inch) - 2016,Children Bicycles
382,1,8,1,1799.99,0.1,1619.991,Trek Remedy 29 Carbon Frameset - 2016,Mountain Bikes
382,2,9,1,2999.99,0.1,2699.991,Trek Conduit+ - 2016,Electric Bikes
382,3,13,1,269.99,0.07,251.0907,Electra Cruiser 1 (24-Inch) - 2016,Cruisers Bicycles
383,1,19,1,449,0.07,417.57,Pure Cycles William 3-Speed - 2016,Cruisers Bicycles
383,2,22,2,269.99,0.05,512.981,Electra Girl's Hawaii 1 (16-inch) - 2015/2016,Children Bicycles
383,3,13,1,269.99,0.1,242.991,Electra Cruiser 1 (24-Inch) - 2016,Cruisers Bicycles
383,4,21,2,269.99,0.05,512.981,Electra Cruiser 1 (24-Inch) - 2016,Children Bicycles
383,5,14,1,269.99,0.1,242.991,Electra Girl's Hawaii 1 (16-inch) - 2015/2016,Cruisers Bicycles
384,1,20,1,599.99,0.1,539.991,Electra Townie Original 7D EQ - Women's - 2016,Cruisers Bicycles
384,2,21,2,269.99,0.2,431.984,Electra Cruiser 1 (24-Inch) - 2016,Children Bicycles
384,3,8,1,1799.99,0.05,1709.9905,Trek Remedy 29 Carbon Frameset - 2016,Mountain Bikes
384,4,15,1,529.99,0.1,476.991,Electra Moto 1 - 2016,Cruisers Bicycles
384,5,4,1,2899.99,0.2,2319.992,Trek Fuel EX 8 29 - 2016,Mountain Bikes
385,1,21,1,269.99,0.07,251.0907,Electra Cruiser 1 (24-Inch) - 2016,Children Bicycles
385,2,7,2,3999.99,0.2,6399.984,Trek Slash 8 27.5 - 2016,Mountain Bikes
385,3,26,2,599.99,0.05,1139.981,Electra Townie Original 7D EQ - 2016,Comfort Bicycles
386,1,8,1,1799.99,0.2,1439.992,Trek Remedy 29 Carbon Frameset - 2016,Mountain Bikes
386,2,3,2,999.99,0.05,1899.981,Surly Wednesday Frameset - 2016,Mountain Bikes
386,3,16,2,599.99,0.2,959.984,Electra Townie Original 7D EQ - 2016,Cruisers Bicycles
387,1,18,1,449,0.2,359.2,Pure Cycles Western 3-Speed - Women's - 2015/2016,Cruisers Bicycles
388,1,19,2,449,0.2,718.4,Pure Cycles William 3-Speed - 2016,Cruisers Bicycles
388,2,13,2,269.99,0.07,502.1814,Electra Cruiser 1 (24-Inch) - 2016,Cruisers Bicycles
388,3,2,1,749.99,0.07,697.4907,Ritchey Timberwolf Frameset - 2016,Mountain Bikes
388,4,11,1,1680.99,0.1,1512.891,Surly Straggler 650b - 2016,Cyclocross Bicycles
389,1,2,1,749.99,0.07,697.4907,Ritchey Timberwolf Frameset - 2016,Mountain Bikes
389,2,15,2,529.99,0.07,985.7814,Electra Moto 1 - 2016,Cruisers Bicycles
389,3,10,2,1549,0.05,2943.1,Surly Straggler - 2016,Cyclocross Bicycles
389,4,5,1,1320.99,0.05,1254.9405,Heller Shagamaw Frame - 2016,Mountain Bikes
389,5,9,1,2999.99,0.2,2399.992,Trek Conduit+ - 2016,Electric Bikes
390,1,23,1,299.99,0.05,284.9905,Electra Girl's Hawaii 1 (20-inch) - 2015/2016,Children Bicycles
390,2,7,2,3999.99,0.07,7439.9814,Trek Slash 8 27.5 - 2016,Mountain Bikes
390,3,9,1,2999.99,0.05,2849.9905,Trek Conduit+ - 2016,Electric Bikes
391,1,8,1,1799.99,0.07,1673.9907,Trek Remedy 29 Carbon Frameset - 2016,Mountain Bikes
391,2,5,2,1320.99,0.2,2113.584,Heller Shagamaw Frame - 2016,Mountain Bikes
391,3,24,2,549.99,0.07,1022.9814,Electra Townie Original 21D - 2016,Comfort Bicycles
392,1,14,2,269.99,0.1,485.982,Electra Girl's Hawaii 1 (16-inch) - 2015/2016,Cruisers Bicycles
392,2,3,2,999.99,0.05,1899.981,Surly Wednesday Frameset - 2016,Mountain Bikes
393,1,6,2,469.99,0.2,751.984,Surly Ice Cream Truck Frameset - 2016,Mountain Bikes
394,1,23,1,299.99,0.05,284.9905,Electra Girl's Hawaii 1 (20-inch) - 2015/2016,Children Bicycles
394,2,16,1,599.99,0.2,479.992,Electra Townie Original 7D EQ - 2016,Cruisers Bicycles
394,3,14,2,269.99,0.2,431.984,Electra Girl's Hawaii 1 (16-inch) - 2015/2016,Cruisers Bicycles
395,1,14,1,269.99,0.05,256.4905,Electra Girl's Hawaii 1 (16-inch) - 2015/2016,Cruisers Bicycles
396,1,12,1,549.99,0.1,494.991,Electra Townie Original 21D - 2016,Cruisers Bicycles
396,2,25,2,499.99,0.05,949.981,Electra Townie Original 7D - 2015/2016,Comfort Bicycles
396,3,5,1,1320.99,0.2,1056.792,Heller Shagamaw Frame - 2016,Mountain Bikes
397,1,7,1,3999.99,0.05,3799.9905,Trek Slash 8 27.5 - 2016,Mountain Bikes
398,1,8,2,1799.99,0.05,3419.981,Trek Remedy 29 Carbon Frameset - 2016,Mountain Bikes
398,2,18,2,449,0.05,853.1,Pure Cycles Western 3-Speed - Women's - 2015/2016,Cruisers Bicycles
398,3,25,1,499.99,0.2,399.992,Electra Townie Original 7D - 2015/2016,Comfort Bicycles
398,4,17,1,429,0.05,407.55,Pure Cycles Vine 8-Speed - 2016,Cruisers Bicycles
399,1,25,1,499.99,0.05,474.9905,Electra Townie Original 7D - 2015/2016,Comfort Bicycles
399,2,11,2,1680.99,0.05,3193.881,Surly Straggler 650b - 2016,Cyclocross Bicycles
399,3,14,1,269.99,0.1,242.991,Electra Girl's Hawaii 1 (16-inch) - 2015/2016,Cruisers Bicycles
400,1,24,2,549.99,0.07,1022.9814,Electra Townie Original 21D - 2016,Comfort Bicycles
400,2,9,1,2999.99,0.2,2399.992,Trek Conduit+ - 2016,Electric Bikes
400,3,3,2,999.99,0.2,1599.984,Surly Wednesday Frameset - 2016,Mountain Bikes
401,1,23,1,299.99,0.2,239.992,Electra Girl's Hawaii 1 (20-inch) - 2015/2016,Children Bicycles
401,2,10,2,1549,0.2,2478.4,Surly Straggler - 2016,Cyclocross Bicycles
402,1,6,2,469.99,0.07,874.1814,Surly Ice Cream Truck Frameset - 2016,Mountain Bikes
402,2,5,1,1320.99,0.07,1228.5207,Heller Shagamaw Frame - 2016,Mountain Bikes
402,3,26,1,599.99,0.05,569.9905,Electra Townie Original 7D EQ - 2016,Comfort Bicycles
403,1,12,2,549.99,0.1,989.982,Electra Townie Original 21D - 2016,Cruisers Bicycles
403,2,7,2,3999.99,0.2,6399.984,Trek Slash 8 27.5 - 2016,Mountain Bikes
403,3,22,2,269.99,0.05,512.981,Electra Girl's Hawaii 1 (16-inch) - 2015/2016,Children Bicycles
403,4,24,1,549.99,0.2,439.992,Electra Townie Original 21D - 2016,Comfort Bicycles
404,1,9,1,2999.99,0.07,2789.9907,Trek Conduit+ - 2016,Electric Bikes
404,2,25,2,499.99,0.05,949.981,Electra Townie Original 7D - 2015/2016,Comfort Bicycles
404,3,16,2,599.99,0.2,959.984,Electra Townie Original 7D EQ - 2016,Cruisers Bicycles
405,1,3,2,999.99,0.2,1599.984,Surly Wednesday Frameset - 2016,Mountain Bikes
405,2,10,2,1549,0.1,2788.2,Surly Straggler - 2016,Cyclocross Bicycles
405,3,14,2,269.99,0.07,502.1814,Electra Girl's Hawaii 1 (16-inch) - 2015/2016,Cruisers Bicycles
406,1,4,1,2899.99,0.2,2319.992,Trek Fuel EX 8 29 - 2016,Mountain Bikes
407,1,20,1,599.99,0.2,479.992,Electra Townie Original 7D EQ - Women's - 2016,Cruisers Bicycles
407,2,5,1,1320.99,0.05,1254.9405,Heller Shagamaw Frame - 2016,Mountain Bikes
408,1,18,1,449,0.2,359.2,Pure Cycles Western 3-Speed - Women's - 2015/2016,Cruisers Bicycles
408,2,3,1,999.99,0.07,929.9907,Surly Wednesday Frameset - 2016,Mountain Bikes
408,3,2,2,749.99,0.07,1394.9814,Ritchey Timberwolf Frameset - 2016,Mountain Bikes
408,4,17,2,429,0.2,686.4,Pure Cycles Vine 8-Speed - 2016,Cruisers Bicycles
409,1,15,1,529.99,0.07,492.8907,Electra Moto 1 - 2016,Cruisers Bicycles
409,2,16,2,599.99,0.2,959.984,Electra Townie Original 7D EQ - 2016,Cruisers Bicycles
409,3,21,1,269.99,0.05,256.4905,Electra Cruiser 1 (24-Inch) - 2016,Children Bicycles
410,1,25,1,499.99,0.1,449.991,Electra Townie Original 7D - 2015/2016,Comfort Bicycles
410,2,9,2,2999.99,0.05,5699.981,Trek Conduit+ - 2016,Electric Bikes
410,3,24,2,549.99,0.1,989.982,Electra Townie Original 21D - 2016,Comfort Bicycles
411,1,2,1,749.99,0.07,697.4907,Ritchey Timberwolf Frameset - 2016,Mountain Bikes
411,2,26,2,599.99,0.05,1139.981,Electra Townie Original 7D EQ - 2016,Comfort Bicycles
412,1,7,1,3999.99,0.1,3599.991,Trek Slash 8 27.5 - 2016,Mountain Bikes
412,2,24,1,549.99,0.07,511.4907,Electra Townie Original 21D - 2016,Comfort Bicycles
412,3,17,1,429,0.1,386.1,Pure Cycles Vine 8-Speed - 2016,Cruisers Bicycles
413,1,8,2,1799.99,0.05,3419.981,Trek Remedy 29 Carbon Frameset - 2016,Mountain Bikes
413,2,25,1,499.99,0.1,449.991,Electra Townie Original 7D - 2015/2016,Comfort Bicycles
413,3,9,1,2999.99,0.07,2789.9907,Trek Conduit+ - 2016,Electric Bikes
414,1,4,2,2899.99,0.1,5219.982,Trek Fuel EX 8 29 - 2016,Mountain Bikes
415,1,3,1,999.99,0.07,929.9907,Surly Wednesday Frameset - 2016,Mountain Bikes
415,2,23,2,299.99,0.2,479.984,Electra Girl's Hawaii 1 (20-inch) - 2015/2016,Children Bicycles
415,3,5,1,1320.99,0.2,1056.792,Heller Shagamaw Frame - 2016,Mountain Bikes
415,4,6,2,469.99,0.05,892.981,Surly Ice Cream Truck Frameset - 2016,Mountain Bikes
416,1,22,1,269.99,0.07,251.0907,Electra Girl's Hawaii 1 (16-inch) - 2015/2016,Children Bicycles
416,2,14,1,269.99,0.07,251.0907,Electra Girl's Hawaii 1 (16-inch) - 2015/2016,Cruisers Bicycles
416,3,24,1,549.99,0.1,494.991,Electra Townie Original 21D - 2016,Comfort Bicycles
417,1,26,2,599.99,0.07,1115.9814,Electra Townie Original 7D EQ - 2016,Comfort Bicycles
417,2,6,2,469.99,0.07,874.1814,Surly Ice Cream Truck Frameset - 2016,Mountain Bikes
418,1,12,1,549.99,0.05,522.4905,Electra Townie Original 21D - 2016,Cruisers Bicycles
418,2,20,1,599.99,0.05,569.9905,Electra Townie Original 7D EQ - Women's - 2016,Cruisers Bicycles
419,1,9,1,2999.99,0.05,2849.9905,Trek Conduit+ - 2016,Electric Bikes
420,1,17,2,429,0.2,686.4,Pure Cycles Vine 8-Speed - 2016,Cruisers Bicycles
420,2,15,2,529.99,0.1,953.982,Electra Moto 1 - 2016,Cruisers Bicycles
420,3,3,2,999.99,0.05,1899.981,Surly Wednesday Frameset - 2016,Mountain Bikes
421,1,6,2,469.99,0.07,874.1814,Surly Ice Cream Truck Frameset - 2016,Mountain Bikes
421,2,3,2,999.99,0.2,1599.984,Surly Wednesday Frameset - 2016,Mountain Bikes
421,3,20,2,599.99,0.2,959.984,Electra Townie Original 7D EQ - Women's - 2016,Cruisers Bicycles
421,4,4,1,2899.99,0.07,2696.9907,Trek Fuel EX 8 29 - 2016,Mountain Bikes
421,5,23,2,299.99,0.2,479.984,Electra Girl's Hawaii 1 (20-inch) - 2015/2016,Children Bicycles
422,1,20,2,599.99,0.05,1139.981,Electra Townie Original 7D EQ - Women's - 2016,Cruisers Bicycles
423,1,8,2,1799.99,0.05,3419.981,Trek Remedy 29 Carbon Frameset - 2016,Mountain Bikes
423,2,17,1,429,0.2,343.2,Pure Cycles Vine 8-Speed - 2016,Cruisers Bicycles
423,3,23,2,299.99,0.07,557.9814,Electra Girl's Hawaii 1 (20-inch) - 2015/2016,Children Bicycles
423,4,2,1,749.99,0.2,599.992,Ritchey Timberwolf Frameset - 2016,Mountain Bikes
424,1,22,1,269.99,0.1,242.991,Electra Girl's Hawaii 1 (16-inch) - 2015/2016,Children Bicycles
424,2,6,1,469.99,0.05,446.4905,Surly Ice Cream Truck Frameset - 2016,Mountain Bikes
425,1,6,1,469.99,0.1,422.991,Surly Ice Cream Truck Frameset - 2016,Mountain Bikes
425,2,21,2,269.99,0.07,502.1814,Electra Cruiser 1 (24-Inch) - 2016,Children Bicycles
425,3,19,1,449,0.05,426.55,Pure Cycles William 3-Speed - 2016,Cruisers Bicycles
426,1,10,1,1549,0.1,1394.1,Surly Straggler - 2016,Cyclocross Bicycles
426,2,23,2,299.99,0.05,569.981,Electra Girl's Hawaii 1 (20-inch) - 2015/2016,Children Bicycles
427,1,12,2,549.99,0.07,1022.9814,Electra Townie Original 21D - 2016,Cruisers Bicycles
427,2,15,2,529.99,0.1,953.982,Electra Moto 1 - 2016,Cruisers Bicycles
427,3,26,2,599.99,0.07,1115.9814,Electra Townie Original 7D EQ - 2016,Comfort Bicycles
428,1,5,2,1320.99,0.2,2113.584,Heller Shagamaw Frame - 2016,Mountain Bikes
428,2,14,1,269.99,0.2,215.992,Electra Girl's Hawaii 1 (16-inch) - 2015/2016,Cruisers Bicycles
429,1,11,1,1680.99,0.2,1344.792,Surly Straggler 650b - 2016,Cyclocross Bicycles
429,2,4,2,2899.99,0.1,5219.982,Trek Fuel EX 8 29 - 2016,Mountain Bikes
429,3,5,2,1320.99,0.05,2509.881,Heller Shagamaw Frame - 2016,Mountain Bikes
429,4,6,1,469.99,0.07,437.0907,Surly Ice Cream Truck Frameset - 2016,Mountain Bikes
429,5,2,1,749.99,0.1,674.991,Ritchey Timberwolf Frameset - 2016,Mountain Bikes
430,1,22,2,269.99,0.1,485.982,Electra Girl's Hawaii 1 (16-inch) - 2015/2016,Children Bicycles
430,2,11,1,1680.99,0.07,1563.3207,Surly Straggler 650b - 2016,Cyclocross Bicycles
430,3,4,2,2899.99,0.2,4639.984,Trek Fuel EX 8 29 - 2016,Mountain Bikes
430,4,13,2,269.99,0.2,431.984,Electra Cruiser 1 (24-Inch) - 2016,Cruisers Bicycles
430,5,8,1,1799.99,0.2,1439.992,Trek Remedy 29 Carbon Frameset - 2016,Mountain Bikes
431,1,14,2,269.99,0.2,431.984,Electra Girl's Hawaii 1 (16-inch) - 2015/2016,Cruisers Bicycles
431,2,6,1,469.99,0.1,422.991,Surly Ice Cream Truck Frameset - 2016,Mountain Bikes
431,3,18,1,449,0.2,359.2,Pure Cycles Western 3-Speed - Women's - 2015/2016,Cruisers Bicycles
431,4,13,2,269.99,0.07,502.1814,Electra Cruiser 1 (24-Inch) - 2016,Cruisers Bicycles
431,5,19,1,449,0.07,417.57,Pure Cycles William 3-Speed - 2016,Cruisers Bicycles
432,1,10,2,1549,0.2,2478.4,Surly Straggler - 2016,Cyclocross Bicycles
432,2,7,2,3999.99,0.05,7599.981,Trek Slash 8 27.5 - 2016,Mountain Bikes
433,1,6,1,469.99,0.1,422.991,Surly Ice Cream Truck Frameset - 2016,Mountain Bikes
433,2,10,1,1549,0.2,1239.2,Surly Straggler - 2016,Cyclocross Bicycles
433,3,24,1,549.99,0.1,494.991,Electra Townie Original 21D - 2016,Comfort Bicycles
433,4,4,1,2899.99,0.2,2319.992,Trek Fuel EX 8 29 - 2016,Mountain Bikes
434,1,21,1,269.99,0.05,256.4905,Electra Cruiser 1 (24-Inch) - 2016,Children Bicycles
434,2,20,1,599.99,0.1,539.991,Electra Townie Original 7D EQ - Women's - 2016,Cruisers Bicycles
434,3,9,1,2999.99,0.2,2399.992,Trek Conduit+ - 2016,Electric Bikes
434,4,11,2,1680.99,0.07,3126.6414,Surly Straggler 650b - 2016,Cyclocross Bicycles
434,5,18,2,449,0.05,853.1,Pure Cycles Western 3-Speed - Women's - 2015/2016,Cruisers Bicycles
435,1,22,1,269.99,0.05,256.4905,Electra Girl's Hawaii 1 (16-inch) - 2015/2016,Children Bicycles
435,2,9,1,2999.99,0.05,2849.9905,Trek Conduit+ - 2016,Electric Bikes
435,3,18,1,449,0.05,426.55,Pure Cycles Western 3-Speed - Women's - 2015/2016,Cruisers Bicycles
436,1,3,1,999.99,0.05,949.9905,Surly Wednesday Frameset - 2016,Mountain Bikes
436,2,23,1,299.99,0.2,239.992,Electra Girl's Hawaii 1 (20-inch) - 2015/2016,Children Bicycles
437,1,3,1,999.99,0.05,949.9905,Surly Wednesday Frameset - 2016,Mountain Bikes
437,2,10,1,1549,0.05,1471.55,Surly Straggler - 2016,Cyclocross Bicycles
437,3,8,2,1799.99,0.05,3419.981,Trek Remedy 29 Carbon Frameset - 2016,Mountain Bikes
438,1,4,1,2899.99,0.07,2696.9907,Trek Fuel EX 8 29 - 2016,Mountain Bikes
438,2,22,1,269.99,0.1,242.991,Electra Girl's Hawaii 1 (16-inch) - 2015/2016,Children Bicycles
438,3,8,2,1799.99,0.05,3419.981,Trek Remedy 29 Carbon Frameset - 2016,Mountain Bikes
438,4,13,2,269.99,0.05,512.981,Electra Cruiser 1 (24-Inch) - 2016,Cruisers Bicycles
439,1,6,2,469.99,0.07,874.1814,Surly Ice Cream Truck Frameset - 2016,Mountain Bikes
439,2,7,2,3999.99,0.05,7599.981,Trek Slash 8 27.5 - 2016,Mountain Bikes
440,1,19,2,449,0.07,835.14,Pure Cycles William 3-Speed - 2016,Cruisers Bicycles
440,2,4,2,2899.99,0.07,5393.9814,Trek Fuel EX 8 29 - 2016,Mountain Bikes
441,1,12,1,549.99,0.07,511.4907,Electra Townie Original 21D - 2016,Cruisers Bicycles
441,2,15,1,529.99,0.1,476.991,Electra Moto 1 - 2016,Cruisers Bicycles
442,1,16,2,599.99,0.07,1115.9814,Electra Townie Original 7D EQ - 2016,Cruisers Bicycles
442,2,26,2,599.99,0.2,959.984,Electra Townie Original 7D EQ - 2016,Comfort Bicycles
442,3,6,2,469.99,0.2,751.984,Surly Ice Cream Truck Frameset - 2016,Mountain Bikes
443,1,5,1,1320.99,0.05,1254.9405,Heller Shagamaw Frame - 2016,Mountain Bikes
443,2,26,1,599.99,0.2,479.992,Electra Townie Original 7D EQ - 2016,Comfort Bicycles
444,1,22,1,269.99,0.07,251.0907,Electra Girl's Hawaii 1 (16-inch) - 2015/2016,Children Bicycles
444,2,15,2,529.99,0.07,985.7814,Electra Moto 1 - 2016,Cruisers Bicycles
444,3,20,2,599.99,0.05,1139.981,Electra Townie Original 7D EQ - Women's - 2016,Cruisers Bicycles
444,4,16,1,599.99,0.1,539.991,Electra Townie Original 7D EQ - 2016,Cruisers Bicycles
444,5,10,2,1549,0.2,2478.4,Surly Straggler - 2016,Cyclocross Bicycles
445,1,7,1,3999.99,0.2,3199.992,Trek Slash 8 27.5 - 2016,Mountain Bikes
445,2,16,1,599.99,0.07,557.9907,Electra Townie Original 7D EQ - 2016,Cruisers Bicycles
445,3,23,1,299.99,0.2,239.992,Electra Girl's Hawaii 1 (20-inch) - 2015/2016,Children Bicycles
446,1,22,1,269.99,0.2,215.992,Electra Girl's Hawaii 1 (16-inch) - 2015/2016,Children Bicycles
446,2,16,2,599.99,0.07,1115.9814,Electra Townie Original 7D EQ - 2016,Cruisers Bicycles
447,1,4,2,2899.99,0.05,5509.981,Trek Fuel EX 8 29 - 2016,Mountain Bikes
447,2,3,1,999.99,0.1,899.991,Surly Wednesday Frameset - 2016,Mountain Bikes
447,3,8,1,1799.99,0.07,1673.9907,Trek Remedy 29 Carbon Frameset - 2016,Mountain Bikes
448,1,13,2,269.99,0.05,512.981,Electra Cruiser 1 (24-Inch) - 2016,Cruisers Bicycles
448,2,6,2,469.99,0.05,892.981,Surly Ice Cream Truck Frameset - 2016,Mountain Bikes
449,1,17,2,429,0.05,815.1,Pure Cycles Vine 8-Speed - 2016,Cruisers Bicycles
449,2,2,1,749.99,0.05,712.4905,Ritchey Timberwolf Frameset - 2016,Mountain Bikes
449,3,7,2,3999.99,0.07,7439.9814,Trek Slash 8 27.5 - 2016,Mountain Bikes
449,4,26,2,599.99,0.2,959.984,Electra Townie Original 7D EQ - 2016,Comfort Bicycles
450,1,24,1,549.99,0.05,522.4905,Electra Townie Original 21D - 2016,Comfort Bicycles
450,2,12,1,549.99,0.07,511.4907,Electra Townie Original 21D - 2016,Cruisers Bicycles
450,3,5,1,1320.99,0.1,1188.891,Heller Shagamaw Frame - 2016,Mountain Bikes
451,1,14,2,269.99,0.05,512.981,Electra Girl's Hawaii 1 (16-inch) - 2015/2016,Cruisers Bicycles
452,1,11,1,1680.99,0.05,1596.9405,Surly Straggler 650b - 2016,Cyclocross Bicycles
452,2,16,1,599.99,0.05,569.9905,Electra Townie Original 7D EQ - 2016,Cruisers Bicycles
452,3,7,2,3999.99,0.1,7199.982,Trek Slash 8 27.5 - 2016,Mountain Bikes
452,4,8,1,1799.99,0.1,1619.991,Trek Remedy 29 Carbon Frameset - 2016,Mountain Bikes
453,1,23,1,299.99,0.05,284.9905,Electra Girl's Hawaii 1 (20-inch) - 2015/2016,Children Bicycles
453,2,20,2,599.99,0.2,959.984,Electra Townie Original 7D EQ - Women's - 2016,Cruisers Bicycles
453,3,4,1,2899.99,0.2,2319.992,Trek Fuel EX 8 29 - 2016,Mountain Bikes
454,1,25,2,499.99,0.07,929.9814,Electra Townie Original 7D - 2015/2016,Comfort Bicycles
454,2,13,2,269.99,0.05,512.981,Electra Cruiser 1 (24-Inch) - 2016,Cruisers Bicycles
454,3,24,2,549.99,0.1,989.982,Electra Townie Original 21D - 2016,Comfort Bicycles
455,1,9,1,2999.99,0.05,2849.9905,Trek Conduit+ - 2016,Electric Bikes
456,1,17,2,429,0.07,797.94,Pure Cycles Vine 8-Speed - 2016,Cruisers Bicycles
456,2,23,1,299.99,0.07,278.9907,Electra Girl's Hawaii 1 (20-inch) - 2015/2016,Children Bicycles
457,1,24,2,549.99,0.07,1022.9814,Electra Townie Original 21D - 2016,Comfort Bicycles
457,2,2,1,749.99,0.05,712.4905,Ritchey Timberwolf Frameset - 2016,Mountain Bikes
457,3,7,2,3999.99,0.1,7199.982,Trek Slash 8 27.5 - 2016,Mountain Bikes
457,4,17,1,429,0.2,343.2,Pure Cycles Vine 8-Speed - 2016,Cruisers Bicycles
458,1,2,1,749.99,0.2,599.992,Ritchey Timberwolf Frameset - 2016,Mountain Bikes
458,2,21,2,269.99,0.07,502.1814,Electra Cruiser 1 (24-Inch) - 2016,Children Bicycles
458,3,11,1,1680.99,0.1,1512.891,Surly Straggler 650b - 2016,Cyclocross Bicycles
458,4,24,1,549.99,0.2,439.992,Electra Townie Original 21D - 2016,Comfort Bicycles
458,5,3,2,999.99,0.2,1599.984,Surly Wednesday Frameset - 2016,Mountain Bikes
459,1,11,1,1680.99,0.2,1344.792,Surly Straggler 650b - 2016,Cyclocross Bicycles
460,1,19,1,449,0.05,426.55,Pure Cycles William 3-Speed - 2016,Cruisers Bicycles
460,2,18,2,449,0.07,835.14,Pure Cycles Western 3-Speed - Women's - 2015/2016,Cruisers Bicycles
460,3,4,1,2899.99,0.2,2319.992,Trek Fuel EX 8 29 - 2016,Mountain Bikes
460,4,22,2,269.99,0.1,485.982,Electra Girl's Hawaii 1 (16-inch) - 2015/2016,Children Bicycles
461,1,16,1,599.99,0.07,557.9907,Electra Townie Original 7D EQ - 2016,Cruisers Bicycles
461,2,4,1,2899.99,0.2,2319.992,Trek Fuel EX 8 29 - 2016,Mountain Bikes
461,3,8,2,1799.99,0.05,3419.981,Trek Remedy 29 Carbon Frameset - 2016,Mountain Bikes
461,4,24,1,549.99,0.1,494.991,Electra Townie Original 21D - 2016,Comfort Bicycles
461,5,18,2,449,0.1,808.2,Pure Cycles Western 3-Speed - Women's - 2015/2016,Cruisers Bicycles
462,1,12,2,549.99,0.1,989.982,Electra Townie Original 21D - 2016,Cruisers Bicycles
463,1,13,2,269.99,0.07,502.1814,Electra Cruiser 1 (24-Inch) - 2016,Cruisers Bicycles
464,1,7,1,3999.99,0.1,3599.991,Trek Slash 8 27.5 - 2016,Mountain Bikes
465,1,6,2,469.99,0.1,845.982,Surly Ice Cream Truck Frameset - 2016,Mountain Bikes
465,2,25,2,499.99,0.1,899.982,Electra Townie Original 7D - 2015/2016,Comfort Bicycles
466,1,19,2,449,0.2,718.4,Pure Cycles William 3-Speed - 2016,Cruisers Bicycles
466,2,6,1,469.99,0.2,375.992,Surly Ice Cream Truck Frameset - 2016,Mountain Bikes
466,3,7,2,3999.99,0.05,7599.981,Trek Slash 8 27.5 - 2016,Mountain Bikes
466,4,15,1,529.99,0.1,476.991,Electra Moto 1 - 2016,Cruisers Bicycles
466,5,5,1,1320.99,0.1,1188.891,Heller Shagamaw Frame - 2016,Mountain Bikes
467,1,19,1,449,0.07,417.57,Pure Cycles William 3-Speed - 2016,Cruisers Bicycles
467,2,10,1,1549,0.07,1440.57,Surly Straggler - 2016,Cyclocross Bicycles
467,3,22,2,269.99,0.1,485.982,Electra Girl's Hawaii 1 (16-inch) - 2015/2016,Children Bicycles
467,4,17,2,429,0.07,797.94,Pure Cycles Vine 8-Speed - 2016,Cruisers Bicycles
467,5,11,1,1680.99,0.1,1512.891,Surly Straggler 650b - 2016,Cyclocross Bicycles
468,1,19,1,449,0.1,404.1,Pure Cycles William 3-Speed - 2016,Cruisers Bicycles
468,2,9,2,2999.99,0.05,5699.981,Trek Conduit+ - 2016,Electric Bikes
468,3,10,2,1549,0.05,2943.1,Surly Straggler - 2016,Cyclocross Bicycles
468,4,25,1,499.99,0.1,449.991,Electra Townie Original 7D - 2015/2016,Comfort Bicycles
469,1,8,2,1799.99,0.1,3239.982,Trek Remedy 29 Carbon Frameset - 2016,Mountain Bikes
469,2,4,1,2899.99,0.07,2696.9907,Trek Fuel EX 8 29 - 2016,Mountain Bikes
469,3,15,2,529.99,0.2,847.984,Electra Moto 1 - 2016,Cruisers Bicycles
470,1,18,1,449,0.05,426.55,Pure Cycles Western 3-Speed - Women's - 2015/2016,Cruisers Bicycles
470,2,13,1,269.99,0.05,256.4905,Electra Cruiser 1 (24-Inch) - 2016,Cruisers Bicycles
470,3,8,2,1799.99,0.2,2879.984,Trek Remedy 29 Carbon Frameset - 2016,Mountain Bikes
471,1,14,1,269.99,0.2,215.992,Electra Girl's Hawaii 1 (16-inch) - 2015/2016,Cruisers Bicycles
471,2,13,2,269.99,0.05,512.981,Electra Cruiser 1 (24-Inch) - 2016,Cruisers Bicycles
472,1,15,1,529.99,0.1,476.991,Electra Moto 1 - 2016,Cruisers Bicycles
472,2,21,2,269.99,0.1,485.982,Electra Cruiser 1 (24-Inch) - 2016,Children Bicycles
473,1,26,1,599.99,0.07,557.9907,Electra Townie Original 7D EQ - 2016,Comfort Bicycles
474,1,19,2,449,0.05,853.1,Pure Cycles William 3-Speed - 2016,Cruisers Bicycles
474,2,11,1,1680.99,0.2,1344.792,Surly Straggler 650b - 2016,Cyclocross Bicycles
475,1,17,2,429,0.07,797.94,Pure Cycles Vine 8-Speed - 2016,Cruisers Bicycles
475,2,26,2,599.99,0.2,959.984,Electra Townie Original 7D EQ - 2016,Comfort Bicycles
475,3,25,1,499.99,0.2,399.992,Electra Townie Original 7D - 2015/2016,Comfort Bicycles
476,1,22,2,269.99,0.07,502.1814,Electra Girl's Hawaii 1 (16-inch) - 2015/2016,Children Bicycles
476,2,4,2,2899.99,0.2,4639.984,Trek Fuel EX 8 29 - 2016,Mountain Bikes
476,3,11,2,1680.99,0.07,3126.6414,Surly Straggler 650b - 2016,Cyclocross Bicycles
476,4,20,2,599.99,0.05,1139.981,Electra Townie Original 7D EQ - Women's - 2016,Cruisers Bicycles
477,1,6,1,469.99,0.1,422.991,Surly Ice Cream Truck Frameset - 2016,Mountain Bikes
477,2,10,1,1549,0.05,1471.55,Surly Straggler - 2016,Cyclocross Bicycles
478,1,21,2,269.99,0.07,502.1814,Electra Cruiser 1 (24-Inch) - 2016,Children Bicycles
479,1,26,1,599.99,0.07,557.9907,Electra Townie Original 7D EQ - 2016,Comfort Bicycles
479,2,12,1,549.99,0.05,522.4905,Electra Townie Original 21D - 2016,Cruisers Bicycles
479,3,21,1,269.99,0.2,215.992,Electra Cruiser 1 (24-Inch) - 2016,Children Bicycles
479,4,7,1,3999.99,0.05,3799.9905,Trek Slash 8 27.5 - 2016,Mountain Bikes
479,5,10,1,1549,0.2,1239.2,Surly Straggler - 2016,Cyclocross Bicycles
480,1,4,1,2899.99,0.05,2754.9905,Trek Fuel EX 8 29 - 2016,Mountain Bikes
480,2,15,1,529.99,0.05,503.4905,Electra Moto 1 - 2016,Cruisers Bicycles
480,3,23,2,299.99,0.07,557.9814,Electra Girl's Hawaii 1 (20-inch) - 2015/2016,Children Bicycles
481,1,13,2,269.99,0.2,431.984,Electra Cruiser 1 (24-Inch) - 2016,Cruisers Bicycles
481,2,16,2,599.99,0.07,1115.9814,Electra Townie Original 7D EQ - 2016,Cruisers Bicycles
481,3,9,2,2999.99,0.1,5399.982,Trek Conduit+ - 2016,Electric Bikes
482,1,13,1,269.99,0.2,215.992,Electra Cruiser 1 (24-Inch) - 2016,Cruisers Bicycles
482,2,14,1,269.99,0.1,242.991,Electra Girl's Hawaii 1 (16-inch) - 2015/2016,Cruisers Bicycles
483,1,17,1,429,0.07,398.97,Pure Cycles Vine 8-Speed - 2016,Cruisers Bicycles
484,1,8,2,1799.99,0.1,3239.982,Trek Remedy 29 Carbon Frameset - 2016,Mountain Bikes
484,2,24,1,549.99,0.05,522.4905,Electra Townie Original 21D - 2016,Comfort Bicycles
484,3,9,2,2999.99,0.05,5699.981,Trek Conduit+ - 2016,Electric Bikes
484,4,6,1,469.99,0.2,375.992,Surly Ice Cream Truck Frameset - 2016,Mountain Bikes
485,1,13,1,269.99,0.1,242.991,Electra Cruiser 1 (24-Inch) - 2016,Cruisers Bicycles
485,2,26,2,599.99,0.05,1139.981,Electra Townie Original 7D EQ - 2016,Comfort Bicycles
486,1,9,1,2999.99,0.07,2789.9907,Trek Conduit+ - 2016,Electric Bikes
486,2,23,2,299.99,0.05,569.981,Electra Girl's Hawaii 1 (20-inch) - 2015/2016,Children Bicycles
487,1,6,1,469.99,0.2,375.992,Surly Ice Cream Truck Frameset - 2016,Mountain Bikes
488,1,13,2,269.99,0.07,502.1814,Electra Cruiser 1 (24-Inch) - 2016,Cruisers Bicycles
488,2,23,2,299.99,0.05,569.981,Electra Girl's Hawaii 1 (20-inch) - 2015/2016,Children Bicycles
488,3,22,1,269.99,0.05,256.4905,Electra Girl's Hawaii 1 (16-inch) - 2015/2016,Children Bicycles
489,1,8,2,1799.99,0.1,3239.982,Trek Remedy 29 Carbon Frameset - 2016,Mountain Bikes
490,1,12,1,549.99,0.1,494.991,Electra Townie Original 21D - 2016,Cruisers Bicycles
490,2,23,1,299.99,0.05,284.9905,Electra Girl's Hawaii 1 (20-inch) - 2015/2016,Children Bicycles
490,3,14,1,269.99,0.1,242.991,Electra Girl's Hawaii 1 (16-inch) - 2015/2016,Cruisers Bicycles
490,4,13,2,269.99,0.07,502.1814,Electra Cruiser 1 (24-Inch) - 2016,Cruisers Bicycles
491,1,9,2,2999.99,0.2,4799.984,Trek Conduit+ - 2016,Electric Bikes
491,2,21,2,269.99,0.05,512.981,Electra Cruiser 1 (24-Inch) - 2016,Children Bicycles
491,3,15,2,529.99,0.05,1006.981,Electra Moto 1 - 2016,Cruisers Bicycles
492,1,6,1,469.99,0.1,422.991,Surly Ice Cream Truck Frameset - 2016,Mountain Bikes
492,2,22,2,269.99,0.1,485.982,Electra Girl's Hawaii 1 (16-inch) - 2015/2016,Children Bicycles
492,3,26,1,599.99,0.05,569.9905,Electra Townie Original 7D EQ - 2016,Comfort Bicycles
493,1,15,1,529.99,0.05,503.4905,Electra Moto 1 - 2016,Cruisers Bicycles
493,2,18,2,449,0.05,853.1,Pure Cycles Western 3-Speed - Women's - 2015/2016,Cruisers Bicycles
493,3,26,1,599.99,0.05,569.9905,Electra Townie Original 7D EQ - 2016,Comfort Bicycles
494,1,23,1,299.99,0.1,269.991,Electra Girl's Hawaii 1 (20-inch) - 2015/2016,Children Bicycles
495,1,22,1,269.99,0.2,215.992,Electra Girl's Hawaii 1 (16-inch) - 2015/2016,Children Bicycles
495,2,9,1,2999.99,0.05,2849.9905,Trek Conduit+ - 2016,Electric Bikes
496,1,23,1,299.99,0.2,239.992,Electra Girl's Hawaii 1 (20-inch) - 2015/2016,Children Bicycles
496,2,13,1,269.99,0.1,242.991,Electra Cruiser 1 (24-Inch) - 2016,Cruisers Bicycles
496,3,21,2,269.99,0.2,431.984,Electra Cruiser 1 (24-Inch) - 2016,Children Bicycles
497,1,25,2,499.99,0.07,929.9814,Electra Townie Original 7D - 2015/2016,Comfort Bicycles
498,1,24,1,549.99,0.07,511.4907,Electra Townie Original 21D - 2016,Comfort Bicycles
498,2,21,1,269.99,0.1,242.991,Electra Cruiser 1 (24-Inch) - 2016,Children Bicycles
498,3,10,1,1549,0.07,1440.57,Surly Straggler - 2016,Cyclocross Bicycles
499,1,11,1,1680.99,0.2,1344.792,Surly Straggler 650b - 2016,Cyclocross Bicycles
499,2,15,1,529.99,0.07,492.8907,Electra Moto 1 - 2016,Cruisers Bicycles
499,3,14,2,269.99,0.2,431.984,Electra Girl's Hawaii 1 (16-inch) - 2015/2016,Cruisers Bicycles
499,4,20,2,599.99,0.1,1079.982,Electra Townie Original 7D EQ - Women's - 2016,Cruisers Bicycles
500,1,12,2,549.99,0.05,1044.981,Electra Townie Original 21D - 2016,Cruisers Bicycles
500,2,14,1,269.99,0.2,215.992,Electra Girl's Hawaii 1 (16-inch) - 2015/2016,Cruisers Bicycles
501,1,19,2,449,0.05,853.1,Pure Cycles William 3-Speed - 2016,Cruisers Bicycles
501,2,8,1,1799.99,0.07,1673.9907,Trek Remedy 29 Carbon Frameset - 2016,Mountain Bikes
501,3,14,1,269.99,0.1,242.991,Electra Girl's Hawaii 1 (16-inch) - 2015/2016,Cruisers Bicycles
501,4,23,2,299.99,0.07,557.9814,Electra Girl's Hawaii 1 (20-inch) - 2015/2016,Children Bicycles
502,1,13,1,269.99,0.05,256.4905,Electra Cruiser 1 (24-Inch) - 2016,Cruisers Bicycles
503,1,13,2,269.99,0.07,502.1814,Electra Cruiser 1 (24-Inch) - 2016,Cruisers Bicycles
503,2,10,1,1549,0.05,1471.55,Surly Straggler - 2016,Cyclocross Bicycles
504,1,24,2,549.99,0.1,989.982,Electra Townie Original 21D - 2016,Comfort Bicycles
504,2,2,2,749.99,0.05,1424.981,Ritchey Timberwolf Frameset - 2016,Mountain Bikes
505,1,26,1,599.99,0.2,479.992,Electra Townie Original 7D EQ - 2016,Comfort Bicycles
506,1,25,1,499.99,0.1,449.991,Electra Townie Original 7D - 2015/2016,Comfort Bicycles
506,2,7,1,3999.99,0.07,3719.9907,Trek Slash 8 27.5 - 2016,Mountain Bikes
507,1,11,2,1680.99,0.05,3193.881,Surly Straggler 650b - 2016,Cyclocross Bicycles
507,2,13,2,269.99,0.07,502.1814,Electra Cruiser 1 (24-Inch) - 2016,Cruisers Bicycles
507,3,20,2,599.99,0.1,1079.982,Electra Townie Original 7D EQ - Women's - 2016,Cruisers Bicycles
508,1,8,1,1799.99,0.05,1709.9905,Trek Remedy 29 Carbon Frameset - 2016,Mountain Bikes
508,2,2,2,749.99,0.05,1424.981,Ritchey Timberwolf Frameset - 2016,Mountain Bikes
508,3,10,2,1549,0.05,2943.1,Surly Straggler - 2016,Cyclocross Bicycles
508,4,25,1,499.99,0.07,464.9907,Electra Townie Original 7D - 2015/2016,Comfort Bicycles
509,1,23,2,299.99,0.2,479.984,Electra Girl's Hawaii 1 (20-inch) - 2015/2016,Children Bicycles
509,2,4,2,2899.99,0.05,5509.981,Trek Fuel EX 8 29 - 2016,Mountain Bikes
510,1,17,1,429,0.1,386.1,Pure Cycles Vine 8-Speed - 2016,Cruisers Bicycles
511,1,22,2,269.99,0.05,512.981,Electra Girl's Hawaii 1 (16-inch) - 2015/2016,Children Bicycles
511,2,13,1,269.99,0.1,242.991,Electra Cruiser 1 (24-Inch) - 2016,Cruisers Bicycles
512,1,21,1,269.99,0.07,251.0907,Electra Cruiser 1 (24-Inch) - 2016,Children Bicycles
513,1,7,1,3999.99,0.07,3719.9907,Trek Slash 8 27.5 - 2016,Mountain Bikes
513,2,13,1,269.99,0.2,215.992,Electra Cruiser 1 (24-Inch) - 2016,Cruisers Bicycles
513,3,23,1,299.99,0.07,278.9907,Electra Girl's Hawaii 1 (20-inch) - 2015/2016,Children Bicycles
514,1,18,2,449,0.2,718.4,Pure Cycles Western 3-Speed - Women's - 2015/2016,Cruisers Bicycles
514,2,17,2,429,0.07,797.94,Pure Cycles Vine 8-Speed - 2016,Cruisers Bicycles
515,1,8,1,1799.99,0.07,1673.9907,Trek Remedy 29 Carbon Frameset - 2016,Mountain Bikes
515,2,5,1,1320.99,0.1,1188.891,Heller Shagamaw Frame - 2016,Mountain Bikes
515,3,25,2,499.99,0.07,929.9814,Electra Townie Original 7D - 2015/2016,Comfort Bicycles
515,4,6,2,469.99,0.2,751.984,Surly Ice Cream Truck Frameset - 2016,Mountain Bikes
516,1,7,1,3999.99,0.05,3799.9905,Trek Slash 8 27.5 - 2016,Mountain Bikes
516,2,5,2,1320.99,0.1,2377.782,Heller Shagamaw Frame - 2016,Mountain Bikes
517,1,21,2,269.99,0.07,502.1814,Electra Cruiser 1 (24-Inch) - 2016,Children Bicycles
518,1,16,2,599.99,0.2,959.984,Electra Townie Original 7D EQ - 2016,Cruisers Bicycles
518,2,5,2,1320.99,0.05,2509.881,Heller Shagamaw Frame - 2016,Mountain Bikes
518,3,25,2,499.99,0.05,949.981,Electra Townie Original 7D - 2015/2016,Comfort Bicycles
518,4,15,2,529.99,0.2,847.984,Electra Moto 1 - 2016,Cruisers Bicycles
518,5,11,2,1680.99,0.07,3126.6414,Surly Straggler 650b - 2016,Cyclocross Bicycles
519,1,6,1,469.99,0.07,437.0907,Surly Ice Cream Truck Frameset - 2016,Mountain Bikes
519,2,16,1,599.99,0.1,539.991,Electra Townie Original 7D EQ - 2016,Cruisers Bicycles
519,3,23,2,299.99,0.05,569.981,Electra Girl's Hawaii 1 (20-inch) - 2015/2016,Children Bicycles
519,4,18,2,449,0.2,718.4,Pure Cycles Western 3-Speed - Women's - 2015/2016,Cruisers Bicycles
519,5,7,1,3999.99,0.05,3799.9905,Trek Slash 8 27.5 - 2016,Mountain Bikes
520,1,26,1,599.99,0.1,539.991,Electra Townie Original 7D EQ - 2016,Comfort Bicycles
520,2,24,1,549.99,0.2,439.992,Electra Townie Original 21D - 2016,Comfort Bicycles
520,3,10,1,1549,0.07,1440.57,Surly Straggler - 2016,Cyclocross Bicycles
521,1,5,1,1320.99,0.2,1056.792,Heller Shagamaw Frame - 2016,Mountain Bikes
521,2,14,1,269.99,0.2,215.992,Electra Girl's Hawaii 1 (16-inch) - 2015/2016,Cruisers Bicycles
522,1,4,2,2899.99,0.07,5393.9814,Trek Fuel EX 8 29 - 2016,Mountain Bikes
522,2,22,2,269.99,0.07,502.1814,Electra Girl's Hawaii 1 (16-inch) - 2015/2016,Children Bicycles
522,3,21,1,269.99,0.05,256.4905,Electra Cruiser 1 (24-Inch) - 2016,Children Bicycles
523,1,12,1,549.99,0.2,439.992,Electra Townie Original 21D - 2016,Cruisers Bicycles
523,2,20,1,599.99,0.05,569.9905,Electra Townie Original 7D EQ - Women's - 2016,Cruisers Bicycles
523,3,5,2,1320.99,0.1,2377.782,Heller Shagamaw Frame - 2016,Mountain Bikes
523,4,16,2,599.99,0.07,1115.9814,Electra Townie Original 7D EQ - 2016,Cruisers Bicycles
524,1,11,1,1680.99,0.07,1563.3207,Surly Straggler 650b - 2016,Cyclocross Bicycles
524,2,2,1,749.99,0.05,712.4905,Ritchey Timberwolf Frameset - 2016,Mountain Bikes
524,3,9,1,2999.99,0.2,2399.992,Trek Conduit+ - 2016,Electric Bikes
524,4,3,2,999.99,0.07,1859.9814,Surly Wednesday Frameset - 2016,Mountain Bikes
524,5,26,1,599.99,0.05,569.9905,Electra Townie Original 7D EQ - 2016,Comfort Bicycles
525,1,9,2,2999.99,0.07,5579.9814,Trek Conduit+ - 2016,Electric Bikes
525,2,6,2,469.99,0.07,874.1814,Surly Ice Cream Truck Frameset - 2016,Mountain Bikes
525,3,10,1,1549,0.1,1394.1,Surly Straggler - 2016,Cyclocross Bicycles
526,1,3,2,999.99,0.1,1799.982,Surly Wednesday Frameset - 2016,Mountain Bikes
526,2,8,1,1799.99,0.1,1619.991,Trek Remedy 29 Carbon Frameset - 2016,Mountain Bikes
526,3,21,1,269.99,0.05,256.4905,Electra Cruiser 1 (24-Inch) - 2016,Children Bicycles
526,4,15,1,529.99,0.07,492.8907,Electra Moto 1 - 2016,Cruisers Bicycles
527,1,18,2,449,0.07,835.14,Pure Cycles Western 3-Speed - Women's - 2015/2016,Cruisers Bicycles
527,2,4,1,2899.99,0.2,2319.992,Trek Fuel EX 8 29 - 2016,Mountain Bikes
527,3,19,1,449,0.1,404.1,Pure Cycles William 3-Speed - 2016,Cruisers Bicycles
527,4,9,2,2999.99,0.2,4799.984,Trek Conduit+ - 2016,Electric Bikes
528,1,21,2,269.99,0.05,512.981,Electra Cruiser 1 (24-Inch) - 2016,Children Bicycles
529,1,12,2,549.99,0.07,1022.9814,Electra Townie Original 21D - 2016,Cruisers Bicycles
530,1,2,2,749.99,0.05,1424.981,Ritchey Timberwolf Frameset - 2016,Mountain Bikes
530,2,4,1,2899.99,0.07,2696.9907,Trek Fuel EX 8 29 - 2016,Mountain Bikes
530,3,6,2,469.99,0.2,751.984,Surly Ice Cream Truck Frameset - 2016,Mountain Bikes
531,1,6,1,469.99,0.2,375.992,Surly Ice Cream Truck Frameset - 2016,Mountain Bikes
531,2,12,2,549.99,0.2,879.984,Electra Townie Original 21D - 2016,Cruisers Bicycles
531,3,25,1,499.99,0.07,464.9907,Electra Townie Original 7D - 2015/2016,Comfort Bicycles
532,1,17,2,429,0.07,797.94,Pure Cycles Vine 8-Speed - 2016,Cruisers Bicycles
532,2,16,2,599.99,0.2,959.984,Electra Townie Original 7D EQ - 2016,Cruisers Bicycles
532,3,12,1,549.99,0.1,494.991,Electra Townie Original 21D - 2016,Cruisers Bicycles
533,1,4,1,2899.99,0.2,2319.992,Trek Fuel EX 8 29 - 2016,Mountain Bikes
533,2,12,2,549.99,0.1,989.982,Electra Townie Original 21D - 2016,Cruisers Bicycles
533,3,10,1,1549,0.2,1239.2,Surly Straggler - 2016,Cyclocross Bicycles
533,4,25,1,499.99,0.05,474.9905,Electra Townie Original 7D - 2015/2016,Comfort Bicycles
534,1,21,2,269.99,0.05,512.981,Electra Cruiser 1 (24-Inch) - 2016,Children Bicycles
534,2,9,2,2999.99,0.05,5699.981,Trek Conduit+ - 2016,Electric Bikes
534,3,2,1,749.99,0.07,697.4907,Ritchey Timberwolf Frameset - 2016,Mountain Bikes
534,4,24,2,549.99,0.1,989.982,Electra Townie Original 21D - 2016,Comfort Bicycles
535,1,24,1,549.99,0.05,522.4905,Electra Townie Original 21D - 2016,Comfort Bicycles
535,2,15,1,529.99,0.1,476.991,Electra Moto 1 - 2016,Cruisers Bicycles
535,3,22,2,269.99,0.1,485.982,Electra Girl's Hawaii 1 (16-inch) - 2015/2016,Children Bicycles
536,1,22,1,269.99,0.1,242.991,Electra Girl's Hawaii 1 (16-inch) - 2015/2016,Children Bicycles
536,2,2,1,749.99,0.1,674.991,Ritchey Timberwolf Frameset - 2016,Mountain Bikes
536,3,12,2,549.99,0.05,1044.981,Electra Townie Original 21D - 2016,Cruisers Bicycles
536,4,14,1,269.99,0.07,251.0907,Electra Girl's Hawaii 1 (16-inch) - 2015/2016,Cruisers Bicycles
537,1,10,1,1549,0.05,1471.55,Surly Straggler - 2016,Cyclocross Bicycles
537,2,26,1,599.99,0.05,569.9905,Electra Townie Original 7D EQ - 2016,Comfort Bicycles
537,3,17,2,429,0.1,772.2,Pure Cycles Vine 8-Speed - 2016,Cruisers Bicycles
537,4,25,2,499.99,0.2,799.984,Electra Townie Original 7D - 2015/2016,Comfort Bicycles
538,1,2,2,749.99,0.2,1199.984,Ritchey Timberwolf Frameset - 2016,Mountain Bikes
539,1,9,2,2999.99,0.1,5399.982,Trek Conduit+ - 2016,Electric Bikes
539,2,23,1,299.99,0.05,284.9905,Electra Girl's Hawaii 1 (20-inch) - 2015/2016,Children Bicycles
539,3,21,2,269.99,0.07,502.1814,Electra Cruiser 1 (24-Inch) - 2016,Children Bicycles
540,1,19,1,449,0.1,404.1,Pure Cycles William 3-Speed - 2016,Cruisers Bicycles
540,2,26,2,599.99,0.1,1079.982,Electra Townie Original 7D EQ - 2016,Comfort Bicycles
540,3,23,2,299.99,0.07,557.9814,Electra Girl's Hawaii 1 (20-inch) - 2015/2016,Children Bicycles
541,1,22,2,269.99,0.05,512.981,Electra Girl's Hawaii 1 (16-inch) - 2015/2016,Children Bicycles
542,1,16,2,599.99,0.2,959.984,Electra Townie Original 7D EQ - 2016,Cruisers Bicycles
542,2,9,1,2999.99,0.1,2699.991,Trek Conduit+ - 2016,Electric Bikes
542,3,20,1,599.99,0.1,539.991,Electra Townie Original 7D EQ - Women's - 2016,Cruisers Bicycles
542,4,19,2,449,0.2,718.4,Pure Cycles William 3-Speed - 2016,Cruisers Bicycles
543,1,25,1,499.99,0.2,399.992,Electra Townie Original 7D - 2015/2016,Comfort Bicycles
543,2,18,1,449,0.2,359.2,Pure Cycles Western 3-Speed - Women's - 2015/2016,Cruisers Bicycles
543,3,26,2,599.99,0.05,1139.981,Electra Townie Original 7D EQ - 2016,Comfort Bicycles
544,1,12,1,549.99,0.05,522.4905,Electra Townie Original 21D - 2016,Cruisers Bicycles
544,2,17,1,429,0.1,386.1,Pure Cycles Vine 8-Speed - 2016,Cruisers Bicycles
544,3,21,1,269.99,0.05,256.4905,Electra Cruiser 1 (24-Inch) - 2016,Children Bicycles
545,1,25,2,499.99,0.2,799.984,Electra Townie Original 7D - 2015/2016,Comfort Bicycles
545,2,6,1,469.99,0.07,437.0907,Surly Ice Cream Truck Frameset - 2016,Mountain Bikes
545,3,24,1,549.99,0.2,439.992,Electra Townie Original 21D - 2016,Comfort Bicycles
545,4,20,2,599.99,0.07,1115.9814,Electra Townie Original 7D EQ - Women's - 2016,Cruisers Bicycles
546,1,17,2,429,0.05,815.1,Pure Cycles Vine 8-Speed - 2016,Cruisers Bicycles
546,2,8,1,1799.99,0.1,1619.991,Trek Remedy 29 Carbon Frameset - 2016,Mountain Bikes
546,3,18,2,449,0.07,835.14,Pure Cycles Western 3-Speed - Women's - 2015/2016,Cruisers Bicycles
547,1,11,2,1680.99,0.05,3193.881,Surly Straggler 650b - 2016,Cyclocross Bicycles
547,2,9,1,2999.99,0.2,2399.992,Trek Conduit+ - 2016,Electric Bikes
547,3,5,1,1320.99,0.1,1188.891,Heller Shagamaw Frame - 2016,Mountain Bikes
548,1,8,1,1799.99,0.1,1619.991,Trek Remedy 29 Carbon Frameset - 2016,Mountain Bikes
548,2,11,2,1680.99,0.07,3126.6414,Surly Straggler 650b - 2016,Cyclocross Bicycles
549,1,15,1,529.99,0.07,492.8907,Electra Moto 1 - 2016,Cruisers Bicycles
549,2,16,1,599.99,0.05,569.9905,Electra Townie Original 7D EQ - 2016,Cruisers Bicycles
549,3,3,1,999.99,0.07,929.9907,Surly Wednesday Frameset - 2016,Mountain Bikes
549,4,7,1,3999.99,0.05,3799.9905,Trek Slash 8 27.5 - 2016,Mountain Bikes
549,5,13,2,269.99,0.1,485.982,Electra Cruiser 1 (24-Inch) - 2016,Cruisers Bicycles
550,1,4,1,2899.99,0.05,2754.9905,Trek Fuel EX 8 29 - 2016,Mountain Bikes
551,1,16,1,599.99,0.05,569.9905,Electra Townie Original 7D EQ - 2016,Cruisers Bicycles
551,2,26,1,599.99,0.07,557.9907,Electra Townie Original 7D EQ - 2016,Comfort Bicycles
551,3,11,2,1680.99,0.2,2689.584,Surly Straggler 650b - 2016,Cyclocross Bicycles
551,4,15,2,529.99,0.2,847.984,Electra Moto 1 - 2016,Cruisers Bicycles
552,1,23,1,299.99,0.2,239.992,Electra Girl's Hawaii 1 (20-inch) - 2015/2016,Children Bicycles
552,2,2,1,749.99,0.2,599.992,Ritchey Timberwolf Frameset - 2016,Mountain Bikes
552,3,24,1,549.99,0.2,439.992,Electra Townie Original 21D - 2016,Comfort Bicycles
552,4,18,1,449,0.1,404.1,Pure Cycles Western 3-Speed - Women's - 2015/2016,Cruisers Bicycles
552,5,19,2,449,0.2,718.4,Pure Cycles William 3-Speed - 2016,Cruisers Bicycles
553,1,24,1,549.99,0.1,494.991,Electra Townie Original 21D - 2016,Comfort Bicycles
553,2,18,2,449,0.07,835.14,Pure Cycles Western 3-Speed - Women's - 2015/2016,Cruisers Bicycles
553,3,12,1,549.99,0.07,511.4907,Electra Townie Original 21D - 2016,Cruisers Bicycles
554,1,3,2,999.99,0.07,1859.9814,Surly Wednesday Frameset - 2016,Mountain Bikes
554,2,22,1,269.99,0.05,256.4905,Electra Girl's Hawaii 1 (16-inch) - 2015/2016,Children Bicycles
554,3,4,2,2899.99,0.2,4639.984,Trek Fuel EX 8 29 - 2016,Mountain Bikes
555,1,8,1,1799.99,0.2,1439.992,Trek Remedy 29 Carbon Frameset - 2016,Mountain Bikes
555,2,7,1,3999.99,0.1,3599.991,Trek Slash 8 27.5 - 2016,Mountain Bikes
555,3,20,2,599.99,0.07,1115.9814,Electra Townie Original 7D EQ - Women's - 2016,Cruisers Bicycles
556,1,16,1,599.99,0.1,539.991,Electra Townie Original 7D EQ - 2016,Cruisers Bicycles
556,2,4,2,2899.99,0.2,4639.984,Trek Fuel EX 8 29 - 2016,Mountain Bikes
557,1,9,2,2999.99,0.1,5399.982,Trek Conduit+ - 2016,Electric Bikes
557,2,10,1,1549,0.1,1394.1,Surly Straggler - 2016,Cyclocross Bicycles
558,1,7,1,3999.99,0.07,3719.9907,Trek Slash 8 27.5 - 2016,Mountain Bikes
558,2,16,1,599.99,0.07,557.9907,Electra Townie Original 7D EQ - 2016,Cruisers Bicycles
558,3,9,1,2999.99,0.1,2699.991,Trek Conduit+ - 2016,Electric Bikes
558,4,21,2,269.99,0.05,512.981,Electra Cruiser 1 (24-Inch) - 2016,Children Bicycles
558,5,10,2,1549,0.07,2881.14,Surly Straggler - 2016,Cyclocross Bicycles
559,1,15,2,529.99,0.1,953.982,Electra Moto 1 - 2016,Cruisers Bicycles
559,2,6,1,469.99,0.1,422.991,Surly Ice Cream Truck Frameset - 2016,Mountain Bikes
559,3,7,2,3999.99,0.07,7439.9814,Trek Slash 8 27.5 - 2016,Mountain Bikes
560,1,16,1,599.99,0.05,569.9905,Electra Townie Original 7D EQ - 2016,Cruisers Bicycles
560,2,26,2,599.99,0.1,1079.982,Electra Townie Original 7D EQ - 2016,Comfort Bicycles
561,1,15,2,529.99,0.05,1006.981,Electra Moto 1 - 2016,Cruisers Bicycles
561,2,18,1,449,0.05,426.55,Pure Cycles Western 3-Speed - Women's - 2015/2016,Cruisers Bicycles
561,3,5,1,1320.99,0.05,1254.9405,Heller Shagamaw Frame - 2016,Mountain Bikes
561,4,17,2,429,0.07,797.94,Pure Cycles Vine 8-Speed - 2016,Cruisers Bicycles
562,1,25,2,499.99,0.07,929.9814,Electra Townie Original 7D - 2015/2016,Comfort Bicycles
562,2,26,1,599.99,0.05,569.9905,Electra Townie Original 7D EQ - 2016,Comfort Bicycles
563,1,6,2,469.99,0.1,845.982,Surly Ice Cream Truck Frameset - 2016,Mountain Bikes
563,2,19,1,449,0.05,426.55,Pure Cycles William 3-Speed - 2016,Cruisers Bicycles
563,3,13,2,269.99,0.1,485.982,Electra Cruiser 1 (24-Inch) - 2016,Cruisers Bicycles
564,1,4,1,2899.99,0.2,2319.992,Trek Fuel EX 8 29 - 2016,Mountain Bikes
564,2,15,1,529.99,0.2,423.992,Electra Moto 1 - 2016,Cruisers Bicycles
565,1,18,1,449,0.2,359.2,Pure Cycles Western 3-Speed - Women's - 2015/2016,Cruisers Bicycles
565,2,25,2,499.99,0.1,899.982,Electra Townie Original 7D - 2015/2016,Comfort Bicycles
565,3,9,1,2999.99,0.05,2849.9905,Trek Conduit+ - 2016,Electric Bikes
565,4,17,1,429,0.1,386.1,Pure Cycles Vine 8-Speed - 2016,Cruisers Bicycles
566,1,24,2,549.99,0.07,1022.9814,Electra Townie Original 21D - 2016,Comfort Bicycles
566,2,7,2,3999.99,0.2,6399.984,Trek Slash 8 27.5 - 2016,Mountain Bikes
566,3,8,1,1799.99,0.1,1619.991,Trek Remedy 29 Carbon Frameset - 2016,Mountain Bikes
566,4,21,2,269.99,0.2,431.984,Electra Cruiser 1 (24-Inch) - 2016,Children Bicycles
567,1,9,1,2999.99,0.2,2399.992,Trek Conduit+ - 2016,Electric Bikes
567,2,5,1,1320.99,0.07,1228.5207,Heller Shagamaw Frame - 2016,Mountain Bikes
568,1,5,1,1320.99,0.05,1254.9405,Heller Shagamaw Frame - 2016,Mountain Bikes
568,2,10,1,1549,0.05,1471.55,Surly Straggler - 2016,Cyclocross Bicycles
569,1,16,1,599.99,0.05,569.9905,Electra Townie Original 7D EQ - 2016,Cruisers Bicycles
569,2,24,2,549.99,0.1,989.982,Electra Townie Original 21D - 2016,Comfort Bicycles
570,1,18,1,449,0.07,417.57,Pure Cycles Western 3-Speed - Women's - 2015/2016,Cruisers Bicycles
570,2,24,2,549.99,0.1,989.982,Electra Townie Original 21D - 2016,Comfort Bicycles
570,3,3,2,999.99,0.2,1599.984,Surly Wednesday Frameset - 2016,Mountain Bikes
570,4,11,1,1680.99,0.1,1512.891,Surly Straggler 650b - 2016,Cyclocross Bicycles
570,5,16,1,599.99,0.05,569.9905,Electra Townie Original 7D EQ - 2016,Cruisers Bicycles
571,1,4,1,2899.99,0.05,2754.9905,Trek Fuel EX 8 29 - 2016,Mountain Bikes
571,2,9,1,2999.99,0.1,2699.991,Trek Conduit+ - 2016,Electric Bikes
572,1,3,1,999.99,0.05,949.9905,Surly Wednesday Frameset - 2016,Mountain Bikes
572,2,13,2,269.99,0.1,485.982,Electra Cruiser 1 (24-Inch) - 2016,Cruisers Bicycles
572,3,11,2,1680.99,0.2,2689.584,Surly Straggler 650b - 2016,Cyclocross Bicycles
573,1,2,1,749.99,0.2,599.992,Ritchey Timberwolf Frameset - 2016,Mountain Bikes
574,1,26,1,599.99,0.05,569.9905,Electra Townie Original 7D EQ - 2016,Comfort Bicycles
574,2,13,2,269.99,0.1,485.982,Electra Cruiser 1 (24-Inch) - 2016,Cruisers Bicycles
574,3,12,2,549.99,0.1,989.982,Electra Townie Original 21D - 2016,Cruisers Bicycles
574,4,23,2,299.99,0.1,539.982,Electra Girl's Hawaii 1 (20-inch) - 2015/2016,Children Bicycles
574,5,11,2,1680.99,0.05,3193.881,Surly Straggler 650b - 2016,Cyclocross Bicycles
575,1,4,2,2899.99,0.07,5393.9814,Trek Fuel EX 8 29 - 2016,Mountain Bikes
575,2,12,1,549.99,0.2,439.992,Electra Townie Original 21D - 2016,Cruisers Bicycles
576,1,9,1,2999.99,0.1,2699.991,Trek Conduit+ - 2016,Electric Bikes
577,1,3,2,999.99,0.2,1599.984,Surly Wednesday Frameset - 2016,Mountain Bikes
578,1,21,1,269.99,0.07,251.0907,Electra Cruiser 1 (24-Inch) - 2016,Children Bicycles
578,2,25,2,499.99,0.2,799.984,Electra Townie Original 7D - 2015/2016,Comfort Bicycles
578,3,18,2,449,0.05,853.1,Pure Cycles Western 3-Speed - Women's - 2015/2016,Cruisers Bicycles
578,4,8,2,1799.99,0.2,2879.984,Trek Remedy 29 Carbon Frameset - 2016,Mountain Bikes
579,1,7,2,3999.99,0.05,7599.981,Trek Slash 8 27.5 - 2016,Mountain Bikes
579,2,6,1,469.99,0.2,375.992,Surly Ice Cream Truck Frameset - 2016,Mountain Bikes
580,1,16,2,599.99,0.2,959.984,Electra Townie Original 7D EQ - 2016,Cruisers Bicycles
580,2,15,1,529.99,0.07,492.8907,Electra Moto 1 - 2016,Cruisers Bicycles
580,3,21,2,269.99,0.2,431.984,Electra Cruiser 1 (24-Inch) - 2016,Children Bicycles
580,4,9,2,2999.99,0.07,5579.9814,Trek Conduit+ - 2016,Electric Bikes
580,5,19,1,449,0.2,359.2,Pure Cycles William 3-Speed - 2016,Cruisers Bicycles
581,1,8,2,1799.99,0.07,3347.9814,Trek Remedy 29 Carbon Frameset - 2016,Mountain Bikes
582,1,10,2,1549,0.2,2478.4,Surly Straggler - 2016,Cyclocross Bicycles
582,2,17,2,429,0.07,797.94,Pure Cycles Vine 8-Speed - 2016,Cruisers Bicycles
583,1,15,2,529.99,0.2,847.984,Electra Moto 1 - 2016,Cruisers Bicycles
584,1,19,1,449,0.07,417.57,Pure Cycles William 3-Speed - 2016,Cruisers Bicycles
584,2,23,1,299.99,0.07,278.9907,Electra Girl's Hawaii 1 (20-inch) - 2015/2016,Children Bicycles
584,3,15,1,529.99,0.1,476.991,Electra Moto 1 - 2016,Cruisers Bicycles
584,4,22,1,269.99,0.05,256.4905,Electra Girl's Hawaii 1 (16-inch) - 2015/2016,Children Bicycles
584,5,8,2,1799.99,0.07,3347.9814,Trek Remedy 29 Carbon Frameset - 2016,Mountain Bikes
585,1,10,1,1549,0.2,1239.2,Surly Straggler - 2016,Cyclocross Bicycles
585,2,18,2,449,0.2,718.4,Pure Cycles Western 3-Speed - Women's - 2015/2016,Cruisers Bicycles
585,3,15,1,529.99,0.05,503.4905,Electra Moto 1 - 2016,Cruisers Bicycles
585,4,12,2,549.99,0.07,1022.9814,Electra Townie Original 21D - 2016,Cruisers Bicycles
586,1,11,2,1680.99,0.1,3025.782,Surly Straggler 650b - 2016,Cyclocross Bicycles
586,2,23,2,299.99,0.2,479.984,Electra Girl's Hawaii 1 (20-inch) - 2015/2016,Children Bicycles
587,1,24,1,549.99,0.05,522.4905,Electra Townie Original 21D - 2016,Comfort Bicycles
587,2,23,1,299.99,0.05,284.9905,Electra Girl's Hawaii 1 (20-inch) - 2015/2016,Children Bicycles
587,3,18,1,449,0.05,426.55,Pure Cycles Western 3-Speed - Women's - 2015/2016,Cruisers Bicycles
587,4,21,1,269.99,0.2,215.992,Electra Cruiser 1 (24-Inch) - 2016,Children Bicycles
588,1,10,2,1549,0.07,2881.14,Surly Straggler - 2016,Cyclocross Bicycles
588,2,23,1,299.99,0.2,239.992,Electra Girl's Hawaii 1 (20-inch) - 2015/2016,Children Bicycles
589,1,15,2,529.99,0.05,1006.981,Electra Moto 1 - 2016,Cruisers Bicycles
590,1,2,2,749.99,0.1,1349.982,Ritchey Timberwolf Frameset - 2016,Mountain Bikes
590,2,20,1,599.99,0.07,557.9907,Electra Townie Original 7D EQ - Women's - 2016,Cruisers Bicycles
590,3,8,2,1799.99,0.05,3419.981,Trek Remedy 29 Carbon Frameset - 2016,Mountain Bikes
590,4,5,2,1320.99,0.1,2377.782,Heller Shagamaw Frame - 2016,Mountain Bikes
590,5,24,1,549.99,0.1,494.991,Electra Townie Original 21D - 2016,Comfort Bicycles
591,1,16,2,599.99,0.05,1139.981,Electra Townie Original 7D EQ - 2016,Cruisers Bicycles
591,2,25,2,499.99,0.05,949.981,Electra Townie Original 7D - 2015/2016,Comfort Bicycles
591,3,2,2,749.99,0.1,1349.982,Ritchey Timberwolf Frameset - 2016,Mountain Bikes
592,1,21,2,269.99,0.1,485.982,Electra Cruiser 1 (24-Inch) - 2016,Children Bicycles
592,2,16,1,599.99,0.05,569.9905,Electra Townie Original 7D EQ - 2016,Cruisers Bicycles
592,3,18,2,449,0.07,835.14,Pure Cycles Western 3-Speed - Women's - 2015/2016,Cruisers Bicycles
593,1,3,2,999.99,0.1,1799.982,Surly Wednesday Frameset - 2016,Mountain Bikes
593,2,25,1,499.99,0.07,464.9907,Electra Townie Original 7D - 2015/2016,Comfort Bicycles
594,1,26,1,599.99,0.1,539.991,Electra Townie Original 7D EQ - 2016,Comfort Bicycles
594,2,21,2,269.99,0.05,512.981,Electra Cruiser 1 (24-Inch) - 2016,Children Bicycles
595,1,4,1,2899.99,0.07,2696.9907,Trek Fuel EX 8 29 - 2016,Mountain Bikes
595,2,19,2,449,0.07,835.14,Pure Cycles William 3-Speed - 2016,Cruisers Bicycles
595,3,3,1,999.99,0.07,929.9907,Surly Wednesday Frameset - 2016,Mountain Bikes
595,4,10,1,1549,0.07,1440.57,Surly Straggler - 2016,Cyclocross Bicycles
595,5,26,2,599.99,0.05,1139.981,Electra Townie Original 7D EQ - 2016,Comfort Bicycles
596,1,5,1,1320.99,0.05,1254.9405,Heller Shagamaw Frame - 2016,Mountain Bikes
596,2,23,2,299.99,0.1,539.982,Electra Girl's Hawaii 1 (20-inch) - 2015/2016,Children Bicycles
596,3,9,1,2999.99,0.05,2849.9905,Trek Conduit+ - 2016,Electric Bikes
597,1,17,2,429,0.2,686.4,Pure Cycles Vine 8-Speed - 2016,Cruisers Bicycles
597,2,8,1,1799.99,0.07,1673.9907,Trek Remedy 29 Carbon Frameset - 2016,Mountain Bikes
598,1,4,2,2899.99,0.05,5509.981,Trek Fuel EX 8 29 - 2016,Mountain Bikes
598,2,16,2,599.99,0.07,1115.9814,Electra Townie Original 7D EQ - 2016,Cruisers Bicycles
598,3,14,1,269.99,0.1,242.991,Electra Girl's Hawaii 1 (16-inch) - 2015/2016,Cruisers Bicycles
599,1,9,2,2999.99,0.05,5699.981,Trek Conduit+ - 2016,Electric Bikes
599,2,22,2,269.99,0.2,431.984,Electra Girl's Hawaii 1 (16-inch) - 2015/2016,Children Bicycles
599,3,23,1,299.99,0.07,278.9907,Electra Girl's Hawaii 1 (20-inch) - 2015/2016,Children Bicycles
599,4,10,2,1549,0.1,2788.2,Surly Straggler - 2016,Cyclocross Bicycles
600,1,26,2,599.99,0.07,1115.9814,Electra Townie Original 7D EQ - 2016,Comfort Bicycles
600,2,4,1,2899.99,0.2,2319.992,Trek Fuel EX 8 29 - 2016,Mountain Bikes
600,3,18,2,449,0.07,835.14,Pure Cycles Western 3-Speed - Women's - 2015/2016,Cruisers Bicycles
601,1,12,2,549.99,0.2,879.984,Electra Townie Original 21D - 2016,Cruisers Bicycles
602,1,15,2,529.99,0.05,1006.981,Electra Moto 1 - 2016,Cruisers Bicycles
602,2,5,2,1320.99,0.07,2457.0414,Heller Shagamaw Frame - 2016,Mountain Bikes
603,1,12,1,549.99,0.07,511.4907,Electra Townie Original 21D - 2016,Cruisers Bicycles
603,2,4,1,2899.99,0.1,2609.991,Trek Fuel EX 8 29 - 2016,Mountain Bikes
604,1,10,2,1549,0.07,2881.14,Surly Straggler - 2016,Cyclocross Bicycles
604,2,9,2,2999.99,0.2,4799.984,Trek Conduit+ - 2016,Electric Bikes
605,1,19,1,449,0.07,417.57,Pure Cycles William 3-Speed - 2016,Cruisers Bicycles
605,2,25,2,499.99,0.05,949.981,Electra Townie Original 7D - 2015/2016,Comfort Bicycles
605,3,13,2,269.99,0.2,431.984,Electra Cruiser 1 (24-Inch) - 2016,Cruisers Bicycles
605,4,11,1,1680.99,0.2,1344.792,Surly Straggler 650b - 2016,Cyclocross Bicycles
606,1,6,2,469.99,0.2,751.984,Surly Ice Cream Truck Frameset - 2016,Mountain Bikes
606,2,18,2,449,0.05,853.1,Pure Cycles Western 3-Speed - Women's - 2015/2016,Cruisers Bicycles
607,1,11,2,1680.99,0.2,2689.584,Surly Straggler 650b - 2016,Cyclocross Bicycles
607,2,26,2,599.99,0.2,959.984,Electra Townie Original 7D EQ - 2016,Comfort Bicycles
607,3,14,1,269.99,0.07,251.0907,Electra Girl's Hawaii 1 (16-inch) - 2015/2016,Cruisers Bicycles
608,1,4,2,2899.99,0.2,4639.984,Trek Fuel EX 8 29 - 2016,Mountain Bikes
608,2,7,2,3999.99,0.1,7199.982,Trek Slash 8 27.5 - 2016,Mountain Bikes
608,3,24,1,549.99,0.1,494.991,Electra Townie Original 21D - 2016,Comfort Bicycles
609,1,10,1,1549,0.07,1440.57,Surly Straggler - 2016,Cyclocross Bicycles
609,2,7,1,3999.99,0.1,3599.991,Trek Slash 8 27.5 - 2016,Mountain Bikes
609,3,22,2,269.99,0.1,485.982,Electra Girl's Hawaii 1 (16-inch) - 2015/2016,Children Bicycles
609,4,5,1,1320.99,0.1,1188.891,Heller Shagamaw Frame - 2016,Mountain Bikes
610,1,26,1,599.99,0.1,539.991,Electra Townie Original 7D EQ - 2016,Comfort Bicycles
610,2,24,1,549.99,0.07,511.4907,Electra Townie Original 21D - 2016,Comfort Bicycles
610,3,18,2,449,0.07,835.14,Pure Cycles Western 3-Speed - Women's - 2015/2016,Cruisers Bicycles
610,4,3,1,999.99,0.07,929.9907,Surly Wednesday Frameset - 2016,Mountain Bikes
610,5,8,1,1799.99,0.1,1619.991,Trek Remedy 29 Carbon Frameset - 2016,Mountain Bikes
611,1,16,2,599.99,0.07,1115.9814,Electra Townie Original 7D EQ - 2016,Cruisers Bicycles
612,1,13,1,269.99,0.1,242.991,Electra Cruiser 1 (24-Inch) - 2016,Cruisers Bicycles
612,2,14,1,269.99,0.1,242.991,Electra Girl's Hawaii 1 (16-inch) - 2015/2016,Cruisers Bicycles
612,3,17,1,429,0.07,398.97,Pure Cycles Vine 8-Speed - 2016,Cruisers Bicycles
612,4,20,1,599.99,0.2,479.992,Electra Townie Original 7D EQ - Women's - 2016,Cruisers Bicycles
613,1,9,2,2999.99,0.1,5399.982,Trek Conduit+ - 2016,Electric Bikes
613,2,18,2,449,0.05,853.1,Pure Cycles Western 3-Speed - Women's - 2015/2016,Cruisers Bicycles
613,3,12,1,549.99,0.07,511.4907,Electra Townie Original 21D - 2016,Cruisers Bicycles
614,1,18,1,449,0.1,404.1,Pure Cycles Western 3-Speed - Women's - 2015/2016,Cruisers Bicycles
614,2,21,1,269.99,0.05,256.4905,Electra Cruiser 1 (24-Inch) - 2016,Children Bicycles
615,1,11,1,1680.99,0.07,1563.3207,Surly Straggler 650b - 2016,Cyclocross Bicycles
615,2,23,1,299.99,0.05,284.9905,Electra Girl's Hawaii 1 (20-inch) - 2015/2016,Children Bicycles
615,3,6,2,469.99,0.1,845.982,Surly Ice Cream Truck Frameset - 2016,Mountain Bikes
615,4,19,2,449,0.1,808.2,Pure Cycles William 3-Speed - 2016,Cruisers Bicycles
616,1,24,1,549.99,0.2,439.992,Electra Townie Original 21D - 2016,Comfort Bicycles
616,2,16,2,599.99,0.2,959.984,Electra Townie Original 7D EQ - 2016,Cruisers Bicycles
617,1,15,2,529.99,0.2,847.984,Electra Moto 1 - 2016,Cruisers Bicycles
617,2,11,2,1680.99,0.07,3126.6414,Surly Straggler 650b - 2016,Cyclocross Bicycles
618,1,17,2,429,0.1,772.2,Pure Cycles Vine 8-Speed - 2016,Cruisers Bicycles
618,2,11,1,1680.99,0.07,1563.3207,Surly Straggler 650b - 2016,Cyclocross Bicycles
619,1,25,1,499.99,0.07,464.9907,Electra Townie Original 7D - 2015/2016,Comfort Bicycles
620,1,5,2,1320.99,0.2,2113.584,Heller Shagamaw Frame - 2016,Mountain Bikes
621,1,17,2,429,0.07,797.94,Pure Cycles Vine 8-Speed - 2016,Cruisers Bicycles
622,1,9,2,2999.99,0.07,5579.9814,Trek Conduit+ - 2016,Electric Bikes
622,2,18,1,449,0.1,404.1,Pure Cycles Western 3-Speed - Women's - 2015/2016,Cruisers Bicycles
622,3,10,1,1549,0.2,1239.2,Surly Straggler - 2016,Cyclocross Bicycles
622,4,25,1,499.99,0.07,464.9907,Electra Townie Original 7D - 2015/2016,Comfort Bicycles
623,1,8,1,1799.99,0.07,1673.9907,Trek Remedy 29 Carbon Frameset - 2016,Mountain Bikes
624,1,21,2,269.99,0.05,512.981,Electra Cruiser 1 (24-Inch) - 2016,Children Bicycles
624,2,16,1,599.99,0.07,557.9907,Electra Townie Original 7D EQ - 2016,Cruisers Bicycles
624,3,22,1,269.99,0.07,251.0907,Electra Girl's Hawaii 1 (16-inch) - 2015/2016,Children Bicycles
624,4,14,2,269.99,0.2,431.984,Electra Girl's Hawaii 1 (16-inch) - 2015/2016,Cruisers Bicycles
625,1,17,1,429,0.07,398.97,Pure Cycles Vine 8-Speed - 2016,Cruisers Bicycles
625,2,11,2,1680.99,0.2,2689.584,Surly Straggler 650b - 2016,Cyclocross Bicycles
625,3,26,1,599.99,0.07,557.9907,Electra Townie Original 7D EQ - 2016,Comfort Bicycles
625,4,23,2,299.99,0.1,539.982,Electra Girl's Hawaii 1 (20-inch) - 2015/2016,Children Bicycles
626,1,15,1,529.99,0.2,423.992,Electra Moto 1 - 2016,Cruisers Bicycles
627,1,19,1,449,0.07,417.57,Pure Cycles William 3-Speed - 2016,Cruisers Bicycles
627,2,9,2,2999.99,0.2,4799.984,Trek Conduit+ - 2016,Electric Bikes
627,3,26,1,599.99,0.07,557.9907,Electra Townie Original 7D EQ - 2016,Comfort Bicycles
628,1,15,2,529.99,0.1,953.982,Electra Moto 1 - 2016,Cruisers Bicycles
629,1,19,1,449,0.05,426.55,Pure Cycles William 3-Speed - 2016,Cruisers Bicycles
629,2,5,2,1320.99,0.05,2509.881,Heller Shagamaw Frame - 2016,Mountain Bikes
629,3,23,2,299.99,0.1,539.982,Electra Girl's Hawaii 1 (20-inch) - 2015/2016,Children Bicycles
629,4,14,2,269.99,0.05,512.981,Electra Girl's Hawaii 1 (16-inch) - 2015/2016,Cruisers Bicycles
629,5,6,2,469.99,0.1,845.982,Surly Ice Cream Truck Frameset - 2016,Mountain Bikes
630,1,5,1,1320.99,0.05,1254.9405,Heller Shagamaw Frame - 2016,Mountain Bikes
630,2,25,1,499.99,0.1,449.991,Electra Townie Original 7D - 2015/2016,Comfort Bicycles
630,3,18,2,449,0.1,808.2,Pure Cycles Western 3-Speed - Women's - 2015/2016,Cruisers Bicycles
630,4,21,2,269.99,0.07,502.1814,Electra Cruiser 1 (24-Inch) - 2016,Children Bicycles
631,1,24,2,549.99,0.07,1022.9814,Electra Townie Original 21D - 2016,Comfort Bicycles
631,2,15,2,529.99,0.07,985.7814,Electra Moto 1 - 2016,Cruisers Bicycles
632,1,25,1,499.99,0.2,399.992,Electra Townie Original 7D - 2015/2016,Comfort Bicycles
632,2,11,2,1680.99,0.1,3025.782,Surly Straggler 650b - 2016,Cyclocross Bicycles
632,3,15,1,529.99,0.07,492.8907,Electra Moto 1 - 2016,Cruisers Bicycles
632,4,6,1,469.99,0.05,446.4905,Surly Ice Cream Truck Frameset - 2016,Mountain Bikes
632,5,22,2,269.99,0.1,485.982,Electra Girl's Hawaii 1 (16-inch) - 2015/2016,Children Bicycles
633,1,12,2,549.99,0.05,1044.981,Electra Townie Original 21D - 2016,Cruisers Bicycles
633,2,13,2,269.99,0.2,431.984,Electra Cruiser 1 (24-Inch) - 2016,Cruisers Bicycles
633,3,5,2,1320.99,0.2,2113.584,Heller Shagamaw Frame - 2016,Mountain Bikes
633,4,10,2,1549,0.2,2478.4,Surly Straggler - 2016,Cyclocross Bicycles
634,1,4,2,2899.99,0.05,5509.981,Trek Fuel EX 8 29 - 2016,Mountain Bikes
634,2,12,1,549.99,0.1,494.991,Electra Townie Original 21D - 2016,Cruisers Bicycles
635,1,4,1,2899.99,0.05,2754.9905,Trek Fuel EX 8 29 - 2016,Mountain Bikes
636,1,85,2,329.99,0.2,527.984,Haro Downtown 16 - 2017,Children Bicycles
637,1,9,1,2999.99,0.1,2699.991,Trek Conduit+ - 2016,Electric Bikes
637,2,106,2,449.99,0.1,809.982,Sun Bicycles Cruz 3 - 2017,Comfort Bicycles
638,1,103,1,551.99,0.05,524.3905,Sun Bicycles Streamway 3 - 2017,Comfort Bicycles
638,2,56,1,5499.99,0.2,4399.992,Trek Domane SLR 6 Disc - 2017,Road Bikes
638,3,53,2,749.99,0.05,1424.981,Surly Ogre Frameset - 2017,Road Bikes
639,1,15,1,529.99,0.07,492.8907,Electra Moto 1 - 2016,Cruisers Bicycles
639,2,73,1,749.99,0.05,712.4905,Sun Bicycles Brickell Tandem 7 - 2017,Cruisers Bicycles
639,3,72,1,619.99,0.05,588.9905,Sun Bicycles Biscayne Tandem 7 - 2017,Cruisers Bicycles
639,4,61,2,4999.99,0.1,8999.982,Trek Powerfly 8 FS Plus - 2017,Electric Bikes
640,1,106,2,449.99,0.05,854.981,Sun Bicycles Cruz 3 - 2017,Comfort Bicycles
640,2,32,1,469.99,0.07,437.0907,Trek Farley Alloy Frameset - 2017,Mountain Bikes
640,3,30,1,999.99,0.07,929.9907,Surly Ice Cream Truck Frameset - 2017,Mountain Bikes
640,4,76,2,299.99,0.07,557.9814,"Electra Girl's Hawaii 1 16"" - 2017",Cruisers Bicycles
640,5,109,2,416.99,0.2,667.184,Sun Bicycles Cruz 7 - Women's - 2017,Comfort Bicycles
641,1,15,1,529.99,0.05,503.4905,Electra Moto 1 - 2016,Cruisers Bicycles
641,2,62,1,3499.99,0.2,2799.992,Trek Boone 7 - 2017,Cyclocross Bicycles
641,3,64,1,489.99,0.2,391.992,Electra Townie Original 7D - 2017,Cruisers Bicycles
642,1,68,2,449.99,0.07,836.9814,Sun Bicycles Cruz 3 - 2017,Cruisers Bicycles
643,1,53,1,749.99,0.05,712.4905,Surly Ogre Frameset - 2017,Road Bikes
644,1,9,1,2999.99,0.07,2789.9907,Trek Conduit+ - 2016,Electric Bikes
645,1,99,1,299.99,0.07,278.9907,Electra Sugar Skulls 1 (20-inch) - Girl's - 2017,Children Bicycles
645,2,42,2,2299.99,0.05,4369.981,Trek Fuel EX 5 27.5 Plus - 2017,Mountain Bikes
645,3,6,1,469.99,0.05,446.4905,Surly Ice Cream Truck Frameset - 2016,Mountain Bikes
645,4,47,2,5299.99,0.07,9857.9814,Trek Remedy 9.8 - 2017,Mountain Bikes
645,5,21,2,269.99,0.07,502.1814,Electra Cruiser 1 (24-Inch) - 2016,Children Bicycles
646,1,15,2,529.99,0.2,847.984,Electra Moto 1 - 2016,Cruisers Bicycles
646,2,4,1,2899.99,0.07,2696.9907,Trek Fuel EX 8 29 - 2016,Mountain Bikes
646,3,95,1,299.99,0.05,284.9905,"Electra Girl's Hawaii 1 16"" - 2017",Children Bicycles
646,4,12,1,549.99,0.2,439.992,Electra Townie Original 21D - 2016,Cruisers Bicycles
647,1,25,2,499.99,0.07,929.9814,Electra Townie Original 7D - 2015/2016,Comfort Bicycles
647,2,13,1,269.99,0.1,242.991,Electra Cruiser 1 (24-Inch) - 2016,Cruisers Bicycles
648,1,24,1,549.99,0.07,511.4907,Electra Townie Original 21D - 2016,Comfort Bicycles
649,1,97,2,349.99,0.1,629.982,Electra Savannah 3i (20-inch) - Girl's - 2017,Children Bicycles
649,2,90,1,209.99,0.07,195.2907,Trek Precaliber 16 Girls - 2017,Children Bicycles
649,3,11,2,1680.99,0.1,3025.782,Surly Straggler 650b - 2016,Cyclocross Bicycles
649,4,78,1,647.99,0.05,615.5905,Sun Bicycles Biscayne Tandem CB - 2017,Cruisers Bicycles
650,1,3,1,999.99,0.2,799.992,Surly Wednesday Frameset - 2016,Mountain Bikes
651,1,79,1,402.99,0.1,362.691,Sun Bicycles Boardwalk (24-inch Wheels) - 2017,Cruisers Bicycles
651,2,85,1,329.99,0.05,313.4905,Haro Downtown 16 - 2017,Children Bicycles
651,3,102,2,489.99,0.05,930.981,Electra Townie Original 7D - 2017,Comfort Bicycles
651,4,94,2,249.99,0.05,474.981,Haro Shredder Pro 20 - 2017,Children Bicycles
652,1,102,1,489.99,0.1,440.991,Electra Townie Original 7D - 2017,Comfort Bicycles
652,2,62,2,3499.99,0.2,5599.984,Trek Boone 7 - 2017,Cyclocross Bicycles
652,3,67,2,250.99,0.2,401.584,Sun Bicycles Revolutions 24 - Girl's - 2017,Cruisers Bicycles
652,4,23,1,299.99,0.1,269.991,Electra Girl's Hawaii 1 (20-inch) - 2015/2016,Children Bicycles
652,5,74,1,439.99,0.05,417.9905,Electra Cruiser Lux 1 - 2017,Cruisers Bicycles
653,1,6,1,469.99,0.07,437.0907,Surly Ice Cream Truck Frameset - 2016,Mountain Bikes
653,2,43,1,5299.99,0.1,4769.991,Trek Fuel EX 9.8 27.5 Plus - 2017,Mountain Bikes
653,3,2,2,749.99,0.1,1349.982,Ritchey Timberwolf Frameset - 2016,Mountain Bikes
653,4,80,1,761.99,0.2,609.592,Sun Bicycles Brickell Tandem CB - 2017,Cruisers Bicycles
653,5,88,2,189.99,0.07,353.3814,Trek Precaliber 12 Girls - 2017,Children Bicycles
654,1,9,1,2999.99,0.1,2699.991,Trek Conduit+ - 2016,Electric Bikes
654,2,95,1,299.99,0.1,269.991,"Electra Girl's Hawaii 1 16"" - 2017",Children Bicycles
654,3,110,2,470.99,0.07,876.0414,Sun Bicycles Drifter 7 - 2017,Comfort Bicycles
654,4,97,2,349.99,0.07,650.9814,Electra Savannah 3i (20-inch) - Girl's - 2017,Children Bicycles
655,1,67,1,250.99,0.1,225.891,Sun Bicycles Revolutions 24 - Girl's - 2017,Cruisers Bicycles
656,1,83,1,149.99,0.1,134.991,Trek Boy's Kickster - 2015/2017,Children Bicycles
656,2,22,1,269.99,0.07,251.0907,Electra Girl's Hawaii 1 (16-inch) - 2015/2016,Children Bicycles
656,3,33,2,469.99,0.05,892.981,Surly Wednesday Frameset - 2017,Mountain Bikes
657,1,52,1,875.99,0.05,832.1905,Surly Steamroller - 2017,Road Bikes
657,2,54,2,3199.99,0.05,6079.981,Trek Domane SL Disc Frameset - 2017,Road Bikes
658,1,49,2,3499.99,0.2,5599.984,Trek Domane SL 6 - 2017,Road Bikes
658,2,29,1,999.99,0.05,949.9905,Trek X-Caliber 8 - 2017,Mountain Bikes
658,3,9,1,2999.99,0.05,2849.9905,Trek Conduit+ - 2016,Electric Bikes
659,1,42,2,2299.99,0.05,4369.981,Trek Fuel EX 5 27.5 Plus - 2017,Mountain Bikes
659,2,39,2,1499.99,0.07,2789.9814,Trek Stache 5 - 2017,Mountain Bikes
659,3,70,1,659.99,0.05,626.9905,Electra Amsterdam Original 3i - 2015/2017,Cruisers Bicycles
659,4,61,2,4999.99,0.07,9299.9814,Trek Powerfly 8 FS Plus - 2017,Electric Bikes
660,1,30,1,999.99,0.2,799.992,Surly Ice Cream Truck Frameset - 2017,Mountain Bikes
660,2,59,2,2599.99,0.07,4835.9814,Trek Domane S 5 Disc - 2017,Road Bikes
660,3,47,2,5299.99,0.05,10069.981,Trek Remedy 9.8 - 2017,Mountain Bikes
660,4,29,2,999.99,0.2,1599.984,Trek X-Caliber 8 - 2017,Mountain Bikes
661,1,63,2,3499.99,0.07,6509.9814,Trek Boone Race Shop Limited - 2017,Cyclocross Bicycles
661,2,22,2,269.99,0.05,512.981,Electra Girl's Hawaii 1 (16-inch) - 2015/2016,Children Bicycles
662,1,55,2,2699.99,0.1,4859.982,Trek Domane S 6 - 2017,Road Bikes
662,2,95,2,299.99,0.2,479.984,"Electra Girl's Hawaii 1 16"" - 2017",Children Bicycles
662,3,102,2,489.99,0.07,911.3814,Electra Townie Original 7D - 2017,Comfort Bicycles
662,4,22,1,269.99,0.07,251.0907,Electra Girl's Hawaii 1 (16-inch) - 2015/2016,Children Bicycles
662,5,106,2,449.99,0.07,836.9814,Sun Bicycles Cruz 3 - 2017,Comfort Bicycles
663,1,41,2,1469.99,0.05,2792.981,Haro Shift R3 - 2017,Mountain Bikes
663,2,17,2,429,0.2,686.4,Pure Cycles Vine 8-Speed - 2016,Cruisers Bicycles
663,3,94,1,249.99,0.05,237.4905,Haro Shredder Pro 20 - 2017,Children Bicycles
663,4,71,1,416.99,0.07,387.8007,Sun Bicycles Atlas X-Type - 2017,Cruisers Bicycles
663,5,106,1,449.99,0.2,359.992,Sun Bicycles Cruz 3 - 2017,Comfort Bicycles
664,1,52,2,875.99,0.07,1629.3414,Surly Steamroller - 2017,Road Bikes
664,2,5,1,1320.99,0.07,1228.5207,Heller Shagamaw Frame - 2016,Mountain Bikes
664,3,50,1,5999.99,0.2,4799.992,Trek Silque SLR 7 Women's - 2017,Road Bikes
664,4,101,2,339.99,0.2,543.984,Electra Townie 7D (20-inch) - Boys' - 2017,Children Bicycles
664,5,47,1,5299.99,0.07,4928.9907,Trek Remedy 9.8 - 2017,Mountain Bikes
665,1,58,1,4999.99,0.07,4649.9907,Trek Madone 9.2 - 2017,Road Bikes
665,2,42,2,2299.99,0.2,3679.984,Trek Fuel EX 5 27.5 Plus - 2017,Mountain Bikes
665,3,25,2,499.99,0.05,949.981,Electra Townie Original 7D - 2015/2016,Comfort Bicycles
666,1,98,2,489.99,0.2,783.984,Electra Straight 8 3i (20-inch) - Boy's - 2017,Children Bicycles
666,2,39,1,1499.99,0.05,1424.9905,Trek Stache 5 - 2017,Mountain Bikes
667,1,79,1,402.99,0.2,322.392,Sun Bicycles Boardwalk (24-inch Wheels) - 2017,Cruisers Bicycles
667,2,84,1,109.99,0.1,98.991,Sun Bicycles Lil Kitt'n - 2017,Children Bicycles
667,3,3,1,999.99,0.2,799.992,Surly Wednesday Frameset - 2016,Mountain Bikes
667,4,99,1,299.99,0.1,269.991,Electra Sugar Skulls 1 (20-inch) - Girl's - 2017,Children Bicycles
667,5,85,1,329.99,0.05,313.4905,Haro Downtown 16 - 2017,Children Bicycles
668,1,48,2,1499.99,0.05,2849.981,Trek Emonda S 4 - 2017,Road Bikes
668,2,19,2,449,0.1,808.2,Pure Cycles William 3-Speed - 2016,Cruisers Bicycles
669,1,16,2,599.99,0.07,1115.9814,Electra Townie Original 7D EQ - 2016,Cruisers Bicycles
669,2,72,1,619.99,0.07,576.5907,Sun Bicycles Biscayne Tandem 7 - 2017,Cruisers Bicycles
670,1,108,1,449.99,0.1,404.991,Sun Bicycles Cruz 3 - Women's - 2017,Comfort Bicycles
670,2,28,1,2499.99,0.07,2324.9907,Surly Karate Monkey 27.5+ Frameset - 2017,Mountain Bikes
670,3,104,2,481.99,0.2,771.184,Sun Bicycles Streamway - 2017,Comfort Bicycles
670,4,45,2,869.99,0.05,1652.981,Haro SR 1.2 - 2017,Mountain Bikes
671,1,30,1,999.99,0.05,949.9905,Surly Ice Cream Truck Frameset - 2017,Mountain Bikes
671,2,69,1,416.99,0.05,396.1405,Sun Bicycles Cruz 7 - 2017,Cruisers Bicycles
671,3,55,1,2699.99,0.2,2159.992,Trek Domane S 6 - 2017,Road Bikes
671,4,4,1,2899.99,0.07,2696.9907,Trek Fuel EX 8 29 - 2016,Mountain Bikes
671,5,109,2,416.99,0.07,775.6014,Sun Bicycles Cruz 7 - Women's - 2017,Comfort Bicycles
672,1,51,2,6499.99,0.07,12089.9814,Trek Silque SLR 8 Women's - 2017,Road Bikes
672,2,96,2,349.99,0.2,559.984,Electra Moto 3i (20-inch) - Boy's - 2017,Children Bicycles
672,3,48,2,1499.99,0.07,2789.9814,Trek Emonda S 4 - 2017,Road Bikes
673,1,66,1,250.99,0.2,200.792,Sun Bicycles Revolutions 24 - 2017,Cruisers Bicycles
673,2,38,1,549.99,0.2,439.992,Haro Flightline Two 26 Plus - 2017,Mountain Bikes
673,3,5,1,1320.99,0.07,1228.5207,Heller Shagamaw Frame - 2016,Mountain Bikes
673,4,13,1,269.99,0.1,242.991,Electra Cruiser 1 (24-Inch) - 2016,Cruisers Bicycles
674,1,26,2,599.99,0.2,959.984,Electra Townie Original 7D EQ - 2016,Comfort Bicycles
675,1,17,1,429,0.05,407.55,Pure Cycles Vine 8-Speed - 2016,Cruisers Bicycles
675,2,89,2,209.99,0.05,398.981,Trek Precaliber 16 Boys - 2017,Children Bicycles
675,3,19,1,449,0.07,417.57,Pure Cycles William 3-Speed - 2016,Cruisers Bicycles
675,4,32,1,469.99,0.2,375.992,Trek Farley Alloy Frameset - 2017,Mountain Bikes
676,1,70,1,659.99,0.2,527.992,Electra Amsterdam Original 3i - 2015/2017,Cruisers Bicycles
676,2,104,2,481.99,0.07,896.5014,Sun Bicycles Streamway - 2017,Comfort Bicycles
676,3,24,1,549.99,0.1,494.991,Electra Townie Original 21D - 2016,Comfort Bicycles
676,4,29,1,999.99,0.2,799.992,Trek X-Caliber 8 - 2017,Mountain Bikes
677,1,75,1,599.99,0.07,557.9907,Electra Cruiser Lux Fat Tire 1 Ladies - 2017,Cruisers Bicycles
677,2,7,2,3999.99,0.07,7439.9814,Trek Slash 8 27.5 - 2016,Mountain Bikes
677,3,105,2,533.99,0.07,993.2214,Sun Bicycles Streamway 7 - 2017,Comfort Bicycles
677,4,91,2,349.99,0.05,664.981,Trek Precaliber 24 (21-Speed) - Girls - 2017,Children Bicycles
677,5,54,2,3199.99,0.1,5759.982,Trek Domane SL Disc Frameset - 2017,Road Bikes
678,1,52,2,875.99,0.05,1664.381,Surly Steamroller - 2017,Road Bikes
678,2,37,2,379.99,0.07,706.7814,Haro Flightline One ST - 2017,Mountain Bikes
679,1,15,2,529.99,0.2,847.984,Electra Moto 1 - 2016,Cruisers Bicycles
679,2,83,2,149.99,0.05,284.981,Trek Boy's Kickster - 2015/2017,Children Bicycles
680,1,81,2,1099.99,0.05,2089.981,Electra Amsterdam Fashion 7i Ladies' - 2017,Cruisers Bicycles
680,2,7,1,3999.99,0.2,3199.992,Trek Slash 8 27.5 - 2016,Mountain Bikes
680,3,50,1,5999.99,0.07,5579.9907,Trek Silque SLR 7 Women's - 2017,Road Bikes
681,1,82,1,659.99,0.05,626.9905,Electra Amsterdam Original 3i Ladies' - 2017,Cruisers Bicycles
681,2,63,1,3499.99,0.07,3254.9907,Trek Boone Race Shop Limited - 2017,Cyclocross Bicycles
681,3,61,1,4999.99,0.2,3999.992,Trek Powerfly 8 FS Plus - 2017,Electric Bikes
681,4,6,2,469.99,0.05,892.981,Surly Ice Cream Truck Frameset - 2016,Mountain Bikes
681,5,30,1,999.99,0.07,929.9907,Surly Ice Cream Truck Frameset - 2017,Mountain Bikes
682,1,39,1,1499.99,0.2,1199.992,Trek Stache 5 - 2017,Mountain Bikes
682,2,60,2,1559.99,0.2,2495.984,Sun Bicycles ElectroLite - 2017,Electric Bikes
682,3,99,1,299.99,0.2,239.992,Electra Sugar Skulls 1 (20-inch) - Girl's - 2017,Children Bicycles
683,1,2,2,749.99,0.1,1349.982,Ritchey Timberwolf Frameset - 2016,Mountain Bikes
684,1,56,1,5499.99,0.07,5114.9907,Trek Domane SLR 6 Disc - 2017,Road Bikes
684,2,33,1,469.99,0.1,422.991,Surly Wednesday Frameset - 2017,Mountain Bikes
685,1,59,1,2599.99,0.05,2469.9905,Trek Domane S 5 Disc - 2017,Road Bikes
685,2,48,2,1499.99,0.05,2849.981,Trek Emonda S 4 - 2017,Road Bikes
685,3,107,1,416.99,0.05,396.1405,Sun Bicycles Cruz 7 - 2017,Comfort Bicycles
685,4,98,2,489.99,0.2,783.984,Electra Straight 8 3i (20-inch) - Boy's - 2017,Children Bicycles
685,5,56,2,5499.99,0.05,10449.981,Trek Domane SLR 6 Disc - 2017,Road Bikes
686,1,16,1,599.99,0.2,479.992,Electra Townie Original 7D EQ - 2016,Cruisers Bicycles
686,2,30,1,999.99,0.1,899.991,Surly Ice Cream Truck Frameset - 2017,Mountain Bikes
686,3,88,2,189.99,0.2,303.984,Trek Precaliber 12 Girls - 2017,Children Bicycles
686,4,19,2,449,0.2,718.4,Pure Cycles William 3-Speed - 2016,Cruisers Bicycles
686,5,104,1,481.99,0.2,385.592,Sun Bicycles Streamway - 2017,Comfort Bicycles
687,1,48,2,1499.99,0.05,2849.981,Trek Emonda S 4 - 2017,Road Bikes
687,2,95,1,299.99,0.07,278.9907,"Electra Girl's Hawaii 1 16"" - 2017",Children Bicycles
687,3,5,2,1320.99,0.2,2113.584,Heller Shagamaw Frame - 2016,Mountain Bikes
687,4,83,1,149.99,0.07,139.4907,Trek Boy's Kickster - 2015/2017,Children Bicycles
688,1,8,1,1799.99,0.1,1619.991,Trek Remedy 29 Carbon Frameset - 2016,Mountain Bikes
688,2,88,1,189.99,0.05,180.4905,Trek Precaliber 12 Girls - 2017,Children Bicycles
689,1,33,2,469.99,0.1,845.982,Surly Wednesday Frameset - 2017,Mountain Bikes
690,1,84,1,109.99,0.2,87.992,Sun Bicycles Lil Kitt'n - 2017,Children Bicycles
690,2,11,2,1680.99,0.07,3126.6414,Surly Straggler 650b - 2016,Cyclocross Bicycles
690,3,85,1,329.99,0.05,313.4905,Haro Downtown 16 - 2017,Children Bicycles
690,4,109,2,416.99,0.2,667.184,Sun Bicycles Cruz 7 - Women's - 2017,Comfort Bicycles
691,1,23,2,299.99,0.05,569.981,Electra Girl's Hawaii 1 (20-inch) - 2015/2016,Children Bicycles
691,2,5,2,1320.99,0.1,2377.782,Heller Shagamaw Frame - 2016,Mountain Bikes
691,3,55,2,2699.99,0.2,4319.984,Trek Domane S 6 - 2017,Road Bikes
691,4,20,1,599.99,0.2,479.992,Electra Townie Original 7D EQ - Women's - 2016,Cruisers Bicycles
692,1,59,1,2599.99,0.2,2079.992,Trek Domane S 5 Disc - 2017,Road Bikes
692,2,75,1,599.99,0.07,557.9907,Electra Cruiser Lux Fat Tire 1 Ladies - 2017,Cruisers Bicycles
692,3,15,2,529.99,0.07,985.7814,Electra Moto 1 - 2016,Cruisers Bicycles
692,4,56,2,5499.99,0.1,9899.982,Trek Domane SLR 6 Disc - 2017,Road Bikes
693,1,104,2,481.99,0.2,771.184,Sun Bicycles Streamway - 2017,Comfort Bicycles
693,2,13,1,269.99,0.2,215.992,Electra Cruiser 1 (24-Inch) - 2016,Cruisers Bicycles
693,3,5,2,1320.99,0.05,2509.881,Heller Shagamaw Frame - 2016,Mountain Bikes
693,4,31,1,1632.99,0.07,1518.6807,Surly Wednesday - 2017,Mountain Bikes
694,1,48,1,1499.99,0.2,1199.992,Trek Emonda S 4 - 2017,Road Bikes
694,2,39,1,1499.99,0.05,1424.9905,Trek Stache 5 - 2017,Mountain Bikes
694,3,55,2,2699.99,0.1,4859.982,Trek Domane S 6 - 2017,Road Bikes
694,4,103,2,551.99,0.2,883.184,Sun Bicycles Streamway 3 - 2017,Comfort Bicycles
694,5,45,2,869.99,0.1,1565.982,Haro SR 1.2 - 2017,Mountain Bikes
695,1,82,2,659.99,0.1,1187.982,Electra Amsterdam Original 3i Ladies' - 2017,Cruisers Bicycles
695,2,57,2,1999.99,0.2,3199.984,Trek Emonda S 5 - 2017,Road Bikes
696,1,88,2,189.99,0.07,353.3814,Trek Precaliber 12 Girls - 2017,Children Bicycles
696,2,7,1,3999.99,0.1,3599.991,Trek Slash 8 27.5 - 2016,Mountain Bikes
696,3,45,1,869.99,0.07,809.0907,Haro SR 1.2 - 2017,Mountain Bikes
697,1,5,2,1320.99,0.05,2509.881,Heller Shagamaw Frame - 2016,Mountain Bikes
698,1,96,1,349.99,0.07,325.4907,Electra Moto 3i (20-inch) - Boy's - 2017,Children Bicycles
698,2,12,1,549.99,0.07,511.4907,Electra Townie Original 21D - 2016,Cruisers Bicycles
698,3,40,2,4999.99,0.05,9499.981,Trek Fuel EX 9.8 29 - 2017,Mountain Bikes
699,1,106,2,449.99,0.1,809.982,Sun Bicycles Cruz 3 - 2017,Comfort Bicycles
699,2,48,1,1499.99,0.07,1394.9907,Trek Emonda S 4 - 2017,Road Bikes
699,3,31,1,1632.99,0.2,1306.392,Surly Wednesday - 2017,Mountain Bikes
699,4,24,2,549.99,0.1,989.982,Electra Townie Original 21D - 2016,Comfort Bicycles
699,5,82,2,659.99,0.2,1055.984,Electra Amsterdam Original 3i Ladies' - 2017,Cruisers Bicycles
700,1,7,2,3999.99,0.05,7599.981,Trek Slash 8 27.5 - 2016,Mountain Bikes
700,2,63,1,3499.99,0.2,2799.992,Trek Boone Race Shop Limited - 2017,Cyclocross Bicycles
701,1,84,1,109.99,0.05,104.4905,Sun Bicycles Lil Kitt'n - 2017,Children Bicycles
702,1,25,2,499.99,0.05,949.981,Electra Townie Original 7D - 2015/2016,Comfort Bicycles
702,2,104,1,481.99,0.1,433.791,Sun Bicycles Streamway - 2017,Comfort Bicycles
702,3,3,2,999.99,0.07,1859.9814,Surly Wednesday Frameset - 2016,Mountain Bikes
703,1,45,2,869.99,0.2,1391.984,Haro SR 1.2 - 2017,Mountain Bikes
703,2,66,2,250.99,0.05,476.881,Sun Bicycles Revolutions 24 - 2017,Cruisers Bicycles
703,3,72,1,619.99,0.2,495.992,Sun Bicycles Biscayne Tandem 7 - 2017,Cruisers Bicycles
703,4,4,2,2899.99,0.2,4639.984,Trek Fuel EX 8 29 - 2016,Mountain Bikes
704,1,10,2,1549,0.05,2943.1,Surly Straggler - 2016,Cyclocross Bicycles
704,2,62,1,3499.99,0.2,2799.992,Trek Boone 7 - 2017,Cyclocross Bicycles
704,3,100,2,489.99,0.07,911.3814,Electra Townie 3i EQ (20-inch) - Boys' - 2017,Children Bicycles
705,1,61,1,4999.99,0.1,4499.991,Trek Powerfly 8 FS Plus - 2017,Electric Bikes
706,1,27,1,999.99,0.1,899.991,Surly Big Dummy Frameset - 2017,Mountain Bikes
706,2,23,2,299.99,0.05,569.981,Electra Girl's Hawaii 1 (20-inch) - 2015/2016,Children Bicycles
706,3,60,1,1559.99,0.2,1247.992,Sun Bicycles ElectroLite - 2017,Electric Bikes
707,1,106,2,449.99,0.05,854.981,Sun Bicycles Cruz 3 - 2017,Comfort Bicycles
707,2,100,1,489.99,0.07,455.6907,Electra Townie 3i EQ (20-inch) - Boys' - 2017,Children Bicycles
707,3,11,2,1680.99,0.1,3025.782,Surly Straggler 650b - 2016,Cyclocross Bicycles
707,4,26,2,599.99,0.1,1079.982,Electra Townie Original 7D EQ - 2016,Comfort Bicycles
708,1,6,1,469.99,0.07,437.0907,Surly Ice Cream Truck Frameset - 2016,Mountain Bikes
708,2,47,1,5299.99,0.1,4769.991,Trek Remedy 9.8 - 2017,Mountain Bikes
708,3,34,2,469.99,0.2,751.984,Trek Session DH 27.5 Carbon Frameset - 2017,Mountain Bikes
709,1,55,2,2699.99,0.05,5129.981,Trek Domane S 6 - 2017,Road Bikes
709,2,101,2,339.99,0.07,632.3814,Electra Townie 7D (20-inch) - Boys' - 2017,Children Bicycles
709,3,48,1,1499.99,0.07,1394.9907,Trek Emonda S 4 - 2017,Road Bikes
710,1,42,1,2299.99,0.05,2184.9905,Trek Fuel EX 5 27.5 Plus - 2017,Mountain Bikes
710,2,60,2,1559.99,0.2,2495.984,Sun Bicycles ElectroLite - 2017,Electric Bikes
710,3,39,2,1499.99,0.2,2399.984,Trek Stache 5 - 2017,Mountain Bikes
710,4,57,1,1999.99,0.2,1599.992,Trek Emonda S 5 - 2017,Road Bikes
710,5,28,1,2499.99,0.05,2374.9905,Surly Karate Monkey 27.5+ Frameset - 2017,Mountain Bikes
711,1,5,2,1320.99,0.05,2509.881,Heller Shagamaw Frame - 2016,Mountain Bikes
711,2,95,2,299.99,0.2,479.984,"Electra Girl's Hawaii 1 16"" - 2017",Children Bicycles
711,3,72,2,619.99,0.05,1177.981,Sun Bicycles Biscayne Tandem 7 - 2017,Cruisers Bicycles
712,1,44,2,539.99,0.2,863.984,Haro SR 1.1 - 2017,Mountain Bikes
712,2,74,2,439.99,0.1,791.982,Electra Cruiser Lux 1 - 2017,Cruisers Bicycles
712,3,35,1,832.99,0.2,666.392,Sun Bicycles Spider 3i - 2017,Mountain Bikes
712,4,76,1,299.99,0.2,239.992,"Electra Girl's Hawaii 1 16"" - 2017",Cruisers Bicycles
712,5,4,2,2899.99,0.05,5509.981,Trek Fuel EX 8 29 - 2016,Mountain Bikes
713,1,93,2,209.99,0.2,335.984,Haro Shredder 20 Girls - 2017,Children Bicycles
713,2,97,2,349.99,0.1,629.982,Electra Savannah 3i (20-inch) - Girl's - 2017,Children Bicycles
713,3,53,1,749.99,0.07,697.4907,Surly Ogre Frameset - 2017,Road Bikes
713,4,108,2,449.99,0.07,836.9814,Sun Bicycles Cruz 3 - Women's - 2017,Comfort Bicycles
714,1,92,2,209.99,0.2,335.984,Haro Shredder 20 - 2017,Children Bicycles
715,1,61,2,4999.99,0.1,8999.982,Trek Powerfly 8 FS Plus - 2017,Electric Bikes
715,2,50,1,5999.99,0.2,4799.992,Trek Silque SLR 7 Women's - 2017,Road Bikes
716,1,111,2,470.99,0.1,847.782,Sun Bicycles Drifter 7 - Women's - 2017,Comfort Bicycles
716,2,93,2,209.99,0.07,390.5814,Haro Shredder 20 Girls - 2017,Children Bicycles
716,3,79,1,402.99,0.1,362.691,Sun Bicycles Boardwalk (24-inch Wheels) - 2017,Cruisers Bicycles
716,4,4,2,2899.99,0.05,5509.981,Trek Fuel EX 8 29 - 2016,Mountain Bikes
717,1,56,2,5499.99,0.05,10449.981,Trek Domane SLR 6 Disc - 2017,Road Bikes
717,2,93,1,209.99,0.2,167.992,Haro Shredder 20 Girls - 2017,Children Bicycles
718,1,92,2,209.99,0.07,390.5814,Haro Shredder 20 - 2017,Children Bicycles
718,2,40,2,4999.99,0.07,9299.9814,Trek Fuel EX 9.8 29 - 2017,Mountain Bikes
718,3,64,2,489.99,0.1,881.982,Electra Townie Original 7D - 2017,Cruisers Bicycles
719,1,100,1,489.99,0.2,391.992,Electra Townie 3i EQ (20-inch) - Boys' - 2017,Children Bicycles
720,1,111,1,470.99,0.07,438.0207,Sun Bicycles Drifter 7 - Women's - 2017,Comfort Bicycles
720,2,6,1,469.99,0.1,422.991,Surly Ice Cream Truck Frameset - 2016,Mountain Bikes
721,1,45,2,869.99,0.07,1618.1814,Haro SR 1.2 - 2017,Mountain Bikes
721,2,102,1,489.99,0.1,440.991,Electra Townie Original 7D - 2017,Comfort Bicycles
721,3,73,2,749.99,0.05,1424.981,Sun Bicycles Brickell Tandem 7 - 2017,Cruisers Bicycles
721,4,33,1,469.99,0.2,375.992,Surly Wednesday Frameset - 2017,Mountain Bikes
722,1,22,2,269.99,0.07,502.1814,Electra Girl's Hawaii 1 (16-inch) - 2015/2016,Children Bicycles
722,2,3,1,999.99,0.05,949.9905,Surly Wednesday Frameset - 2016,Mountain Bikes
722,3,104,2,481.99,0.1,867.582,Sun Bicycles Streamway - 2017,Comfort Bicycles
723,1,24,2,549.99,0.07,1022.9814,Electra Townie Original 21D - 2016,Comfort Bicycles
723,2,16,1,599.99,0.05,569.9905,Electra Townie Original 7D EQ - 2016,Cruisers Bicycles
723,3,108,1,449.99,0.07,418.4907,Sun Bicycles Cruz 3 - Women's - 2017,Comfort Bicycles
724,1,23,1,299.99,0.05,284.9905,Electra Girl's Hawaii 1 (20-inch) - 2015/2016,Children Bicycles
724,2,75,1,599.99,0.2,479.992,Electra Cruiser Lux Fat Tire 1 Ladies - 2017,Cruisers Bicycles
724,3,102,1,489.99,0.05,465.4905,Electra Townie Original 7D - 2017,Comfort Bicycles
724,4,55,1,2699.99,0.2,2159.992,Trek Domane S 6 - 2017,Road Bikes
725,1,90,1,209.99,0.1,188.991,Trek Precaliber 16 Girls - 2017,Children Bicycles
725,2,91,1,349.99,0.05,332.4905,Trek Precaliber 24 (21-Speed) - Girls - 2017,Children Bicycles
725,3,77,2,799.99,0.07,1487.9814,Electra Glam Punk 3i Ladies' - 2017,Cruisers Bicycles
725,4,62,2,3499.99,0.1,6299.982,Trek Boone 7 - 2017,Cyclocross Bicycles
726,1,64,1,489.99,0.2,391.992,Electra Townie Original 7D - 2017,Cruisers Bicycles
727,1,78,1,647.99,0.07,602.6307,Sun Bicycles Biscayne Tandem CB - 2017,Cruisers Bicycles
727,2,82,2,659.99,0.05,1253.981,Electra Amsterdam Original 3i Ladies' - 2017,Cruisers Bicycles
728,1,70,1,659.99,0.05,626.9905,Electra Amsterdam Original 3i - 2015/2017,Cruisers Bicycles
728,2,56,1,5499.99,0.1,4949.991,Trek Domane SLR 6 Disc - 2017,Road Bikes
728,3,91,1,349.99,0.1,314.991,Trek Precaliber 24 (21-Speed) - Girls - 2017,Children Bicycles
728,4,58,1,4999.99,0.07,4649.9907,Trek Madone 9.2 - 2017,Road Bikes
729,1,101,2,339.99,0.1,611.982,Electra Townie 7D (20-inch) - Boys' - 2017,Children Bicycles
730,1,59,2,2599.99,0.05,4939.981,Trek Domane S 5 Disc - 2017,Road Bikes
730,2,79,1,402.99,0.1,362.691,Sun Bicycles Boardwalk (24-inch Wheels) - 2017,Cruisers Bicycles
730,3,96,2,349.99,0.07,650.9814,Electra Moto 3i (20-inch) - Boy's - 2017,Children Bicycles
730,4,13,1,269.99,0.1,242.991,Electra Cruiser 1 (24-Inch) - 2016,Cruisers Bicycles
731,1,91,1,349.99,0.05,332.4905,Trek Precaliber 24 (21-Speed) - Girls - 2017,Children Bicycles
731,2,49,1,3499.99,0.2,2799.992,Trek Domane SL 6 - 2017,Road Bikes
731,3,67,2,250.99,0.2,401.584,Sun Bicycles Revolutions 24 - Girl's - 2017,Cruisers Bicycles
731,4,29,1,999.99,0.2,799.992,Trek X-Caliber 8 - 2017,Mountain Bikes
732,1,47,1,5299.99,0.07,4928.9907,Trek Remedy 9.8 - 2017,Mountain Bikes
732,2,4,2,2899.99,0.07,5393.9814,Trek Fuel EX 8 29 - 2016,Mountain Bikes
733,1,84,1,109.99,0.05,104.4905,Sun Bicycles Lil Kitt'n - 2017,Children Bicycles
733,2,55,1,2699.99,0.2,2159.992,Trek Domane S 6 - 2017,Road Bikes
733,3,102,2,489.99,0.1,881.982,Electra Townie Original 7D - 2017,Comfort Bicycles
734,1,26,1,599.99,0.2,479.992,Electra Townie Original 7D EQ - 2016,Comfort Bicycles
734,2,3,1,999.99,0.05,949.9905,Surly Wednesday Frameset - 2016,Mountain Bikes
734,3,84,2,109.99,0.2,175.984,Sun Bicycles Lil Kitt'n - 2017,Children Bicycles
734,4,65,2,346.99,0.1,624.582,Sun Bicycles Lil Bolt Type-R - 2017,Cruisers Bicycles
735,1,71,2,416.99,0.1,750.582,Sun Bicycles Atlas X-Type - 2017,Cruisers Bicycles
735,2,10,2,1549,0.07,2881.14,Surly Straggler - 2016,Cyclocross Bicycles
736,1,56,2,5499.99,0.05,10449.981,Trek Domane SLR 6 Disc - 2017,Road Bikes
736,2,17,1,429,0.1,386.1,Pure Cycles Vine 8-Speed - 2016,Cruisers Bicycles
736,3,62,2,3499.99,0.2,5599.984,Trek Boone 7 - 2017,Cyclocross Bicycles
737,1,52,1,875.99,0.05,832.1905,Surly Steamroller - 2017,Road Bikes
737,2,19,2,449,0.07,835.14,Pure Cycles William 3-Speed - 2016,Cruisers Bicycles
737,3,77,2,799.99,0.07,1487.9814,Electra Glam Punk 3i Ladies' - 2017,Cruisers Bicycles
737,4,34,1,469.99,0.2,375.992,Trek Session DH 27.5 Carbon Frameset - 2017,Mountain Bikes
738,1,82,2,659.99,0.07,1227.5814,Electra Amsterdam Original 3i Ladies' - 2017,Cruisers Bicycles
738,2,38,2,549.99,0.2,879.984,Haro Flightline Two 26 Plus - 2017,Mountain Bikes
738,3,25,1,499.99,0.1,449.991,Electra Townie Original 7D - 2015/2016,Comfort Bicycles
738,4,63,1,3499.99,0.07,3254.9907,Trek Boone Race Shop Limited - 2017,Cyclocross Bicycles
739,1,3,1,999.99,0.2,799.992,Surly Wednesday Frameset - 2016,Mountain Bikes
740,1,81,1,1099.99,0.05,1044.9905,Electra Amsterdam Fashion 7i Ladies' - 2017,Cruisers Bicycles
740,2,94,2,249.99,0.2,399.984,Haro Shredder Pro 20 - 2017,Children Bicycles
740,3,11,1,1680.99,0.2,1344.792,Surly Straggler 650b - 2016,Cyclocross Bicycles
740,4,19,1,449,0.2,359.2,Pure Cycles William 3-Speed - 2016,Cruisers Bicycles
740,5,12,2,549.99,0.07,1022.9814,Electra Townie Original 21D - 2016,Cruisers Bicycles
741,1,58,1,4999.99,0.05,4749.9905,Trek Madone 9.2 - 2017,Road Bikes
741,2,76,1,299.99,0.07,278.9907,"Electra Girl's Hawaii 1 16"" - 2017",Cruisers Bicycles
741,3,21,2,269.99,0.07,502.1814,Electra Cruiser 1 (24-Inch) - 2016,Children Bicycles
741,4,56,2,5499.99,0.05,10449.981,Trek Domane SLR 6 Disc - 2017,Road Bikes
742,1,107,2,416.99,0.05,792.281,Sun Bicycles Cruz 7 - 2017,Comfort Bicycles
742,2,45,1,869.99,0.07,809.0907,Haro SR 1.2 - 2017,Mountain Bikes
743,1,80,1,761.99,0.05,723.8905,Sun Bicycles Brickell Tandem CB - 2017,Cruisers Bicycles
744,1,33,2,469.99,0.2,751.984,Surly Wednesday Frameset - 2017,Mountain Bikes
745,1,95,2,299.99,0.05,569.981,"Electra Girl's Hawaii 1 16"" - 2017",Children Bicycles
745,2,22,2,269.99,0.2,431.984,Electra Girl's Hawaii 1 (16-inch) - 2015/2016,Children Bicycles
745,3,78,1,647.99,0.1,583.191,Sun Bicycles Biscayne Tandem CB - 2017,Cruisers Bicycles
746,1,99,1,299.99,0.1,269.991,Electra Sugar Skulls 1 (20-inch) - Girl's - 2017,Children Bicycles
747,1,110,1,470.99,0.07,438.0207,Sun Bicycles Drifter 7 - 2017,Comfort Bicycles
747,2,86,1,149.99,0.2,119.992,Trek Girl's Kickster - 2017,Children Bicycles
747,3,33,2,469.99,0.1,845.982,Surly Wednesday Frameset - 2017,Mountain Bikes
747,4,81,1,1099.99,0.07,1022.9907,Electra Amsterdam Fashion 7i Ladies' - 2017,Cruisers Bicycles
748,1,16,2,599.99,0.1,1079.982,Electra Townie Original 7D EQ - 2016,Cruisers Bicycles
748,2,83,2,149.99,0.05,284.981,Trek Boy's Kickster - 2015/2017,Children Bicycles
748,3,41,1,1469.99,0.07,1367.0907,Haro Shift R3 - 2017,Mountain Bikes
748,4,35,2,832.99,0.2,1332.784,Sun Bicycles Spider 3i - 2017,Mountain Bikes
749,1,9,1,2999.99,0.2,2399.992,Trek Conduit+ - 2016,Electric Bikes
749,2,28,1,2499.99,0.05,2374.9905,Surly Karate Monkey 27.5+ Frameset - 2017,Mountain Bikes
749,3,79,1,402.99,0.2,322.392,Sun Bicycles Boardwalk (24-inch Wheels) - 2017,Cruisers Bicycles
749,4,24,1,549.99,0.05,522.4905,Electra Townie Original 21D - 2016,Comfort Bicycles
749,5,40,1,4999.99,0.07,4649.9907,Trek Fuel EX 9.8 29 - 2017,Mountain Bikes
750,1,72,1,619.99,0.05,588.9905,Sun Bicycles Biscayne Tandem 7 - 2017,Cruisers Bicycles
750,2,78,2,647.99,0.1,1166.382,Sun Bicycles Biscayne Tandem CB - 2017,Cruisers Bicycles
751,1,45,2,869.99,0.05,1652.981,Haro SR 1.2 - 2017,Mountain Bikes
752,1,12,2,549.99,0.05,1044.981,Electra Townie Original 21D - 2016,Cruisers Bicycles
752,2,31,2,1632.99,0.05,3102.681,Surly Wednesday - 2017,Mountain Bikes
753,1,105,2,533.99,0.07,993.2214,Sun Bicycles Streamway 7 - 2017,Comfort Bicycles
753,2,7,2,3999.99,0.2,6399.984,Trek Slash 8 27.5 - 2016,Mountain Bikes
753,3,36,2,832.99,0.1,1499.382,Surly Troll Frameset - 2017,Mountain Bikes
753,4,95,1,299.99,0.07,278.9907,"Electra Girl's Hawaii 1 16"" - 2017",Children Bicycles
753,5,66,1,250.99,0.2,200.792,Sun Bicycles Revolutions 24 - 2017,Cruisers Bicycles
754,1,74,2,439.99,0.07,818.3814,Electra Cruiser Lux 1 - 2017,Cruisers Bicycles
754,2,12,2,549.99,0.07,1022.9814,Electra Townie Original 21D - 2016,Cruisers Bicycles
754,3,3,1,999.99,0.05,949.9905,Surly Wednesday Frameset - 2016,Mountain Bikes
754,4,67,2,250.99,0.05,476.881,Sun Bicycles Revolutions 24 - Girl's - 2017,Cruisers Bicycles
754,5,7,1,3999.99,0.2,3199.992,Trek Slash 8 27.5 - 2016,Mountain Bikes
755,1,80,2,761.99,0.07,1417.3014,Sun Bicycles Brickell Tandem CB - 2017,Cruisers Bicycles
755,2,43,2,5299.99,0.05,10069.981,Trek Fuel EX 9.8 27.5 Plus - 2017,Mountain Bikes
755,3,57,2,1999.99,0.1,3599.982,Trek Emonda S 5 - 2017,Road Bikes
756,1,64,1,489.99,0.1,440.991,Electra Townie Original 7D - 2017,Cruisers Bicycles
756,2,17,2,429,0.05,815.1,Pure Cycles Vine 8-Speed - 2016,Cruisers Bicycles
757,1,95,1,299.99,0.1,269.991,"Electra Girl's Hawaii 1 16"" - 2017",Children Bicycles
758,1,22,2,269.99,0.07,502.1814,Electra Girl's Hawaii 1 (16-inch) - 2015/2016,Children Bicycles
758,2,99,1,299.99,0.1,269.991,Electra Sugar Skulls 1 (20-inch) - Girl's - 2017,Children Bicycles
758,3,27,1,999.99,0.07,929.9907,Surly Big Dummy Frameset - 2017,Mountain Bikes
758,4,65,2,346.99,0.07,645.4014,Sun Bicycles Lil Bolt Type-R - 2017,Cruisers Bicycles
758,5,109,1,416.99,0.2,333.592,Sun Bicycles Cruz 7 - Women's - 2017,Comfort Bicycles
759,1,93,2,209.99,0.05,398.981,Haro Shredder 20 Girls - 2017,Children Bicycles
759,2,78,1,647.99,0.07,602.6307,Sun Bicycles Biscayne Tandem CB - 2017,Cruisers Bicycles
760,1,21,2,269.99,0.07,502.1814,Electra Cruiser 1 (24-Inch) - 2016,Children Bicycles
760,2,29,2,999.99,0.07,1859.9814,Trek X-Caliber 8 - 2017,Mountain Bikes
761,1,43,1,5299.99,0.07,4928.9907,Trek Fuel EX 9.8 27.5 Plus - 2017,Mountain Bikes
761,2,52,2,875.99,0.2,1401.584,Surly Steamroller - 2017,Road Bikes
762,1,102,2,489.99,0.05,930.981,Electra Townie Original 7D - 2017,Comfort Bicycles
763,1,90,1,209.99,0.07,195.2907,Trek Precaliber 16 Girls - 2017,Children Bicycles
763,2,103,1,551.99,0.1,496.791,Sun Bicycles Streamway 3 - 2017,Comfort Bicycles
764,1,55,1,2699.99,0.07,2510.9907,Trek Domane S 6 - 2017,Road Bikes
764,2,95,2,299.99,0.05,569.981,"Electra Girl's Hawaii 1 16"" - 2017",Children Bicycles
764,3,81,2,1099.99,0.07,2045.9814,Electra Amsterdam Fashion 7i Ladies' - 2017,Cruisers Bicycles
765,1,28,2,2499.99,0.2,3999.984,Surly Karate Monkey 27.5+ Frameset - 2017,Mountain Bikes
765,2,12,1,549.99,0.07,511.4907,Electra Townie Original 21D - 2016,Cruisers Bicycles
765,3,25,1,499.99,0.2,399.992,Electra Townie Original 7D - 2015/2016,Comfort Bicycles
765,4,53,1,749.99,0.2,599.992,Surly Ogre Frameset - 2017,Road Bikes
765,5,65,1,346.99,0.05,329.6405,Sun Bicycles Lil Bolt Type-R - 2017,Cruisers Bicycles
766,1,111,1,470.99,0.2,376.792,Sun Bicycles Drifter 7 - Women's - 2017,Comfort Bicycles
767,1,63,1,3499.99,0.1,3149.991,Trek Boone Race Shop Limited - 2017,Cyclocross Bicycles
767,2,29,1,999.99,0.07,929.9907,Trek X-Caliber 8 - 2017,Mountain Bikes
767,3,41,2,1469.99,0.05,2792.981,Haro Shift R3 - 2017,Mountain Bikes
767,4,77,2,799.99,0.05,1519.981,Electra Glam Punk 3i Ladies' - 2017,Cruisers Bicycles
768,1,31,1,1632.99,0.2,1306.392,Surly Wednesday - 2017,Mountain Bikes
768,2,76,1,299.99,0.2,239.992,"Electra Girl's Hawaii 1 16"" - 2017",Cruisers Bicycles
769,1,8,1,1799.99,0.1,1619.991,Trek Remedy 29 Carbon Frameset - 2016,Mountain Bikes
769,2,6,2,469.99,0.05,892.981,Surly Ice Cream Truck Frameset - 2016,Mountain Bikes
769,3,36,2,832.99,0.07,1549.3614,Surly Troll Frameset - 2017,Mountain Bikes
770,1,110,1,470.99,0.05,447.4405,Sun Bicycles Drifter 7 - 2017,Comfort Bicycles
770,2,42,1,2299.99,0.2,1839.992,Trek Fuel EX 5 27.5 Plus - 2017,Mountain Bikes
770,3,103,1,551.99,0.2,441.592,Sun Bicycles Streamway 3 - 2017,Comfort Bicycles
770,4,11,2,1680.99,0.05,3193.881,Surly Straggler 650b - 2016,Cyclocross Bicycles
771,1,13,2,269.99,0.2,431.984,Electra Cruiser 1 (24-Inch) - 2016,Cruisers Bicycles
771,2,88,1,189.99,0.2,151.992,Trek Precaliber 12 Girls - 2017,Children Bicycles
772,1,103,1,551.99,0.07,513.3507,Sun Bicycles Streamway 3 - 2017,Comfort Bicycles
773,1,92,1,209.99,0.1,188.991,Haro Shredder 20 - 2017,Children Bicycles
773,2,14,1,269.99,0.05,256.4905,Electra Girl's Hawaii 1 (16-inch) - 2015/2016,Cruisers Bicycles
773,3,17,2,429,0.2,686.4,Pure Cycles Vine 8-Speed - 2016,Cruisers Bicycles
773,4,33,2,469.99,0.07,874.1814,Surly Wednesday Frameset - 2017,Mountain Bikes
774,1,65,1,346.99,0.05,329.6405,Sun Bicycles Lil Bolt Type-R - 2017,Cruisers Bicycles
774,2,36,2,832.99,0.05,1582.681,Surly Troll Frameset - 2017,Mountain Bikes
774,3,20,1,599.99,0.2,479.992,Electra Townie Original 7D EQ - Women's - 2016,Cruisers Bicycles
774,4,73,1,749.99,0.05,712.4905,Sun Bicycles Brickell Tandem 7 - 2017,Cruisers Bicycles
774,5,58,2,4999.99,0.1,8999.982,Trek Madone 9.2 - 2017,Road Bikes
775,1,39,1,1499.99,0.07,1394.9907,Trek Stache 5 - 2017,Mountain Bikes
776,1,28,1,2499.99,0.2,1999.992,Surly Karate Monkey 27.5+ Frameset - 2017,Mountain Bikes
776,2,42,2,2299.99,0.2,3679.984,Trek Fuel EX 5 27.5 Plus - 2017,Mountain Bikes
776,3,71,1,416.99,0.1,375.291,Sun Bicycles Atlas X-Type - 2017,Cruisers Bicycles
776,4,35,1,832.99,0.1,749.691,Sun Bicycles Spider 3i - 2017,Mountain Bikes
777,1,5,1,1320.99,0.2,1056.792,Heller Shagamaw Frame - 2016,Mountain Bikes
777,2,7,2,3999.99,0.2,6399.984,Trek Slash 8 27.5 - 2016,Mountain Bikes
777,3,2,1,749.99,0.2,599.992,Ritchey Timberwolf Frameset - 2016,Mountain Bikes
778,1,64,1,489.99,0.1,440.991,Electra Townie Original 7D - 2017,Cruisers Bicycles
778,2,85,1,329.99,0.05,313.4905,Haro Downtown 16 - 2017,Children Bicycles
779,1,101,1,339.99,0.05,322.9905,Electra Townie 7D (20-inch) - Boys' - 2017,Children Bicycles
779,2,90,2,209.99,0.2,335.984,Trek Precaliber 16 Girls - 2017,Children Bicycles
779,3,47,1,5299.99,0.2,4239.992,Trek Remedy 9.8 - 2017,Mountain Bikes
779,4,8,1,1799.99,0.2,1439.992,Trek Remedy 29 Carbon Frameset - 2016,Mountain Bikes
779,5,85,1,329.99,0.2,263.992,Haro Downtown 16 - 2017,Children Bicycles
780,1,32,1,469.99,0.1,422.991,Trek Farley Alloy Frameset - 2017,Mountain Bikes
781,1,109,2,416.99,0.05,792.281,Sun Bicycles Cruz 7 - Women's - 2017,Comfort Bicycles
781,2,7,2,3999.99,0.2,6399.984,Trek Slash 8 27.5 - 2016,Mountain Bikes
781,3,57,2,1999.99,0.1,3599.982,Trek Emonda S 5 - 2017,Road Bikes
782,1,20,2,599.99,0.07,1115.9814,Electra Townie Original 7D EQ - Women's - 2016,Cruisers Bicycles
782,2,57,1,1999.99,0.07,1859.9907,Trek Emonda S 5 - 2017,Road Bikes
782,3,99,1,299.99,0.07,278.9907,Electra Sugar Skulls 1 (20-inch) - Girl's - 2017,Children Bicycles
782,4,16,2,599.99,0.2,959.984,Electra Townie Original 7D EQ - 2016,Cruisers Bicycles
783,1,92,1,209.99,0.2,167.992,Haro Shredder 20 - 2017,Children Bicycles
783,2,22,2,269.99,0.05,512.981,Electra Girl's Hawaii 1 (16-inch) - 2015/2016,Children Bicycles
783,3,94,1,249.99,0.05,237.4905,Haro Shredder Pro 20 - 2017,Children Bicycles
783,4,29,1,999.99,0.1,899.991,Trek X-Caliber 8 - 2017,Mountain Bikes
784,1,22,1,269.99,0.07,251.0907,Electra Girl's Hawaii 1 (16-inch) - 2015/2016,Children Bicycles
784,2,72,2,619.99,0.1,1115.982,Sun Bicycles Biscayne Tandem 7 - 2017,Cruisers Bicycles
784,3,16,1,599.99,0.2,479.992,Electra Townie Original 7D EQ - 2016,Cruisers Bicycles
785,1,59,2,2599.99,0.2,4159.984,Trek Domane S 5 Disc - 2017,Road Bikes
785,2,40,1,4999.99,0.07,4649.9907,Trek Fuel EX 9.8 29 - 2017,Mountain Bikes
785,3,25,1,499.99,0.07,464.9907,Electra Townie Original 7D - 2015/2016,Comfort Bicycles
786,1,80,1,761.99,0.05,723.8905,Sun Bicycles Brickell Tandem CB - 2017,Cruisers Bicycles
787,1,51,2,6499.99,0.07,12089.9814,Trek Silque SLR 8 Women's - 2017,Road Bikes
787,2,66,2,250.99,0.1,451.782,Sun Bicycles Revolutions 24 - 2017,Cruisers Bicycles
788,1,48,1,1499.99,0.2,1199.992,Trek Emonda S 4 - 2017,Road Bikes
788,2,19,1,449,0.1,404.1,Pure Cycles William 3-Speed - 2016,Cruisers Bicycles
788,3,13,1,269.99,0.05,256.4905,Electra Cruiser 1 (24-Inch) - 2016,Cruisers Bicycles
789,1,100,2,489.99,0.2,783.984,Electra Townie 3i EQ (20-inch) - Boys' - 2017,Children Bicycles
789,2,93,2,209.99,0.07,390.5814,Haro Shredder 20 Girls - 2017,Children Bicycles
790,1,62,2,3499.99,0.07,6509.9814,Trek Boone 7 - 2017,Cyclocross Bicycles
790,2,91,1,349.99,0.1,314.991,Trek Precaliber 24 (21-Speed) - Girls - 2017,Children Bicycles
791,1,54,1,3199.99,0.2,2559.992,Trek Domane SL Disc Frameset - 2017,Road Bikes
791,2,25,2,499.99,0.07,929.9814,Electra Townie Original 7D - 2015/2016,Comfort Bicycles
792,1,16,2,599.99,0.2,959.984,Electra Townie Original 7D EQ - 2016,Cruisers Bicycles
792,2,39,1,1499.99,0.2,1199.992,Trek Stache 5 - 2017,Mountain Bikes
792,3,56,1,5499.99,0.2,4399.992,Trek Domane SLR 6 Disc - 2017,Road Bikes
792,4,30,1,999.99,0.05,949.9905,Surly Ice Cream Truck Frameset - 2017,Mountain Bikes
792,5,2,1,749.99,0.2,599.992,Ritchey Timberwolf Frameset - 2016,Mountain Bikes
793,1,60,1,1559.99,0.05,1481.9905,Sun Bicycles ElectroLite - 2017,Electric Bikes
793,2,95,2,299.99,0.05,569.981,"Electra Girl's Hawaii 1 16"" - 2017",Children Bicycles
793,3,75,2,599.99,0.05,1139.981,Electra Cruiser Lux Fat Tire 1 Ladies - 2017,Cruisers Bicycles
794,1,41,2,1469.99,0.05,2792.981,Haro Shift R3 - 2017,Mountain Bikes
794,2,68,1,449.99,0.2,359.992,Sun Bicycles Cruz 3 - 2017,Cruisers Bicycles
794,3,17,1,429,0.07,398.97,Pure Cycles Vine 8-Speed - 2016,Cruisers Bicycles
794,4,28,1,2499.99,0.1,2249.991,Surly Karate Monkey 27.5+ Frameset - 2017,Mountain Bikes
795,1,95,2,299.99,0.05,569.981,"Electra Girl's Hawaii 1 16"" - 2017",Children Bicycles
795,2,99,2,299.99,0.05,569.981,Electra Sugar Skulls 1 (20-inch) - Girl's - 2017,Children Bicycles
796,1,6,2,469.99,0.2,751.984,Surly Ice Cream Truck Frameset - 2016,Mountain Bikes
797,1,11,1,1680.99,0.07,1563.3207,Surly Straggler 650b - 2016,Cyclocross Bicycles
797,2,69,1,416.99,0.05,396.1405,Sun Bicycles Cruz 7 - 2017,Cruisers Bicycles
797,3,74,1,439.99,0.1,395.991,Electra Cruiser Lux 1 - 2017,Cruisers Bicycles
797,4,54,2,3199.99,0.05,6079.981,Trek Domane SL Disc Frameset - 2017,Road Bikes
797,5,62,2,3499.99,0.1,6299.982,Trek Boone 7 - 2017,Cyclocross Bicycles
798,1,23,1,299.99,0.1,269.991,Electra Girl's Hawaii 1 (20-inch) - 2015/2016,Children Bicycles
798,2,90,1,209.99,0.05,199.4905,Trek Precaliber 16 Girls - 2017,Children Bicycles
798,3,91,2,349.99,0.07,650.9814,Trek Precaliber 24 (21-Speed) - Girls - 2017,Children Bicycles
798,4,42,1,2299.99,0.2,1839.992,Trek Fuel EX 5 27.5 Plus - 2017,Mountain Bikes
798,5,26,2,599.99,0.05,1139.981,Electra Townie Original 7D EQ - 2016,Comfort Bicycles
799,1,5,2,1320.99,0.1,2377.782,Heller Shagamaw Frame - 2016,Mountain Bikes
799,2,34,2,469.99,0.05,892.981,Trek Session DH 27.5 Carbon Frameset - 2017,Mountain Bikes
799,3,29,2,999.99,0.07,1859.9814,Trek X-Caliber 8 - 2017,Mountain Bikes
799,4,63,1,3499.99,0.1,3149.991,Trek Boone Race Shop Limited - 2017,Cyclocross Bicycles
799,5,58,2,4999.99,0.07,9299.9814,Trek Madone 9.2 - 2017,Road Bikes
800,1,65,2,346.99,0.1,624.582,Sun Bicycles Lil Bolt Type-R - 2017,Cruisers Bicycles
800,2,54,1,3199.99,0.07,2975.9907,Trek Domane SL Disc Frameset - 2017,Road Bikes
800,3,6,2,469.99,0.05,892.981,Surly Ice Cream Truck Frameset - 2016,Mountain Bikes
800,4,52,1,875.99,0.1,788.391,Surly Steamroller - 2017,Road Bikes
800,5,95,2,299.99,0.05,569.981,"Electra Girl's Hawaii 1 16"" - 2017",Children Bicycles
801,1,101,1,339.99,0.07,316.1907,Electra Townie 7D (20-inch) - Boys' - 2017,Children Bicycles
802,1,30,1,999.99,0.05,949.9905,Surly Ice Cream Truck Frameset - 2017,Mountain Bikes
802,2,36,2,832.99,0.2,1332.784,Surly Troll Frameset - 2017,Mountain Bikes
802,3,40,1,4999.99,0.1,4499.991,Trek Fuel EX 9.8 29 - 2017,Mountain Bikes
802,4,28,1,2499.99,0.05,2374.9905,Surly Karate Monkey 27.5+ Frameset - 2017,Mountain Bikes
803,1,111,1,470.99,0.07,438.0207,Sun Bicycles Drifter 7 - Women's - 2017,Comfort Bicycles
803,2,52,2,875.99,0.05,1664.381,Surly Steamroller - 2017,Road Bikes
803,3,102,1,489.99,0.07,455.6907,Electra Townie Original 7D - 2017,Comfort Bicycles
803,4,83,2,149.99,0.05,284.981,Trek Boy's Kickster - 2015/2017,Children Bicycles
804,1,89,2,209.99,0.2,335.984,Trek Precaliber 16 Boys - 2017,Children Bicycles
804,2,53,1,749.99,0.07,697.4907,Surly Ogre Frameset - 2017,Road Bikes
804,3,50,2,5999.99,0.05,11399.981,Trek Silque SLR 7 Women's - 2017,Road Bikes
805,1,24,1,549.99,0.05,522.4905,Electra Townie Original 21D - 2016,Comfort Bicycles
805,2,33,2,469.99,0.2,751.984,Surly Wednesday Frameset - 2017,Mountain Bikes
805,3,62,2,3499.99,0.2,5599.984,Trek Boone 7 - 2017,Cyclocross Bicycles
805,4,32,1,469.99,0.07,437.0907,Trek Farley Alloy Frameset - 2017,Mountain Bikes
805,5,6,2,469.99,0.05,892.981,Surly Ice Cream Truck Frameset - 2016,Mountain Bikes
806,1,93,2,209.99,0.1,377.982,Haro Shredder 20 Girls - 2017,Children Bicycles
806,2,97,1,349.99,0.2,279.992,Electra Savannah 3i (20-inch) - Girl's - 2017,Children Bicycles
806,3,77,2,799.99,0.1,1439.982,Electra Glam Punk 3i Ladies' - 2017,Cruisers Bicycles
806,4,82,2,659.99,0.2,1055.984,Electra Amsterdam Original 3i Ladies' - 2017,Cruisers Bicycles
806,5,91,2,349.99,0.07,650.9814,Trek Precaliber 24 (21-Speed) - Girls - 2017,Children Bicycles
807,1,21,2,269.99,0.2,431.984,Electra Cruiser 1 (24-Inch) - 2016,Children Bicycles
807,2,6,1,469.99,0.07,437.0907,Surly Ice Cream Truck Frameset - 2016,Mountain Bikes
807,3,3,2,999.99,0.07,1859.9814,Surly Wednesday Frameset - 2016,Mountain Bikes
807,4,9,2,2999.99,0.2,4799.984,Trek Conduit+ - 2016,Electric Bikes
807,5,16,1,599.99,0.2,479.992,Electra Townie Original 7D EQ - 2016,Cruisers Bicycles
808,1,96,2,349.99,0.05,664.981,Electra Moto 3i (20-inch) - Boy's - 2017,Children Bicycles
808,2,18,1,449,0.05,426.55,Pure Cycles Western 3-Speed - Women's - 2015/2016,Cruisers Bicycles
808,3,85,1,329.99,0.05,313.4905,Haro Downtown 16 - 2017,Children Bicycles
808,4,19,2,449,0.05,853.1,Pure Cycles William 3-Speed - 2016,Cruisers Bicycles
809,1,78,1,647.99,0.1,583.191,Sun Bicycles Biscayne Tandem CB - 2017,Cruisers Bicycles
809,2,26,1,599.99,0.2,479.992,Electra Townie Original 7D EQ - 2016,Comfort Bicycles
809,3,92,2,209.99,0.1,377.982,Haro Shredder 20 - 2017,Children Bicycles
810,1,103,2,551.99,0.05,1048.781,Sun Bicycles Streamway 3 - 2017,Comfort Bicycles
810,2,100,1,489.99,0.2,391.992,Electra Townie 3i EQ (20-inch) - Boys' - 2017,Children Bicycles
810,3,56,1,5499.99,0.05,5224.9905,Trek Domane SLR 6 Disc - 2017,Road Bikes
810,4,22,1,269.99,0.2,215.992,Electra Girl's Hawaii 1 (16-inch) - 2015/2016,Children Bicycles
811,1,45,2,869.99,0.07,1618.1814,Haro SR 1.2 - 2017,Mountain Bikes
811,2,54,1,3199.99,0.2,2559.992,Trek Domane SL Disc Frameset - 2017,Road Bikes
811,3,70,1,659.99,0.07,613.7907,Electra Amsterdam Original 3i - 2015/2017,Cruisers Bicycles
811,4,66,1,250.99,0.1,225.891,Sun Bicycles Revolutions 24 - 2017,Cruisers Bicycles
812,1,76,2,299.99,0.1,539.982,"Electra Girl's Hawaii 1 16"" - 2017",Cruisers Bicycles
812,2,40,1,4999.99,0.2,3999.992,Trek Fuel EX 9.8 29 - 2017,Mountain Bikes
813,1,96,2,349.99,0.1,629.982,Electra Moto 3i (20-inch) - Boy's - 2017,Children Bicycles
813,2,85,2,329.99,0.2,527.984,Haro Downtown 16 - 2017,Children Bicycles
813,3,33,2,469.99,0.2,751.984,Surly Wednesday Frameset - 2017,Mountain Bikes
813,4,26,2,599.99,0.07,1115.9814,Electra Townie Original 7D EQ - 2016,Comfort Bicycles
813,5,71,2,416.99,0.05,792.281,Sun Bicycles Atlas X-Type - 2017,Cruisers Bicycles
814,1,69,2,416.99,0.1,750.582,Sun Bicycles Cruz 7 - 2017,Cruisers Bicycles
814,2,100,1,489.99,0.1,440.991,Electra Townie 3i EQ (20-inch) - Boys' - 2017,Children Bicycles
814,3,65,1,346.99,0.2,277.592,Sun Bicycles Lil Bolt Type-R - 2017,Cruisers Bicycles
814,4,83,2,149.99,0.05,284.981,Trek Boy's Kickster - 2015/2017,Children Bicycles
815,1,105,2,533.99,0.2,854.384,Sun Bicycles Streamway 7 - 2017,Comfort Bicycles
815,2,102,2,489.99,0.2,783.984,Electra Townie Original 7D - 2017,Comfort Bicycles
815,3,87,2,189.99,0.1,341.982,Trek Precaliber 12 Boys - 2017,Children Bicycles
815,4,23,1,299.99,0.07,278.9907,Electra Girl's Hawaii 1 (20-inch) - 2015/2016,Children Bicycles
816,1,75,2,599.99,0.1,1079.982,Electra Cruiser Lux Fat Tire 1 Ladies - 2017,Cruisers Bicycles
816,2,64,2,489.99,0.2,783.984,Electra Townie Original 7D - 2017,Cruisers Bicycles
817,1,85,1,329.99,0.05,313.4905,Haro Downtown 16 - 2017,Children Bicycles
817,2,105,2,533.99,0.07,993.2214,Sun Bicycles Streamway 7 - 2017,Comfort Bicycles
817,3,48,2,1499.99,0.05,2849.981,Trek Emonda S 4 - 2017,Road Bikes
818,1,103,1,551.99,0.05,524.3905,Sun Bicycles Streamway 3 - 2017,Comfort Bicycles
818,2,44,2,539.99,0.07,1004.3814,Haro SR 1.1 - 2017,Mountain Bikes
818,3,19,2,449,0.05,853.1,Pure Cycles William 3-Speed - 2016,Cruisers Bicycles
818,4,48,2,1499.99,0.05,2849.981,Trek Emonda S 4 - 2017,Road Bikes
819,1,94,1,249.99,0.2,199.992,Haro Shredder Pro 20 - 2017,Children Bicycles
820,1,107,1,416.99,0.05,396.1405,Sun Bicycles Cruz 7 - 2017,Comfort Bicycles
821,1,102,1,489.99,0.07,455.6907,Electra Townie Original 7D - 2017,Comfort Bicycles
821,2,70,2,659.99,0.2,1055.984,Electra Amsterdam Original 3i - 2015/2017,Cruisers Bicycles
821,3,6,1,469.99,0.2,375.992,Surly Ice Cream Truck Frameset - 2016,Mountain Bikes
821,4,107,1,416.99,0.05,396.1405,Sun Bicycles Cruz 7 - 2017,Comfort Bicycles
822,1,53,1,749.99,0.05,712.4905,Surly Ogre Frameset - 2017,Road Bikes
822,2,72,1,619.99,0.2,495.992,Sun Bicycles Biscayne Tandem 7 - 2017,Cruisers Bicycles
823,1,56,2,5499.99,0.07,10229.9814,Trek Domane SLR 6 Disc - 2017,Road Bikes
823,2,86,2,149.99,0.2,239.984,Trek Girl's Kickster - 2017,Children Bicycles
823,3,81,1,1099.99,0.2,879.992,Electra Amsterdam Fashion 7i Ladies' - 2017,Cruisers Bicycles
824,1,92,2,209.99,0.1,377.982,Haro Shredder 20 - 2017,Children Bicycles
825,1,19,1,449,0.1,404.1,Pure Cycles William 3-Speed - 2016,Cruisers Bicycles
825,2,30,2,999.99,0.2,1599.984,Surly Ice Cream Truck Frameset - 2017,Mountain Bikes
826,1,45,2,869.99,0.2,1391.984,Haro SR 1.2 - 2017,Mountain Bikes
826,2,36,1,832.99,0.1,749.691,Surly Troll Frameset - 2017,Mountain Bikes
827,1,43,1,5299.99,0.05,5034.9905,Trek Fuel EX 9.8 27.5 Plus - 2017,Mountain Bikes
827,2,41,1,1469.99,0.2,1175.992,Haro Shift R3 - 2017,Mountain Bikes
827,3,28,1,2499.99,0.2,1999.992,Surly Karate Monkey 27.5+ Frameset - 2017,Mountain Bikes
827,4,108,1,449.99,0.2,359.992,Sun Bicycles Cruz 3 - Women's - 2017,Comfort Bicycles
828,1,25,2,499.99,0.2,799.984,Electra Townie Original 7D - 2015/2016,Comfort Bicycles
828,2,24,1,549.99,0.2,439.992,Electra Townie Original 21D - 2016,Comfort Bicycles
828,3,55,2,2699.99,0.07,5021.9814,Trek Domane S 6 - 2017,Road Bikes
829,1,103,1,551.99,0.2,441.592,Sun Bicycles Streamway 3 - 2017,Comfort Bicycles
829,2,105,2,533.99,0.1,961.182,Sun Bicycles Streamway 7 - 2017,Comfort Bicycles
830,1,85,2,329.99,0.2,527.984,Haro Downtown 16 - 2017,Children Bicycles
830,2,100,2,489.99,0.07,911.3814,Electra Townie 3i EQ (20-inch) - Boys' - 2017,Children Bicycles
830,3,96,2,349.99,0.2,559.984,Electra Moto 3i (20-inch) - Boy's - 2017,Children Bicycles
831,1,67,1,250.99,0.2,200.792,Sun Bicycles Revolutions 24 - Girl's - 2017,Cruisers Bicycles
831,2,11,1,1680.99,0.2,1344.792,Surly Straggler 650b - 2016,Cyclocross Bicycles
831,3,68,1,449.99,0.1,404.991,Sun Bicycles Cruz 3 - 2017,Cruisers Bicycles
832,1,54,1,3199.99,0.05,3039.9905,Trek Domane SL Disc Frameset - 2017,Road Bikes
832,2,45,1,869.99,0.2,695.992,Haro SR 1.2 - 2017,Mountain Bikes
832,3,27,1,999.99,0.07,929.9907,Surly Big Dummy Frameset - 2017,Mountain Bikes
832,4,16,2,599.99,0.1,1079.982,Electra Townie Original 7D EQ - 2016,Cruisers Bicycles
833,1,20,2,599.99,0.05,1139.981,Electra Townie Original 7D EQ - Women's - 2016,Cruisers Bicycles
834,1,54,1,3199.99,0.07,2975.9907,Trek Domane SL Disc Frameset - 2017,Road Bikes
834,2,21,1,269.99,0.05,256.4905,Electra Cruiser 1 (24-Inch) - 2016,Children Bicycles
834,3,78,1,647.99,0.2,518.392,Sun Bicycles Biscayne Tandem CB - 2017,Cruisers Bicycles
835,1,65,2,346.99,0.07,645.4014,Sun Bicycles Lil Bolt Type-R - 2017,Cruisers Bicycles
835,2,82,1,659.99,0.2,527.992,Electra Amsterdam Original 3i Ladies' - 2017,Cruisers Bicycles
835,3,2,1,749.99,0.05,712.4905,Ritchey Timberwolf Frameset - 2016,Mountain Bikes
836,1,108,2,449.99,0.2,719.984,Sun Bicycles Cruz 3 - Women's - 2017,Comfort Bicycles
837,1,51,1,6499.99,0.05,6174.9905,Trek Silque SLR 8 Women's - 2017,Road Bikes
837,2,97,1,349.99,0.1,314.991,Electra Savannah 3i (20-inch) - Girl's - 2017,Children Bicycles
837,3,87,2,189.99,0.2,303.984,Trek Precaliber 12 Boys - 2017,Children Bicycles
838,1,28,1,2499.99,0.1,2249.991,Surly Karate Monkey 27.5+ Frameset - 2017,Mountain Bikes
838,2,10,1,1549,0.1,1394.1,Surly Straggler - 2016,Cyclocross Bicycles
838,3,100,2,489.99,0.05,930.981,Electra Townie 3i EQ (20-inch) - Boys' - 2017,Children Bicycles
838,4,65,2,346.99,0.07,645.4014,Sun Bicycles Lil Bolt Type-R - 2017,Cruisers Bicycles
839,1,55,1,2699.99,0.07,2510.9907,Trek Domane S 6 - 2017,Road Bikes
839,2,85,1,329.99,0.1,296.991,Haro Downtown 16 - 2017,Children Bicycles
839,3,58,2,4999.99,0.05,9499.981,Trek Madone 9.2 - 2017,Road Bikes
840,1,27,1,999.99,0.07,929.9907,Surly Big Dummy Frameset - 2017,Mountain Bikes
840,2,43,1,5299.99,0.07,4928.9907,Trek Fuel EX 9.8 27.5 Plus - 2017,Mountain Bikes
840,3,106,2,449.99,0.2,719.984,Sun Bicycles Cruz 3 - 2017,Comfort Bicycles
841,1,22,2,269.99,0.1,485.982,Electra Girl's Hawaii 1 (16-inch) - 2015/2016,Children Bicycles
841,2,9,1,2999.99,0.2,2399.992,Trek Conduit+ - 2016,Electric Bikes
841,3,11,1,1680.99,0.2,1344.792,Surly Straggler 650b - 2016,Cyclocross Bicycles
841,4,90,2,209.99,0.07,390.5814,Trek Precaliber 16 Girls - 2017,Children Bicycles
841,5,100,1,489.99,0.1,440.991,Electra Townie 3i EQ (20-inch) - Boys' - 2017,Children Bicycles
842,1,81,2,1099.99,0.07,2045.9814,Electra Amsterdam Fashion 7i Ladies' - 2017,Cruisers Bicycles
842,2,42,1,2299.99,0.1,2069.991,Trek Fuel EX 5 27.5 Plus - 2017,Mountain Bikes
843,1,72,1,619.99,0.1,557.991,Sun Bicycles Biscayne Tandem 7 - 2017,Cruisers Bicycles
843,2,75,2,599.99,0.1,1079.982,Electra Cruiser Lux Fat Tire 1 Ladies - 2017,Cruisers Bicycles
843,3,81,1,1099.99,0.1,989.991,Electra Amsterdam Fashion 7i Ladies' - 2017,Cruisers Bicycles
843,4,23,2,299.99,0.07,557.9814,Electra Girl's Hawaii 1 (20-inch) - 2015/2016,Children Bicycles
844,1,79,2,402.99,0.07,749.5614,Sun Bicycles Boardwalk (24-inch Wheels) - 2017,Cruisers Bicycles
844,2,12,1,549.99,0.1,494.991,Electra Townie Original 21D - 2016,Cruisers Bicycles
844,3,83,2,149.99,0.2,239.984,Trek Boy's Kickster - 2015/2017,Children Bicycles
844,4,48,1,1499.99,0.2,1199.992,Trek Emonda S 4 - 2017,Road Bikes
844,5,63,2,3499.99,0.05,6649.981,Trek Boone Race Shop Limited - 2017,Cyclocross Bicycles
845,1,16,2,599.99,0.2,959.984,Electra Townie Original 7D EQ - 2016,Cruisers Bicycles
845,2,75,1,599.99,0.2,479.992,Electra Cruiser Lux Fat Tire 1 Ladies - 2017,Cruisers Bicycles
845,3,26,2,599.99,0.05,1139.981,Electra Townie Original 7D EQ - 2016,Comfort Bicycles
845,4,73,2,749.99,0.2,1199.984,Sun Bicycles Brickell Tandem 7 - 2017,Cruisers Bicycles
845,5,88,1,189.99,0.05,180.4905,Trek Precaliber 12 Girls - 2017,Children Bicycles
846,1,46,2,1409.99,0.05,2678.981,Haro SR 1.3 - 2017,Mountain Bikes
846,2,47,1,5299.99,0.07,4928.9907,Trek Remedy 9.8 - 2017,Mountain Bikes
846,3,71,1,416.99,0.1,375.291,Sun Bicycles Atlas X-Type - 2017,Cruisers Bicycles
846,4,72,2,619.99,0.05,1177.981,Sun Bicycles Biscayne Tandem 7 - 2017,Cruisers Bicycles
846,5,103,2,551.99,0.07,1026.7014,Sun Bicycles Streamway 3 - 2017,Comfort Bicycles
847,1,61,2,4999.99,0.05,9499.981,Trek Powerfly 8 FS Plus - 2017,Electric Bikes
848,1,93,1,209.99,0.07,195.2907,Haro Shredder 20 Girls - 2017,Children Bicycles
848,2,100,2,489.99,0.2,783.984,Electra Townie 3i EQ (20-inch) - Boys' - 2017,Children Bicycles
848,3,88,2,189.99,0.2,303.984,Trek Precaliber 12 Girls - 2017,Children Bicycles
848,4,41,2,1469.99,0.07,2734.1814,Haro Shift R3 - 2017,Mountain Bikes
849,1,109,1,416.99,0.2,333.592,Sun Bicycles Cruz 7 - Women's - 2017,Comfort Bicycles
850,1,101,2,339.99,0.07,632.3814,Electra Townie 7D (20-inch) - Boys' - 2017,Children Bicycles
850,2,5,2,1320.99,0.07,2457.0414,Heller Shagamaw Frame - 2016,Mountain Bikes
850,3,37,1,379.99,0.07,353.3907,Haro Flightline One ST - 2017,Mountain Bikes
851,1,30,1,999.99,0.2,799.992,Surly Ice Cream Truck Frameset - 2017,Mountain Bikes
851,2,93,1,209.99,0.05,199.4905,Haro Shredder 20 Girls - 2017,Children Bicycles
852,1,46,2,1409.99,0.07,2622.5814,Haro SR 1.3 - 2017,Mountain Bikes
853,1,99,1,299.99,0.05,284.9905,Electra Sugar Skulls 1 (20-inch) - Girl's - 2017,Children Bicycles
853,2,58,2,4999.99,0.2,7999.984,Trek Madone 9.2 - 2017,Road Bikes
853,3,42,2,2299.99,0.2,3679.984,Trek Fuel EX 5 27.5 Plus - 2017,Mountain Bikes
853,4,45,1,869.99,0.2,695.992,Haro SR 1.2 - 2017,Mountain Bikes
853,5,6,1,469.99,0.05,446.4905,Surly Ice Cream Truck Frameset - 2016,Mountain Bikes
854,1,87,1,189.99,0.1,170.991,Trek Precaliber 12 Boys - 2017,Children Bicycles
855,1,18,1,449,0.1,404.1,Pure Cycles Western 3-Speed - Women's - 2015/2016,Cruisers Bicycles
855,2,93,2,209.99,0.2,335.984,Haro Shredder 20 Girls - 2017,Children Bicycles
855,3,89,1,209.99,0.2,167.992,Trek Precaliber 16 Boys - 2017,Children Bicycles
856,1,38,2,549.99,0.05,1044.981,Haro Flightline Two 26 Plus - 2017,Mountain Bikes
857,1,29,1,999.99,0.2,799.992,Trek X-Caliber 8 - 2017,Mountain Bikes
858,1,45,2,869.99,0.2,1391.984,Haro SR 1.2 - 2017,Mountain Bikes
858,2,5,1,1320.99,0.2,1056.792,Heller Shagamaw Frame - 2016,Mountain Bikes
858,3,14,1,269.99,0.07,251.0907,Electra Girl's Hawaii 1 (16-inch) - 2015/2016,Cruisers Bicycles
858,4,73,2,749.99,0.07,1394.9814,Sun Bicycles Brickell Tandem 7 - 2017,Cruisers Bicycles
859,1,38,2,549.99,0.07,1022.9814,Haro Flightline Two 26 Plus - 2017,Mountain Bikes
859,2,13,1,269.99,0.1,242.991,Electra Cruiser 1 (24-Inch) - 2016,Cruisers Bicycles
859,3,14,2,269.99,0.1,485.982,Electra Girl's Hawaii 1 (16-inch) - 2015/2016,Cruisers Bicycles
859,4,71,2,416.99,0.1,750.582,Sun Bicycles Atlas X-Type - 2017,Cruisers Bicycles
859,5,36,2,832.99,0.1,1499.382,Surly Troll Frameset - 2017,Mountain Bikes
860,1,6,1,469.99,0.05,446.4905,Surly Ice Cream Truck Frameset - 2016,Mountain Bikes
860,2,24,2,549.99,0.2,879.984,Electra Townie Original 21D - 2016,Comfort Bicycles
860,3,25,1,499.99,0.2,399.992,Electra Townie Original 7D - 2015/2016,Comfort Bicycles
860,4,58,2,4999.99,0.07,9299.9814,Trek Madone 9.2 - 2017,Road Bikes
860,5,95,2,299.99,0.05,569.981,"Electra Girl's Hawaii 1 16"" - 2017",Children Bicycles
861,1,14,2,269.99,0.07,502.1814,Electra Girl's Hawaii 1 (16-inch) - 2015/2016,Cruisers Bicycles
861,2,62,1,3499.99,0.2,2799.992,Trek Boone 7 - 2017,Cyclocross Bicycles
862,1,85,1,329.99,0.05,313.4905,Haro Downtown 16 - 2017,Children Bicycles
862,2,99,1,299.99,0.2,239.992,Electra Sugar Skulls 1 (20-inch) - Girl's - 2017,Children Bicycles
862,3,49,2,3499.99,0.07,6509.9814,Trek Domane SL 6 - 2017,Road Bikes
863,1,93,2,209.99,0.1,377.982,Haro Shredder 20 Girls - 2017,Children Bicycles
864,1,37,1,379.99,0.1,341.991,Haro Flightline One ST - 2017,Mountain Bikes
864,2,65,2,346.99,0.05,659.281,Sun Bicycles Lil Bolt Type-R - 2017,Cruisers Bicycles
864,3,13,1,269.99,0.2,215.992,Electra Cruiser 1 (24-Inch) - 2016,Cruisers Bicycles
865,1,109,2,416.99,0.1,750.582,Sun Bicycles Cruz 7 - Women's - 2017,Comfort Bicycles
865,2,34,1,469.99,0.05,446.4905,Trek Session DH 27.5 Carbon Frameset - 2017,Mountain Bikes
866,1,88,1,189.99,0.2,151.992,Trek Precaliber 12 Girls - 2017,Children Bicycles
866,2,67,2,250.99,0.07,466.8414,Sun Bicycles Revolutions 24 - Girl's - 2017,Cruisers Bicycles
866,3,80,1,761.99,0.07,708.6507,Sun Bicycles Brickell Tandem CB - 2017,Cruisers Bicycles
866,4,13,2,269.99,0.07,502.1814,Electra Cruiser 1 (24-Inch) - 2016,Cruisers Bicycles
867,1,101,1,339.99,0.05,322.9905,Electra Townie 7D (20-inch) - Boys' - 2017,Children Bicycles
868,1,46,1,1409.99,0.07,1311.2907,Haro SR 1.3 - 2017,Mountain Bikes
869,1,7,1,3999.99,0.2,3199.992,Trek Slash 8 27.5 - 2016,Mountain Bikes
869,2,106,2,449.99,0.05,854.981,Sun Bicycles Cruz 3 - 2017,Comfort Bicycles
869,3,33,1,469.99,0.05,446.4905,Surly Wednesday Frameset - 2017,Mountain Bikes
869,4,55,2,2699.99,0.05,5129.981,Trek Domane S 6 - 2017,Road Bikes
869,5,65,2,346.99,0.2,555.184,Sun Bicycles Lil Bolt Type-R - 2017,Cruisers Bicycles
870,1,63,1,3499.99,0.07,3254.9907,Trek Boone Race Shop Limited - 2017,Cyclocross Bicycles
871,1,106,1,449.99,0.2,359.992,Sun Bicycles Cruz 3 - 2017,Comfort Bicycles
871,2,38,1,549.99,0.1,494.991,Haro Flightline Two 26 Plus - 2017,Mountain Bikes
871,3,30,2,999.99,0.2,1599.984,Surly Ice Cream Truck Frameset - 2017,Mountain Bikes
871,4,107,2,416.99,0.05,792.281,Sun Bicycles Cruz 7 - 2017,Comfort Bicycles
872,1,62,2,3499.99,0.07,6509.9814,Trek Boone 7 - 2017,Cyclocross Bicycles
872,2,53,1,749.99,0.1,674.991,Surly Ogre Frameset - 2017,Road Bikes
873,1,32,2,469.99,0.1,845.982,Trek Farley Alloy Frameset - 2017,Mountain Bikes
874,1,56,1,5499.99,0.05,5224.9905,Trek Domane SLR 6 Disc - 2017,Road Bikes
874,2,27,2,999.99,0.05,1899.981,Surly Big Dummy Frameset - 2017,Mountain Bikes
874,3,73,1,749.99,0.1,674.991,Sun Bicycles Brickell Tandem 7 - 2017,Cruisers Bicycles
874,4,77,2,799.99,0.07,1487.9814,Electra Glam Punk 3i Ladies' - 2017,Cruisers Bicycles
875,1,5,2,1320.99,0.1,2377.782,Heller Shagamaw Frame - 2016,Mountain Bikes
875,2,15,2,529.99,0.05,1006.981,Electra Moto 1 - 2016,Cruisers Bicycles
875,3,14,1,269.99,0.07,251.0907,Electra Girl's Hawaii 1 (16-inch) - 2015/2016,Cruisers Bicycles
875,4,111,1,470.99,0.2,376.792,Sun Bicycles Drifter 7 - Women's - 2017,Comfort Bicycles
876,1,17,2,429,0.2,686.4,Pure Cycles Vine 8-Speed - 2016,Cruisers Bicycles
876,2,66,2,250.99,0.2,401.584,Sun Bicycles Revolutions 24 - 2017,Cruisers Bicycles
876,3,96,1,349.99,0.07,325.4907,Electra Moto 3i (20-inch) - Boy's - 2017,Children Bicycles
876,4,107,2,416.99,0.05,792.281,Sun Bicycles Cruz 7 - 2017,Comfort Bicycles
877,1,73,1,749.99,0.07,697.4907,Sun Bicycles Brickell Tandem 7 - 2017,Cruisers Bicycles
877,2,103,1,551.99,0.1,496.791,Sun Bicycles Streamway 3 - 2017,Comfort Bicycles
878,1,103,1,551.99,0.2,441.592,Sun Bicycles Streamway 3 - 2017,Comfort Bicycles
878,2,13,1,269.99,0.1,242.991,Electra Cruiser 1 (24-Inch) - 2016,Cruisers Bicycles
878,3,6,2,469.99,0.2,751.984,Surly Ice Cream Truck Frameset - 2016,Mountain Bikes
878,4,18,2,449,0.05,853.1,Pure Cycles Western 3-Speed - Women's - 2015/2016,Cruisers Bicycles
879,1,100,2,489.99,0.2,783.984,Electra Townie 3i EQ (20-inch) - Boys' - 2017,Children Bicycles
879,2,2,2,749.99,0.07,1394.9814,Ritchey Timberwolf Frameset - 2016,Mountain Bikes
879,3,83,2,149.99,0.2,239.984,Trek Boy's Kickster - 2015/2017,Children Bicycles
879,4,82,1,659.99,0.07,613.7907,Electra Amsterdam Original 3i Ladies' - 2017,Cruisers Bicycles
880,1,28,2,2499.99,0.2,3999.984,Surly Karate Monkey 27.5+ Frameset - 2017,Mountain Bikes
880,2,95,1,299.99,0.1,269.991,"Electra Girl's Hawaii 1 16"" - 2017",Children Bicycles
880,3,5,1,1320.99,0.07,1228.5207,Heller Shagamaw Frame - 2016,Mountain Bikes
880,4,26,1,599.99,0.1,539.991,Electra Townie Original 7D EQ - 2016,Comfort Bicycles
880,5,66,1,250.99,0.2,200.792,Sun Bicycles Revolutions 24 - 2017,Cruisers Bicycles
881,1,98,1,489.99,0.07,455.6907,Electra Straight 8 3i (20-inch) - Boy's - 2017,Children Bicycles
881,2,50,1,5999.99,0.2,4799.992,Trek Silque SLR 7 Women's - 2017,Road Bikes
881,3,64,2,489.99,0.05,930.981,Electra Townie Original 7D - 2017,Cruisers Bicycles
881,4,67,1,250.99,0.1,225.891,Sun Bicycles Revolutions 24 - Girl's - 2017,Cruisers Bicycles
882,1,63,2,3499.99,0.07,6509.9814,Trek Boone Race Shop Limited - 2017,Cyclocross Bicycles
882,2,108,2,449.99,0.2,719.984,Sun Bicycles Cruz 3 - Women's - 2017,Comfort Bicycles
882,3,57,2,1999.99,0.07,3719.9814,Trek Emonda S 5 - 2017,Road Bikes
883,1,44,1,539.99,0.05,512.9905,Haro SR 1.1 - 2017,Mountain Bikes
883,2,5,2,1320.99,0.05,2509.881,Heller Shagamaw Frame - 2016,Mountain Bikes
884,1,49,2,3499.99,0.05,6649.981,Trek Domane SL 6 - 2017,Road Bikes
884,2,69,2,416.99,0.07,775.6014,Sun Bicycles Cruz 7 - 2017,Cruisers Bicycles
884,3,46,2,1409.99,0.2,2255.984,Haro SR 1.3 - 2017,Mountain Bikes
884,4,10,1,1549,0.1,1394.1,Surly Straggler - 2016,Cyclocross Bicycles
884,5,21,2,269.99,0.05,512.981,Electra Cruiser 1 (24-Inch) - 2016,Children Bicycles
885,1,106,1,449.99,0.07,418.4907,Sun Bicycles Cruz 3 - 2017,Comfort Bicycles
885,2,43,1,5299.99,0.1,4769.991,Trek Fuel EX 9.8 27.5 Plus - 2017,Mountain Bikes
886,1,47,1,5299.99,0.05,5034.9905,Trek Remedy 9.8 - 2017,Mountain Bikes
886,2,30,1,999.99,0.05,949.9905,Surly Ice Cream Truck Frameset - 2017,Mountain Bikes
887,1,50,2,5999.99,0.05,11399.981,Trek Silque SLR 7 Women's - 2017,Road Bikes
887,2,70,1,659.99,0.1,593.991,Electra Amsterdam Original 3i - 2015/2017,Cruisers Bicycles
888,1,33,2,469.99,0.1,845.982,Surly Wednesday Frameset - 2017,Mountain Bikes
888,2,26,2,599.99,0.2,959.984,Electra Townie Original 7D EQ - 2016,Comfort Bicycles
889,1,12,2,549.99,0.1,989.982,Electra Townie Original 21D - 2016,Cruisers Bicycles
890,1,16,2,599.99,0.1,1079.982,Electra Townie Original 7D EQ - 2016,Cruisers Bicycles
890,2,105,2,533.99,0.1,961.182,Sun Bicycles Streamway 7 - 2017,Comfort Bicycles
890,3,52,1,875.99,0.05,832.1905,Surly Steamroller - 2017,Road Bikes
890,4,67,1,250.99,0.1,225.891,Sun Bicycles Revolutions 24 - Girl's - 2017,Cruisers Bicycles
890,5,65,2,346.99,0.1,624.582,Sun Bicycles Lil Bolt Type-R - 2017,Cruisers Bicycles
891,1,107,2,416.99,0.1,750.582,Sun Bicycles Cruz 7 - 2017,Comfort Bicycles
891,2,32,1,469.99,0.05,446.4905,Trek Farley Alloy Frameset - 2017,Mountain Bikes
891,3,35,2,832.99,0.1,1499.382,Sun Bicycles Spider 3i - 2017,Mountain Bikes
891,4,50,1,5999.99,0.1,5399.991,Trek Silque SLR 7 Women's - 2017,Road Bikes
892,1,36,1,832.99,0.1,749.691,Surly Troll Frameset - 2017,Mountain Bikes
892,2,9,2,2999.99,0.2,4799.984,Trek Conduit+ - 2016,Electric Bikes
892,3,50,2,5999.99,0.07,11159.9814,Trek Silque SLR 7 Women's - 2017,Road Bikes
892,4,88,1,189.99,0.05,180.4905,Trek Precaliber 12 Girls - 2017,Children Bicycles
893,1,67,2,250.99,0.05,476.881,Sun Bicycles Revolutions 24 - Girl's - 2017,Cruisers Bicycles
893,2,45,1,869.99,0.07,809.0907,Haro SR 1.2 - 2017,Mountain Bikes
894,1,101,2,339.99,0.2,543.984,Electra Townie 7D (20-inch) - Boys' - 2017,Children Bicycles
895,1,106,1,449.99,0.07,418.4907,Sun Bicycles Cruz 3 - 2017,Comfort Bicycles
896,1,91,2,349.99,0.05,664.981,Trek Precaliber 24 (21-Speed) - Girls - 2017,Children Bicycles
896,2,10,1,1549,0.05,1471.55,Surly Straggler - 2016,Cyclocross Bicycles
897,1,105,1,533.99,0.05,507.2905,Sun Bicycles Streamway 7 - 2017,Comfort Bicycles
897,2,96,1,349.99,0.05,332.4905,Electra Moto 3i (20-inch) - Boy's - 2017,Children Bicycles
898,1,45,2,869.99,0.2,1391.984,Haro SR 1.2 - 2017,Mountain Bikes
898,2,16,1,599.99,0.07,557.9907,Electra Townie Original 7D EQ - 2016,Cruisers Bicycles
898,3,57,2,1999.99,0.2,3199.984,Trek Emonda S 5 - 2017,Road Bikes
898,4,69,2,416.99,0.07,775.6014,Sun Bicycles Cruz 7 - 2017,Cruisers Bicycles
899,1,59,2,2599.99,0.1,4679.982,Trek Domane S 5 Disc - 2017,Road Bikes
899,2,17,1,429,0.1,386.1,Pure Cycles Vine 8-Speed - 2016,Cruisers Bicycles
899,3,6,1,469.99,0.2,375.992,Surly Ice Cream Truck Frameset - 2016,Mountain Bikes
900,1,26,2,599.99,0.05,1139.981,Electra Townie Original 7D EQ - 2016,Comfort Bicycles
900,2,108,1,449.99,0.07,418.4907,Sun Bicycles Cruz 3 - Women's - 2017,Comfort Bicycles
900,3,89,1,209.99,0.2,167.992,Trek Precaliber 16 Boys - 2017,Children Bicycles
900,4,61,2,4999.99,0.05,9499.981,Trek Powerfly 8 FS Plus - 2017,Electric Bikes
900,5,28,2,2499.99,0.07,4649.9814,Surly Karate Monkey 27.5+ Frameset - 2017,Mountain Bikes
901,1,50,1,5999.99,0.2,4799.992,Trek Silque SLR 7 Women's - 2017,Road Bikes
901,2,43,1,5299.99,0.07,4928.9907,Trek Fuel EX 9.8 27.5 Plus - 2017,Mountain Bikes
902,1,38,2,549.99,0.07,1022.9814,Haro Flightline Two 26 Plus - 2017,Mountain Bikes
902,2,92,1,209.99,0.07,195.2907,Haro Shredder 20 - 2017,Children Bicycles
902,3,12,1,549.99,0.2,439.992,Electra Townie Original 21D - 2016,Cruisers Bicycles
902,4,76,2,299.99,0.05,569.981,"Electra Girl's Hawaii 1 16"" - 2017",Cruisers Bicycles
903,1,31,2,1632.99,0.07,3037.3614,Surly Wednesday - 2017,Mountain Bikes
903,2,48,2,1499.99,0.05,2849.981,Trek Emonda S 4 - 2017,Road Bikes
904,1,36,2,832.99,0.1,1499.382,Surly Troll Frameset - 2017,Mountain Bikes
904,2,51,2,6499.99,0.07,12089.9814,Trek Silque SLR 8 Women's - 2017,Road Bikes
904,3,92,2,209.99,0.2,335.984,Haro Shredder 20 - 2017,Children Bicycles
904,4,13,1,269.99,0.2,215.992,Electra Cruiser 1 (24-Inch) - 2016,Cruisers Bicycles
905,1,67,1,250.99,0.1,225.891,Sun Bicycles Revolutions 24 - Girl's - 2017,Cruisers Bicycles
905,2,62,2,3499.99,0.05,6649.981,Trek Boone 7 - 2017,Cyclocross Bicycles
905,3,42,2,2299.99,0.2,3679.984,Trek Fuel EX 5 27.5 Plus - 2017,Mountain Bikes
905,4,20,1,599.99,0.2,479.992,Electra Townie Original 7D EQ - Women's - 2016,Cruisers Bicycles
906,1,23,2,299.99,0.2,479.984,Electra Girl's Hawaii 1 (20-inch) - 2015/2016,Children Bicycles
906,2,28,2,2499.99,0.07,4649.9814,Surly Karate Monkey 27.5+ Frameset - 2017,Mountain Bikes
906,3,46,1,1409.99,0.05,1339.4905,Haro SR 1.3 - 2017,Mountain Bikes
906,4,102,2,489.99,0.1,881.982,Electra Townie Original 7D - 2017,Comfort Bicycles
906,5,22,2,269.99,0.2,431.984,Electra Girl's Hawaii 1 (16-inch) - 2015/2016,Children Bicycles
907,1,84,2,109.99,0.07,204.5814,Sun Bicycles Lil Kitt'n - 2017,Children Bicycles
907,2,65,1,346.99,0.07,322.7007,Sun Bicycles Lil Bolt Type-R - 2017,Cruisers Bicycles
908,1,41,1,1469.99,0.2,1175.992,Haro Shift R3 - 2017,Mountain Bikes
908,2,94,1,249.99,0.1,224.991,Haro Shredder Pro 20 - 2017,Children Bicycles
908,3,102,2,489.99,0.1,881.982,Electra Townie Original 7D - 2017,Comfort Bicycles
909,1,5,1,1320.99,0.2,1056.792,Heller Shagamaw Frame - 2016,Mountain Bikes
910,1,23,1,299.99,0.1,269.991,Electra Girl's Hawaii 1 (20-inch) - 2015/2016,Children Bicycles
911,1,66,2,250.99,0.05,476.881,Sun Bicycles Revolutions 24 - 2017,Cruisers Bicycles
911,2,106,1,449.99,0.05,427.4905,Sun Bicycles Cruz 3 - 2017,Comfort Bicycles
911,3,91,2,349.99,0.05,664.981,Trek Precaliber 24 (21-Speed) - Girls - 2017,Children Bicycles
911,4,49,1,3499.99,0.2,2799.992,Trek Domane SL 6 - 2017,Road Bikes
912,1,22,2,269.99,0.2,431.984,Electra Girl's Hawaii 1 (16-inch) - 2015/2016,Children Bicycles
912,2,71,2,416.99,0.05,792.281,Sun Bicycles Atlas X-Type - 2017,Cruisers Bicycles
912,3,101,1,339.99,0.05,322.9905,Electra Townie 7D (20-inch) - Boys' - 2017,Children Bicycles
912,4,2,2,749.99,0.2,1199.984,Ritchey Timberwolf Frameset - 2016,Mountain Bikes
913,1,90,2,209.99,0.1,377.982,Trek Precaliber 16 Girls - 2017,Children Bicycles
913,2,24,2,549.99,0.05,1044.981,Electra Townie Original 21D - 2016,Comfort Bicycles
914,1,38,1,549.99,0.07,511.4907,Haro Flightline Two 26 Plus - 2017,Mountain Bikes
914,2,20,2,599.99,0.2,959.984,Electra Townie Original 7D EQ - Women's - 2016,Cruisers Bicycles
914,3,106,1,449.99,0.05,427.4905,Sun Bicycles Cruz 3 - 2017,Comfort Bicycles
914,4,46,1,1409.99,0.1,1268.991,Haro SR 1.3 - 2017,Mountain Bikes
915,1,64,1,489.99,0.05,465.4905,Electra Townie Original 7D - 2017,Cruisers Bicycles
915,2,48,1,1499.99,0.07,1394.9907,Trek Emonda S 4 - 2017,Road Bikes
915,3,42,1,2299.99,0.2,1839.992,Trek Fuel EX 5 27.5 Plus - 2017,Mountain Bikes
915,4,2,1,749.99,0.07,697.4907,Ritchey Timberwolf Frameset - 2016,Mountain Bikes
916,1,92,1,209.99,0.2,167.992,Haro Shredder 20 - 2017,Children Bicycles
917,1,41,1,1469.99,0.07,1367.0907,Haro Shift R3 - 2017,Mountain Bikes
918,1,91,1,349.99,0.2,279.992,Trek Precaliber 24 (21-Speed) - Girls - 2017,Children Bicycles
918,2,31,1,1632.99,0.1,1469.691,Surly Wednesday - 2017,Mountain Bikes
918,3,4,2,2899.99,0.07,5393.9814,Trek Fuel EX 8 29 - 2016,Mountain Bikes
919,1,7,1,3999.99,0.07,3719.9907,Trek Slash 8 27.5 - 2016,Mountain Bikes
919,2,44,1,539.99,0.1,485.991,Haro SR 1.1 - 2017,Mountain Bikes
920,1,76,1,299.99,0.05,284.9905,"Electra Girl's Hawaii 1 16"" - 2017",Cruisers Bicycles
920,2,39,2,1499.99,0.07,2789.9814,Trek Stache 5 - 2017,Mountain Bikes
920,3,78,1,647.99,0.05,615.5905,Sun Bicycles Biscayne Tandem CB - 2017,Cruisers Bicycles
920,4,80,2,761.99,0.07,1417.3014,Sun Bicycles Brickell Tandem CB - 2017,Cruisers Bicycles
921,1,77,1,799.99,0.2,639.992,Electra Glam Punk 3i Ladies' - 2017,Cruisers Bicycles
921,2,75,2,599.99,0.07,1115.9814,Electra Cruiser Lux Fat Tire 1 Ladies - 2017,Cruisers Bicycles
921,3,48,1,1499.99,0.1,1349.991,Trek Emonda S 4 - 2017,Road Bikes
922,1,68,1,449.99,0.2,359.992,Sun Bicycles Cruz 3 - 2017,Cruisers Bicycles
922,2,73,1,749.99,0.2,599.992,Sun Bicycles Brickell Tandem 7 - 2017,Cruisers Bicycles
922,3,86,1,149.99,0.1,134.991,Trek Girl's Kickster - 2017,Children Bicycles
923,1,74,2,439.99,0.05,835.981,Electra Cruiser Lux 1 - 2017,Cruisers Bicycles
923,2,6,1,469.99,0.1,422.991,Surly Ice Cream Truck Frameset - 2016,Mountain Bikes
924,1,97,2,349.99,0.2,559.984,Electra Savannah 3i (20-inch) - Girl's - 2017,Children Bicycles
924,2,36,1,832.99,0.2,666.392,Surly Troll Frameset - 2017,Mountain Bikes
925,1,97,1,349.99,0.07,325.4907,Electra Savannah 3i (20-inch) - Girl's - 2017,Children Bicycles
925,2,62,2,3499.99,0.2,5599.984,Trek Boone 7 - 2017,Cyclocross Bicycles
926,1,37,2,379.99,0.2,607.984,Haro Flightline One ST - 2017,Mountain Bikes
927,1,74,2,439.99,0.1,791.982,Electra Cruiser Lux 1 - 2017,Cruisers Bicycles
927,2,16,2,599.99,0.2,959.984,Electra Townie Original 7D EQ - 2016,Cruisers Bicycles
927,3,50,1,5999.99,0.1,5399.991,Trek Silque SLR 7 Women's - 2017,Road Bikes
927,4,3,1,999.99,0.1,899.991,Surly Wednesday Frameset - 2016,Mountain Bikes
927,5,43,1,5299.99,0.07,4928.9907,Trek Fuel EX 9.8 27.5 Plus - 2017,Mountain Bikes
928,1,71,2,416.99,0.05,792.281,Sun Bicycles Atlas X-Type - 2017,Cruisers Bicycles
928,2,83,1,149.99,0.2,119.992,Trek Boy's Kickster - 2015/2017,Children Bicycles
929,1,82,1,659.99,0.2,527.992,Electra Amsterdam Original 3i Ladies' - 2017,Cruisers Bicycles
929,2,63,2,3499.99,0.1,6299.982,Trek Boone Race Shop Limited - 2017,Cyclocross Bicycles
929,3,24,1,549.99,0.05,522.4905,Electra Townie Original 21D - 2016,Comfort Bicycles
930,1,56,2,5499.99,0.07,10229.9814,Trek Domane SLR 6 Disc - 2017,Road Bikes
930,2,82,1,659.99,0.07,613.7907,Electra Amsterdam Original 3i Ladies' - 2017,Cruisers Bicycles
930,3,60,1,1559.99,0.1,1403.991,Sun Bicycles ElectroLite - 2017,Electric Bikes
930,4,65,2,346.99,0.05,659.281,Sun Bicycles Lil Bolt Type-R - 2017,Cruisers Bicycles
930,5,51,2,6499.99,0.1,11699.982,Trek Silque SLR 8 Women's - 2017,Road Bikes
931,1,49,2,3499.99,0.07,6509.9814,Trek Domane SL 6 - 2017,Road Bikes
931,2,76,1,299.99,0.2,239.992,"Electra Girl's Hawaii 1 16"" - 2017",Cruisers Bicycles
932,1,74,1,439.99,0.05,417.9905,Electra Cruiser Lux 1 - 2017,Cruisers Bicycles
933,1,77,1,799.99,0.07,743.9907,Electra Glam Punk 3i Ladies' - 2017,Cruisers Bicycles
933,2,21,1,269.99,0.2,215.992,Electra Cruiser 1 (24-Inch) - 2016,Children Bicycles
933,3,75,2,599.99,0.05,1139.981,Electra Cruiser Lux Fat Tire 1 Ladies - 2017,Cruisers Bicycles
934,1,35,2,832.99,0.05,1582.681,Sun Bicycles Spider 3i - 2017,Mountain Bikes
934,2,48,1,1499.99,0.05,1424.9905,Trek Emonda S 4 - 2017,Road Bikes
934,3,18,1,449,0.1,404.1,Pure Cycles Western 3-Speed - Women's - 2015/2016,Cruisers Bicycles
934,4,61,1,4999.99,0.07,4649.9907,Trek Powerfly 8 FS Plus - 2017,Electric Bikes
934,5,56,2,5499.99,0.2,8799.984,Trek Domane SLR 6 Disc - 2017,Road Bikes
935,1,65,2,346.99,0.2,555.184,Sun Bicycles Lil Bolt Type-R - 2017,Cruisers Bicycles
935,2,76,2,299.99,0.07,557.9814,"Electra Girl's Hawaii 1 16"" - 2017",Cruisers Bicycles
935,3,6,1,469.99,0.07,437.0907,Surly Ice Cream Truck Frameset - 2016,Mountain Bikes
935,4,38,1,549.99,0.07,511.4907,Haro Flightline Two 26 Plus - 2017,Mountain Bikes
936,1,70,1,659.99,0.1,593.991,Electra Amsterdam Original 3i - 2015/2017,Cruisers Bicycles
936,2,44,1,539.99,0.07,502.1907,Haro SR 1.1 - 2017,Mountain Bikes
937,1,108,2,449.99,0.1,809.982,Sun Bicycles Cruz 3 - Women's - 2017,Comfort Bicycles
937,2,51,2,6499.99,0.07,12089.9814,Trek Silque SLR 8 Women's - 2017,Road Bikes
937,3,58,2,4999.99,0.07,9299.9814,Trek Madone 9.2 - 2017,Road Bikes
937,4,28,2,2499.99,0.07,4649.9814,Surly Karate Monkey 27.5+ Frameset - 2017,Mountain Bikes
937,5,66,1,250.99,0.2,200.792,Sun Bicycles Revolutions 24 - 2017,Cruisers Bicycles
938,1,4,1,2899.99,0.05,2754.9905,Trek Fuel EX 8 29 - 2016,Mountain Bikes
938,2,13,1,269.99,0.05,256.4905,Electra Cruiser 1 (24-Inch) - 2016,Cruisers Bicycles
939,1,5,1,1320.99,0.1,1188.891,Heller Shagamaw Frame - 2016,Mountain Bikes
939,2,107,2,416.99,0.2,667.184,Sun Bicycles Cruz 7 - 2017,Comfort Bicycles
940,1,75,2,599.99,0.2,959.984,Electra Cruiser Lux Fat Tire 1 Ladies - 2017,Cruisers Bicycles
941,1,25,1,499.99,0.1,449.991,Electra Townie Original 7D - 2015/2016,Comfort Bicycles
941,2,102,2,489.99,0.05,930.981,Electra Townie Original 7D - 2017,Comfort Bicycles
941,3,11,2,1680.99,0.07,3126.6414,Surly Straggler 650b - 2016,Cyclocross Bicycles
942,1,98,2,489.99,0.05,930.981,Electra Straight 8 3i (20-inch) - Boy's - 2017,Children Bicycles
942,2,110,2,470.99,0.1,847.782,Sun Bicycles Drifter 7 - 2017,Comfort Bicycles
942,3,35,2,832.99,0.07,1549.3614,Sun Bicycles Spider 3i - 2017,Mountain Bikes
942,4,103,1,551.99,0.05,524.3905,Sun Bicycles Streamway 3 - 2017,Comfort Bicycles
942,5,100,1,489.99,0.05,465.4905,Electra Townie 3i EQ (20-inch) - Boys' - 2017,Children Bicycles
943,1,25,1,499.99,0.2,399.992,Electra Townie Original 7D - 2015/2016,Comfort Bicycles
943,2,82,1,659.99,0.2,527.992,Electra Amsterdam Original 3i Ladies' - 2017,Cruisers Bicycles
944,1,29,2,999.99,0.07,1859.9814,Trek X-Caliber 8 - 2017,Mountain Bikes
944,2,16,2,599.99,0.1,1079.982,Electra Townie Original 7D EQ - 2016,Cruisers Bicycles
944,3,70,2,659.99,0.2,1055.984,Electra Amsterdam Original 3i - 2015/2017,Cruisers Bicycles
944,4,85,2,329.99,0.2,527.984,Haro Downtown 16 - 2017,Children Bicycles
944,5,69,2,416.99,0.07,775.6014,Sun Bicycles Cruz 7 - 2017,Cruisers Bicycles
945,1,105,1,533.99,0.05,507.2905,Sun Bicycles Streamway 7 - 2017,Comfort Bicycles
945,2,94,2,249.99,0.2,399.984,Haro Shredder Pro 20 - 2017,Children Bicycles
945,3,34,2,469.99,0.05,892.981,Trek Session DH 27.5 Carbon Frameset - 2017,Mountain Bikes
945,4,44,2,539.99,0.1,971.982,Haro SR 1.1 - 2017,Mountain Bikes
945,5,50,2,5999.99,0.05,11399.981,Trek Silque SLR 7 Women's - 2017,Road Bikes
946,1,7,1,3999.99,0.1,3599.991,Trek Slash 8 27.5 - 2016,Mountain Bikes
946,2,85,2,329.99,0.2,527.984,Haro Downtown 16 - 2017,Children Bicycles
946,3,62,1,3499.99,0.05,3324.9905,Trek Boone 7 - 2017,Cyclocross Bicycles
946,4,22,2,269.99,0.2,431.984,Electra Girl's Hawaii 1 (16-inch) - 2015/2016,Children Bicycles
946,5,56,2,5499.99,0.07,10229.9814,Trek Domane SLR 6 Disc - 2017,Road Bikes
947,1,32,1,469.99,0.05,446.4905,Trek Farley Alloy Frameset - 2017,Mountain Bikes
947,2,42,2,2299.99,0.07,4277.9814,Trek Fuel EX 5 27.5 Plus - 2017,Mountain Bikes
947,3,44,1,539.99,0.07,502.1907,Haro SR 1.1 - 2017,Mountain Bikes
948,1,23,2,299.99,0.2,479.984,Electra Girl's Hawaii 1 (20-inch) - 2015/2016,Children Bicycles
948,2,20,2,599.99,0.1,1079.982,Electra Townie Original 7D EQ - Women's - 2016,Cruisers Bicycles
948,3,101,1,339.99,0.2,271.992,Electra Townie 7D (20-inch) - Boys' - 2017,Children Bicycles
948,4,92,2,209.99,0.2,335.984,Haro Shredder 20 - 2017,Children Bicycles
948,5,72,2,619.99,0.2,991.984,Sun Bicycles Biscayne Tandem 7 - 2017,Cruisers Bicycles
949,1,9,2,2999.99,0.1,5399.982,Trek Conduit+ - 2016,Electric Bikes
949,2,55,2,2699.99,0.05,5129.981,Trek Domane S 6 - 2017,Road Bikes
950,1,56,1,5499.99,0.05,5224.9905,Trek Domane SLR 6 Disc - 2017,Road Bikes
951,1,59,1,2599.99,0.1,2339.991,Trek Domane S 5 Disc - 2017,Road Bikes
951,2,43,2,5299.99,0.1,9539.982,Trek Fuel EX 9.8 27.5 Plus - 2017,Mountain Bikes
951,3,62,2,3499.99,0.2,5599.984,Trek Boone 7 - 2017,Cyclocross Bicycles
952,1,20,2,599.99,0.07,1115.9814,Electra Townie Original 7D EQ - Women's - 2016,Cruisers Bicycles
952,2,57,1,1999.99,0.05,1899.9905,Trek Emonda S 5 - 2017,Road Bikes
953,1,23,2,299.99,0.07,557.9814,Electra Girl's Hawaii 1 (20-inch) - 2015/2016,Children Bicycles
954,1,4,2,2899.99,0.1,5219.982,Trek Fuel EX 8 29 - 2016,Mountain Bikes
955,1,43,1,5299.99,0.1,4769.991,Trek Fuel EX 9.8 27.5 Plus - 2017,Mountain Bikes
955,2,31,2,1632.99,0.07,3037.3614,Surly Wednesday - 2017,Mountain Bikes
955,3,96,1,349.99,0.05,332.4905,Electra Moto 3i (20-inch) - Boy's - 2017,Children Bicycles
955,4,63,1,3499.99,0.2,2799.992,Trek Boone Race Shop Limited - 2017,Cyclocross Bicycles
955,5,88,1,189.99,0.05,180.4905,Trek Precaliber 12 Girls - 2017,Children Bicycles
956,1,76,2,299.99,0.1,539.982,"Electra Girl's Hawaii 1 16"" - 2017",Cruisers Bicycles
956,2,23,1,299.99,0.2,239.992,Electra Girl's Hawaii 1 (20-inch) - 2015/2016,Children Bicycles
956,3,73,2,749.99,0.1,1349.982,Sun Bicycles Brickell Tandem 7 - 2017,Cruisers Bicycles
956,4,13,2,269.99,0.2,431.984,Electra Cruiser 1 (24-Inch) - 2016,Cruisers Bicycles
956,5,79,2,402.99,0.1,725.382,Sun Bicycles Boardwalk (24-inch Wheels) - 2017,Cruisers Bicycles
957,1,108,2,449.99,0.05,854.981,Sun Bicycles Cruz 3 - Women's - 2017,Comfort Bicycles
957,2,14,2,269.99,0.07,502.1814,Electra Girl's Hawaii 1 (16-inch) - 2015/2016,Cruisers Bicycles
957,3,70,2,659.99,0.05,1253.981,Electra Amsterdam Original 3i - 2015/2017,Cruisers Bicycles
957,4,66,1,250.99,0.07,233.4207,Sun Bicycles Revolutions 24 - 2017,Cruisers Bicycles
957,5,111,1,470.99,0.05,447.4405,Sun Bicycles Drifter 7 - Women's - 2017,Comfort Bicycles
958,1,51,1,6499.99,0.1,5849.991,Trek Silque SLR 8 Women's - 2017,Road Bikes
958,2,76,1,299.99,0.2,239.992,"Electra Girl's Hawaii 1 16"" - 2017",Cruisers Bicycles
959,1,15,1,529.99,0.2,423.992,Electra Moto 1 - 2016,Cruisers Bicycles
959,2,72,1,619.99,0.1,557.991,Sun Bicycles Biscayne Tandem 7 - 2017,Cruisers Bicycles
959,3,41,1,1469.99,0.05,1396.4905,Haro Shift R3 - 2017,Mountain Bikes
959,4,65,1,346.99,0.07,322.7007,Sun Bicycles Lil Bolt Type-R - 2017,Cruisers Bicycles
960,1,73,2,749.99,0.05,1424.981,Sun Bicycles Brickell Tandem 7 - 2017,Cruisers Bicycles
960,2,52,1,875.99,0.1,788.391,Surly Steamroller - 2017,Road Bikes
960,3,48,2,1499.99,0.05,2849.981,Trek Emonda S 4 - 2017,Road Bikes
960,4,83,2,149.99,0.1,269.982,Trek Boy's Kickster - 2015/2017,Children Bicycles
961,1,105,1,533.99,0.1,480.591,Sun Bicycles Streamway 7 - 2017,Comfort Bicycles
961,2,47,2,5299.99,0.2,8479.984,Trek Remedy 9.8 - 2017,Mountain Bikes
961,3,65,2,346.99,0.07,645.4014,Sun Bicycles Lil Bolt Type-R - 2017,Cruisers Bicycles
962,1,65,2,346.99,0.07,645.4014,Sun Bicycles Lil Bolt Type-R - 2017,Cruisers Bicycles
962,2,64,2,489.99,0.07,911.3814,Electra Townie Original 7D - 2017,Cruisers Bicycles
963,1,4,1,2899.99,0.07,2696.9907,Trek Fuel EX 8 29 - 2016,Mountain Bikes
964,1,90,1,209.99,0.2,167.992,Trek Precaliber 16 Girls - 2017,Children Bicycles
964,2,74,1,439.99,0.2,351.992,Electra Cruiser Lux 1 - 2017,Cruisers Bicycles
965,1,90,2,209.99,0.1,377.982,Trek Precaliber 16 Girls - 2017,Children Bicycles
966,1,88,1,189.99,0.05,180.4905,Trek Precaliber 12 Girls - 2017,Children Bicycles
966,2,73,1,749.99,0.07,697.4907,Sun Bicycles Brickell Tandem 7 - 2017,Cruisers Bicycles
967,1,66,1,250.99,0.2,200.792,Sun Bicycles Revolutions 24 - 2017,Cruisers Bicycles
967,2,77,2,799.99,0.05,1519.981,Electra Glam Punk 3i Ladies' - 2017,Cruisers Bicycles
967,3,87,1,189.99,0.1,170.991,Trek Precaliber 12 Boys - 2017,Children Bicycles
967,4,103,1,551.99,0.2,441.592,Sun Bicycles Streamway 3 - 2017,Comfort Bicycles
968,1,87,1,189.99,0.2,151.992,Trek Precaliber 12 Boys - 2017,Children Bicycles
968,2,61,2,4999.99,0.05,9499.981,Trek Powerfly 8 FS Plus - 2017,Electric Bikes
968,3,10,2,1549,0.05,2943.1,Surly Straggler - 2016,Cyclocross Bicycles
969,1,74,1,439.99,0.2,351.992,Electra Cruiser Lux 1 - 2017,Cruisers Bicycles
969,2,36,1,832.99,0.1,749.691,Surly Troll Frameset - 2017,Mountain Bikes
970,1,85,1,329.99,0.1,296.991,Haro Downtown 16 - 2017,Children Bicycles
970,2,48,2,1499.99,0.1,2699.982,Trek Emonda S 4 - 2017,Road Bikes
970,3,54,2,3199.99,0.1,5759.982,Trek Domane SL Disc Frameset - 2017,Road Bikes
970,4,68,1,449.99,0.1,404.991,Sun Bicycles Cruz 3 - 2017,Cruisers Bicycles
971,1,70,2,659.99,0.05,1253.981,Electra Amsterdam Original 3i - 2015/2017,Cruisers Bicycles
971,2,65,2,346.99,0.07,645.4014,Sun Bicycles Lil Bolt Type-R - 2017,Cruisers Bicycles
971,3,8,2,1799.99,0.05,3419.981,Trek Remedy 29 Carbon Frameset - 2016,Mountain Bikes
971,4,12,2,549.99,0.07,1022.9814,Electra Townie Original 21D - 2016,Cruisers Bicycles
971,5,38,1,549.99,0.2,439.992,Haro Flightline Two 26 Plus - 2017,Mountain Bikes
972,1,100,1,489.99,0.2,391.992,Electra Townie 3i EQ (20-inch) - Boys' - 2017,Children Bicycles
972,2,63,1,3499.99,0.07,3254.9907,Trek Boone Race Shop Limited - 2017,Cyclocross Bicycles
973,1,4,2,2899.99,0.1,5219.982,Trek Fuel EX 8 29 - 2016,Mountain Bikes
973,2,28,2,2499.99,0.1,4499.982,Surly Karate Monkey 27.5+ Frameset - 2017,Mountain Bikes
973,3,47,2,5299.99,0.05,10069.981,Trek Remedy 9.8 - 2017,Mountain Bikes
973,4,71,1,416.99,0.07,387.8007,Sun Bicycles Atlas X-Type - 2017,Cruisers Bicycles
974,1,33,2,469.99,0.1,845.982,Surly Wednesday Frameset - 2017,Mountain Bikes
974,2,22,2,269.99,0.2,431.984,Electra Girl's Hawaii 1 (16-inch) - 2015/2016,Children Bicycles
975,1,110,2,470.99,0.2,753.584,Sun Bicycles Drifter 7 - 2017,Comfort Bicycles
976,1,26,2,599.99,0.1,1079.982,Electra Townie Original 7D EQ - 2016,Comfort Bicycles
976,2,39,1,1499.99,0.07,1394.9907,Trek Stache 5 - 2017,Mountain Bikes
977,1,52,2,875.99,0.1,1576.782,Surly Steamroller - 2017,Road Bikes
977,2,69,2,416.99,0.05,792.281,Sun Bicycles Cruz 7 - 2017,Cruisers Bicycles
977,3,27,1,999.99,0.05,949.9905,Surly Big Dummy Frameset - 2017,Mountain Bikes
977,4,80,2,761.99,0.05,1447.781,Sun Bicycles Brickell Tandem CB - 2017,Cruisers Bicycles
978,1,106,2,449.99,0.05,854.981,Sun Bicycles Cruz 3 - 2017,Comfort Bicycles
978,2,25,2,499.99,0.2,799.984,Electra Townie Original 7D - 2015/2016,Comfort Bicycles
978,3,108,2,449.99,0.05,854.981,Sun Bicycles Cruz 3 - Women's - 2017,Comfort Bicycles
979,1,55,1,2699.99,0.05,2564.9905,Trek Domane S 6 - 2017,Road Bikes
979,2,71,2,416.99,0.2,667.184,Sun Bicycles Atlas X-Type - 2017,Cruisers Bicycles
979,3,12,2,549.99,0.1,989.982,Electra Townie Original 21D - 2016,Cruisers Bicycles
979,4,52,1,875.99,0.2,700.792,Surly Steamroller - 2017,Road Bikes
980,1,49,2,3499.99,0.2,5599.984,Trek Domane SL 6 - 2017,Road Bikes
980,2,9,1,2999.99,0.1,2699.991,Trek Conduit+ - 2016,Electric Bikes
980,3,64,1,489.99,0.1,440.991,Electra Townie Original 7D - 2017,Cruisers Bicycles
981,1,35,1,832.99,0.1,749.691,Sun Bicycles Spider 3i - 2017,Mountain Bikes
981,2,95,2,299.99,0.05,569.981,"Electra Girl's Hawaii 1 16"" - 2017",Children Bicycles
981,3,21,2,269.99,0.07,502.1814,Electra Cruiser 1 (24-Inch) - 2016,Children Bicycles
981,4,36,2,832.99,0.1,1499.382,Surly Troll Frameset - 2017,Mountain Bikes
981,5,61,1,4999.99,0.07,4649.9907,Trek Powerfly 8 FS Plus - 2017,Electric Bikes
982,1,22,2,269.99,0.1,485.982,Electra Girl's Hawaii 1 (16-inch) - 2015/2016,Children Bicycles
982,2,110,1,470.99,0.07,438.0207,Sun Bicycles Drifter 7 - 2017,Comfort Bicycles
982,3,52,1,875.99,0.07,814.6707,Surly Steamroller - 2017,Road Bikes
982,4,40,2,4999.99,0.05,9499.981,Trek Fuel EX 9.8 29 - 2017,Mountain Bikes
983,1,63,1,3499.99,0.1,3149.991,Trek Boone Race Shop Limited - 2017,Cyclocross Bicycles
983,2,20,2,599.99,0.2,959.984,Electra Townie Original 7D EQ - Women's - 2016,Cruisers Bicycles
983,3,68,1,449.99,0.07,418.4907,Sun Bicycles Cruz 3 - 2017,Cruisers Bicycles
983,4,81,2,1099.99,0.07,2045.9814,Electra Amsterdam Fashion 7i Ladies' - 2017,Cruisers Bicycles
983,5,88,1,189.99,0.05,180.4905,Trek Precaliber 12 Girls - 2017,Children Bicycles
984,1,68,1,449.99,0.2,359.992,Sun Bicycles Cruz 3 - 2017,Cruisers Bicycles
984,2,81,2,1099.99,0.2,1759.984,Electra Amsterdam Fashion 7i Ladies' - 2017,Cruisers Bicycles
984,3,12,1,549.99,0.1,494.991,Electra Townie Original 21D - 2016,Cruisers Bicycles
984,4,111,1,470.99,0.2,376.792,Sun Bicycles Drifter 7 - Women's - 2017,Comfort Bicycles
985,1,5,2,1320.99,0.07,2457.0414,Heller Shagamaw Frame - 2016,Mountain Bikes
985,2,59,1,2599.99,0.2,2079.992,Trek Domane S 5 Disc - 2017,Road Bikes
985,3,78,2,647.99,0.05,1231.181,Sun Bicycles Biscayne Tandem CB - 2017,Cruisers Bicycles
986,1,87,1,189.99,0.1,170.991,Trek Precaliber 12 Boys - 2017,Children Bicycles
986,2,78,1,647.99,0.05,615.5905,Sun Bicycles Biscayne Tandem CB - 2017,Cruisers Bicycles
986,3,26,2,599.99,0.07,1115.9814,Electra Townie Original 7D EQ - 2016,Comfort Bicycles
987,1,51,2,6499.99,0.1,11699.982,Trek Silque SLR 8 Women's - 2017,Road Bikes
987,2,60,2,1559.99,0.2,2495.984,Sun Bicycles ElectroLite - 2017,Electric Bikes
987,3,80,1,761.99,0.07,708.6507,Sun Bicycles Brickell Tandem CB - 2017,Cruisers Bicycles
988,1,35,1,832.99,0.2,666.392,Sun Bicycles Spider 3i - 2017,Mountain Bikes
988,2,38,1,549.99,0.07,511.4907,Haro Flightline Two 26 Plus - 2017,Mountain Bikes
988,3,12,2,549.99,0.07,1022.9814,Electra Townie Original 21D - 2016,Cruisers Bicycles
989,1,99,1,299.99,0.05,284.9905,Electra Sugar Skulls 1 (20-inch) - Girl's - 2017,Children Bicycles
989,2,27,1,999.99,0.1,899.991,Surly Big Dummy Frameset - 2017,Mountain Bikes
989,3,70,1,659.99,0.1,593.991,Electra Amsterdam Original 3i - 2015/2017,Cruisers Bicycles
989,4,84,2,109.99,0.07,204.5814,Sun Bicycles Lil Kitt'n - 2017,Children Bicycles
989,5,5,1,1320.99,0.1,1188.891,Heller Shagamaw Frame - 2016,Mountain Bikes
990,1,6,2,469.99,0.2,751.984,Surly Ice Cream Truck Frameset - 2016,Mountain Bikes
990,2,29,1,999.99,0.1,899.991,Trek X-Caliber 8 - 2017,Mountain Bikes
990,3,91,1,349.99,0.1,314.991,Trek Precaliber 24 (21-Speed) - Girls - 2017,Children Bicycles
990,4,14,2,269.99,0.1,485.982,Electra Girl's Hawaii 1 (16-inch) - 2015/2016,Cruisers Bicycles
991,1,9,2,2999.99,0.2,4799.984,Trek Conduit+ - 2016,Electric Bikes
991,2,79,1,402.99,0.2,322.392,Sun Bicycles Boardwalk (24-inch Wheels) - 2017,Cruisers Bicycles
991,3,34,1,469.99,0.2,375.992,Trek Session DH 27.5 Carbon Frameset - 2017,Mountain Bikes
992,1,45,1,869.99,0.07,809.0907,Haro SR 1.2 - 2017,Mountain Bikes
992,2,102,1,489.99,0.1,440.991,Electra Townie Original 7D - 2017,Comfort Bicycles
992,3,20,1,599.99,0.2,479.992,Electra Townie Original 7D EQ - Women's - 2016,Cruisers Bicycles
992,4,101,2,339.99,0.2,543.984,Electra Townie 7D (20-inch) - Boys' - 2017,Children Bicycles
992,5,7,1,3999.99,0.05,3799.9905,Trek Slash 8 27.5 - 2016,Mountain Bikes
993,1,58,1,4999.99,0.2,3999.992,Trek Madone 9.2 - 2017,Road Bikes
993,2,36,2,832.99,0.1,1499.382,Surly Troll Frameset - 2017,Mountain Bikes
993,3,10,2,1549,0.05,2943.1,Surly Straggler - 2016,Cyclocross Bicycles
993,4,99,2,299.99,0.07,557.9814,Electra Sugar Skulls 1 (20-inch) - Girl's - 2017,Children Bicycles
993,5,79,2,402.99,0.1,725.382,Sun Bicycles Boardwalk (24-inch Wheels) - 2017,Cruisers Bicycles
994,1,37,2,379.99,0.1,683.982,Haro Flightline One ST - 2017,Mountain Bikes
994,2,45,1,869.99,0.2,695.992,Haro SR 1.2 - 2017,Mountain Bikes
994,3,66,1,250.99,0.07,233.4207,Sun Bicycles Revolutions 24 - 2017,Cruisers Bicycles
995,1,16,2,599.99,0.1,1079.982,Electra Townie Original 7D EQ - 2016,Cruisers Bicycles
995,2,90,1,209.99,0.2,167.992,Trek Precaliber 16 Girls - 2017,Children Bicycles
995,3,101,1,339.99,0.1,305.991,Electra Townie 7D (20-inch) - Boys' - 2017,Children Bicycles
996,1,68,2,449.99,0.05,854.981,Sun Bicycles Cruz 3 - 2017,Cruisers Bicycles
996,2,32,1,469.99,0.05,446.4905,Trek Farley Alloy Frameset - 2017,Mountain Bikes
997,1,86,2,149.99,0.07,278.9814,Trek Girl's Kickster - 2017,Children Bicycles
997,2,105,2,533.99,0.2,854.384,Sun Bicycles Streamway 7 - 2017,Comfort Bicycles
997,3,14,2,269.99,0.07,502.1814,Electra Girl's Hawaii 1 (16-inch) - 2015/2016,Cruisers Bicycles
998,1,26,2,599.99,0.05,1139.981,Electra Townie Original 7D EQ - 2016,Comfort Bicycles
998,2,105,1,533.99,0.2,427.192,Sun Bicycles Streamway 7 - 2017,Comfort Bicycles
999,1,70,2,659.99,0.07,1227.5814,Electra Amsterdam Original 3i - 2015/2017,Cruisers Bicycles
999,2,106,1,449.99,0.05,427.4905,Sun Bicycles Cruz 3 - 2017,Comfort Bicycles
1000,1,65,2,346.99,0.05,659.281,Sun Bicycles Lil Bolt Type-R - 2017,Cruisers Bicycles
1000,2,111,1,470.99,0.1,423.891,Sun Bicycles Drifter 7 - Women's - 2017,Comfort Bicycles
1000,3,19,2,449,0.07,835.14,Pure Cycles William 3-Speed - 2016,Cruisers Bicycles
1000,4,29,2,999.99,0.05,1899.981,Trek X-Caliber 8 - 2017,Mountain Bikes
1001,1,72,1,619.99,0.05,588.9905,Sun Bicycles Biscayne Tandem 7 - 2017,Cruisers Bicycles
1001,2,45,2,869.99,0.05,1652.981,Haro SR 1.2 - 2017,Mountain Bikes
1001,3,58,1,4999.99,0.1,4499.991,Trek Madone 9.2 - 2017,Road Bikes
1001,4,111,1,470.99,0.07,438.0207,Sun Bicycles Drifter 7 - Women's - 2017,Comfort Bicycles
1002,1,100,1,489.99,0.05,465.4905,Electra Townie 3i EQ (20-inch) - Boys' - 2017,Children Bicycles
1002,2,83,1,149.99,0.1,134.991,Trek Boy's Kickster - 2015/2017,Children Bicycles
1002,3,8,2,1799.99,0.1,3239.982,Trek Remedy 29 Carbon Frameset - 2016,Mountain Bikes
1002,4,79,1,402.99,0.2,322.392,Sun Bicycles Boardwalk (24-inch Wheels) - 2017,Cruisers Bicycles
1003,1,34,2,469.99,0.05,892.981,Trek Session DH 27.5 Carbon Frameset - 2017,Mountain Bikes
1003,2,51,2,6499.99,0.05,12349.981,Trek Silque SLR 8 Women's - 2017,Road Bikes
1004,1,36,2,832.99,0.1,1499.382,Surly Troll Frameset - 2017,Mountain Bikes
1005,1,14,2,269.99,0.2,431.984,Electra Girl's Hawaii 1 (16-inch) - 2015/2016,Cruisers Bicycles
1005,2,81,2,1099.99,0.1,1979.982,Electra Amsterdam Fashion 7i Ladies' - 2017,Cruisers Bicycles
1005,3,99,1,299.99,0.1,269.991,Electra Sugar Skulls 1 (20-inch) - Girl's - 2017,Children Bicycles
1006,1,20,1,599.99,0.07,557.9907,Electra Townie Original 7D EQ - Women's - 2016,Cruisers Bicycles
1006,2,68,1,449.99,0.1,404.991,Sun Bicycles Cruz 3 - 2017,Cruisers Bicycles
1006,3,56,2,5499.99,0.07,10229.9814,Trek Domane SLR 6 Disc - 2017,Road Bikes
1006,4,65,1,346.99,0.1,312.291,Sun Bicycles Lil Bolt Type-R - 2017,Cruisers Bicycles
1006,5,46,1,1409.99,0.1,1268.991,Haro SR 1.3 - 2017,Mountain Bikes
1007,1,26,1,599.99,0.2,479.992,Electra Townie Original 7D EQ - 2016,Comfort Bicycles
1007,2,11,1,1680.99,0.05,1596.9405,Surly Straggler 650b - 2016,Cyclocross Bicycles
1007,3,85,2,329.99,0.1,593.982,Haro Downtown 16 - 2017,Children Bicycles
1007,4,76,1,299.99,0.2,239.992,"Electra Girl's Hawaii 1 16"" - 2017",Cruisers Bicycles
1007,5,106,2,449.99,0.1,809.982,Sun Bicycles Cruz 3 - 2017,Comfort Bicycles
1008,1,71,1,416.99,0.2,333.592,Sun Bicycles Atlas X-Type - 2017,Cruisers Bicycles
1008,2,2,1,749.99,0.1,674.991,Ritchey Timberwolf Frameset - 2016,Mountain Bikes
1008,3,95,1,299.99,0.07,278.9907,"Electra Girl's Hawaii 1 16"" - 2017",Children Bicycles
1009,1,95,2,299.99,0.07,557.9814,"Electra Girl's Hawaii 1 16"" - 2017",Children Bicycles
1009,2,44,1,539.99,0.07,502.1907,Haro SR 1.1 - 2017,Mountain Bikes
1010,1,109,2,416.99,0.1,750.582,Sun Bicycles Cruz 7 - Women's - 2017,Comfort Bicycles
1011,1,88,1,189.99,0.2,151.992,Trek Precaliber 12 Girls - 2017,Children Bicycles
1011,2,99,2,299.99,0.2,479.984,Electra Sugar Skulls 1 (20-inch) - Girl's - 2017,Children Bicycles
1011,3,16,2,599.99,0.2,959.984,Electra Townie Original 7D EQ - 2016,Cruisers Bicycles
1011,4,68,2,449.99,0.05,854.981,Sun Bicycles Cruz 3 - 2017,Cruisers Bicycles
1012,1,8,1,1799.99,0.07,1673.9907,Trek Remedy 29 Carbon Frameset - 2016,Mountain Bikes
1012,2,64,1,489.99,0.2,391.992,Electra Townie Original 7D - 2017,Cruisers Bicycles
1013,1,60,2,1559.99,0.05,2963.981,Sun Bicycles ElectroLite - 2017,Electric Bikes
1014,1,97,1,349.99,0.2,279.992,Electra Savannah 3i (20-inch) - Girl's - 2017,Children Bicycles
1014,2,45,2,869.99,0.05,1652.981,Haro SR 1.2 - 2017,Mountain Bikes
1014,3,81,2,1099.99,0.1,1979.982,Electra Amsterdam Fashion 7i Ladies' - 2017,Cruisers Bicycles
1014,4,59,1,2599.99,0.05,2469.9905,Trek Domane S 5 Disc - 2017,Road Bikes
1015,1,6,2,469.99,0.1,845.982,Surly Ice Cream Truck Frameset - 2016,Mountain Bikes
1015,2,73,2,749.99,0.2,1199.984,Sun Bicycles Brickell Tandem 7 - 2017,Cruisers Bicycles
1015,3,101,2,339.99,0.1,611.982,Electra Townie 7D (20-inch) - Boys' - 2017,Children Bicycles
1015,4,13,1,269.99,0.2,215.992,Electra Cruiser 1 (24-Inch) - 2016,Cruisers Bicycles
1016,1,76,2,299.99,0.07,557.9814,"Electra Girl's Hawaii 1 16"" - 2017",Cruisers Bicycles
1017,1,89,1,209.99,0.07,195.2907,Trek Precaliber 16 Boys - 2017,Children Bicycles
1017,2,82,2,659.99,0.2,1055.984,Electra Amsterdam Original 3i Ladies' - 2017,Cruisers Bicycles
1017,3,100,1,489.99,0.2,391.992,Electra Townie 3i EQ (20-inch) - Boys' - 2017,Children Bicycles
1017,4,18,2,449,0.2,718.4,Pure Cycles Western 3-Speed - Women's - 2015/2016,Cruisers Bicycles
1017,5,77,2,799.99,0.1,1439.982,Electra Glam Punk 3i Ladies' - 2017,Cruisers Bicycles
1018,1,76,2,299.99,0.07,557.9814,"Electra Girl's Hawaii 1 16"" - 2017",Cruisers Bicycles
1018,2,97,2,349.99,0.1,629.982,Electra Savannah 3i (20-inch) - Girl's - 2017,Children Bicycles
1018,3,91,1,349.99,0.2,279.992,Trek Precaliber 24 (21-Speed) - Girls - 2017,Children Bicycles
1019,1,30,1,999.99,0.1,899.991,Surly Ice Cream Truck Frameset - 2017,Mountain Bikes
1019,2,52,1,875.99,0.2,700.792,Surly Steamroller - 2017,Road Bikes
1019,3,37,1,379.99,0.05,360.9905,Haro Flightline One ST - 2017,Mountain Bikes
1019,4,93,2,209.99,0.2,335.984,Haro Shredder 20 Girls - 2017,Children Bicycles
1020,1,20,2,599.99,0.05,1139.981,Electra Townie Original 7D EQ - Women's - 2016,Cruisers Bicycles
1020,2,69,2,416.99,0.05,792.281,Sun Bicycles Cruz 7 - 2017,Cruisers Bicycles
1020,3,15,1,529.99,0.07,492.8907,Electra Moto 1 - 2016,Cruisers Bicycles
1020,4,57,2,1999.99,0.1,3599.982,Trek Emonda S 5 - 2017,Road Bikes
1020,5,40,2,4999.99,0.05,9499.981,Trek Fuel EX 9.8 29 - 2017,Mountain Bikes
1021,1,49,2,3499.99,0.07,6509.9814,Trek Domane SL 6 - 2017,Road Bikes
1021,2,23,2,299.99,0.07,557.9814,Electra Girl's Hawaii 1 (20-inch) - 2015/2016,Children Bicycles
1022,1,33,1,469.99,0.2,375.992,Surly Wednesday Frameset - 2017,Mountain Bikes
1022,2,46,1,1409.99,0.1,1268.991,Haro SR 1.3 - 2017,Mountain Bikes
1022,3,65,1,346.99,0.07,322.7007,Sun Bicycles Lil Bolt Type-R - 2017,Cruisers Bicycles
1022,4,5,1,1320.99,0.07,1228.5207,Heller Shagamaw Frame - 2016,Mountain Bikes
1023,1,91,1,349.99,0.07,325.4907,Trek Precaliber 24 (21-Speed) - Girls - 2017,Children Bicycles
1023,2,43,2,5299.99,0.1,9539.982,Trek Fuel EX 9.8 27.5 Plus - 2017,Mountain Bikes
1024,1,104,1,481.99,0.2,385.592,Sun Bicycles Streamway - 2017,Comfort Bicycles
1024,2,28,2,2499.99,0.05,4749.981,Surly Karate Monkey 27.5+ Frameset - 2017,Mountain Bikes
1024,3,98,2,489.99,0.2,783.984,Electra Straight 8 3i (20-inch) - Boy's - 2017,Children Bicycles
1024,4,96,2,349.99,0.1,629.982,Electra Moto 3i (20-inch) - Boy's - 2017,Children Bicycles
1024,5,91,1,349.99,0.2,279.992,Trek Precaliber 24 (21-Speed) - Girls - 2017,Children Bicycles
1025,1,89,1,209.99,0.07,195.2907,Trek Precaliber 16 Boys - 2017,Children Bicycles
1025,2,102,1,489.99,0.1,440.991,Electra Townie Original 7D - 2017,Comfort Bicycles
1025,3,39,1,1499.99,0.1,1349.991,Trek Stache 5 - 2017,Mountain Bikes
1025,4,15,1,529.99,0.05,503.4905,Electra Moto 1 - 2016,Cruisers Bicycles
1025,5,66,2,250.99,0.05,476.881,Sun Bicycles Revolutions 24 - 2017,Cruisers Bicycles
1026,1,7,2,3999.99,0.07,7439.9814,Trek Slash 8 27.5 - 2016,Mountain Bikes
1027,1,95,2,299.99,0.1,539.982,"Electra Girl's Hawaii 1 16"" - 2017",Children Bicycles
1027,2,14,2,269.99,0.05,512.981,Electra Girl's Hawaii 1 (16-inch) - 2015/2016,Cruisers Bicycles
1028,1,111,2,470.99,0.1,847.782,Sun Bicycles Drifter 7 - Women's - 2017,Comfort Bicycles
1028,2,10,1,1549,0.2,1239.2,Surly Straggler - 2016,Cyclocross Bicycles
1028,3,41,1,1469.99,0.2,1175.992,Haro Shift R3 - 2017,Mountain Bikes
1028,4,35,2,832.99,0.1,1499.382,Sun Bicycles Spider 3i - 2017,Mountain Bikes
1028,5,108,1,449.99,0.2,359.992,Sun Bicycles Cruz 3 - Women's - 2017,Comfort Bicycles
1029,1,20,1,599.99,0.2,479.992,Electra Townie Original 7D EQ - Women's - 2016,Cruisers Bicycles
1029,2,55,1,2699.99,0.1,2429.991,Trek Domane S 6 - 2017,Road Bikes
1029,3,40,1,4999.99,0.2,3999.992,Trek Fuel EX 9.8 29 - 2017,Mountain Bikes
1029,4,68,2,449.99,0.1,809.982,Sun Bicycles Cruz 3 - 2017,Cruisers Bicycles
1030,1,27,1,999.99,0.05,949.9905,Surly Big Dummy Frameset - 2017,Mountain Bikes
1030,2,10,2,1549,0.1,2788.2,Surly Straggler - 2016,Cyclocross Bicycles
1030,3,72,1,619.99,0.1,557.991,Sun Bicycles Biscayne Tandem 7 - 2017,Cruisers Bicycles
1031,1,27,2,999.99,0.2,1599.984,Surly Big Dummy Frameset - 2017,Mountain Bikes
1031,2,108,2,449.99,0.2,719.984,Sun Bicycles Cruz 3 - Women's - 2017,Comfort Bicycles
1032,1,60,2,1559.99,0.1,2807.982,Sun Bicycles ElectroLite - 2017,Electric Bikes
1032,2,17,1,429,0.1,386.1,Pure Cycles Vine 8-Speed - 2016,Cruisers Bicycles
1033,1,26,1,599.99,0.07,557.9907,Electra Townie Original 7D EQ - 2016,Comfort Bicycles
1033,2,109,2,416.99,0.1,750.582,Sun Bicycles Cruz 7 - Women's - 2017,Comfort Bicycles
1033,3,27,2,999.99,0.07,1859.9814,Surly Big Dummy Frameset - 2017,Mountain Bikes
1034,1,101,1,339.99,0.1,305.991,Electra Townie 7D (20-inch) - Boys' - 2017,Children Bicycles
1034,2,8,2,1799.99,0.1,3239.982,Trek Remedy 29 Carbon Frameset - 2016,Mountain Bikes
1034,3,11,2,1680.99,0.07,3126.6414,Surly Straggler 650b - 2016,Cyclocross Bicycles
1034,4,21,1,269.99,0.05,256.4905,Electra Cruiser 1 (24-Inch) - 2016,Children Bicycles
1035,1,96,1,349.99,0.2,279.992,Electra Moto 3i (20-inch) - Boy's - 2017,Children Bicycles
1036,1,55,2,2699.99,0.1,4859.982,Trek Domane S 6 - 2017,Road Bikes
1036,2,76,1,299.99,0.07,278.9907,"Electra Girl's Hawaii 1 16"" - 2017",Cruisers Bicycles
1036,3,18,2,449,0.05,853.1,Pure Cycles Western 3-Speed - Women's - 2015/2016,Cruisers Bicycles
1036,4,65,2,346.99,0.2,555.184,Sun Bicycles Lil Bolt Type-R - 2017,Cruisers Bicycles
1036,5,12,1,549.99,0.2,439.992,Electra Townie Original 21D - 2016,Cruisers Bicycles
1037,1,74,2,439.99,0.07,818.3814,Electra Cruiser Lux 1 - 2017,Cruisers Bicycles
1037,2,3,1,999.99,0.07,929.9907,Surly Wednesday Frameset - 2016,Mountain Bikes
1037,3,65,2,346.99,0.2,555.184,Sun Bicycles Lil Bolt Type-R - 2017,Cruisers Bicycles
1037,4,92,1,209.99,0.07,195.2907,Haro Shredder 20 - 2017,Children Bicycles
1037,5,84,2,109.99,0.05,208.981,Sun Bicycles Lil Kitt'n - 2017,Children Bicycles
1038,1,83,1,149.99,0.05,142.4905,Trek Boy's Kickster - 2015/2017,Children Bicycles
1038,2,9,1,2999.99,0.07,2789.9907,Trek Conduit+ - 2016,Electric Bikes
1039,1,18,2,449,0.2,718.4,Pure Cycles Western 3-Speed - Women's - 2015/2016,Cruisers Bicycles
1040,1,97,1,349.99,0.1,314.991,Electra Savannah 3i (20-inch) - Girl's - 2017,Children Bicycles
1040,2,28,2,2499.99,0.2,3999.984,Surly Karate Monkey 27.5+ Frameset - 2017,Mountain Bikes
1040,3,64,1,489.99,0.07,455.6907,Electra Townie Original 7D - 2017,Cruisers Bicycles
1040,4,27,2,999.99,0.07,1859.9814,Surly Big Dummy Frameset - 2017,Mountain Bikes
1040,5,8,2,1799.99,0.05,3419.981,Trek Remedy 29 Carbon Frameset - 2016,Mountain Bikes
1041,1,89,1,209.99,0.1,188.991,Trek Precaliber 16 Boys - 2017,Children Bicycles
1041,2,61,2,4999.99,0.07,9299.9814,Trek Powerfly 8 FS Plus - 2017,Electric Bikes
1041,3,94,2,249.99,0.1,449.982,Haro Shredder Pro 20 - 2017,Children Bicycles
1042,1,23,1,299.99,0.1,269.991,Electra Girl's Hawaii 1 (20-inch) - 2015/2016,Children Bicycles
1043,1,55,2,2699.99,0.1,4859.982,Trek Domane S 6 - 2017,Road Bikes
1043,2,20,1,599.99,0.07,557.9907,Electra Townie Original 7D EQ - Women's - 2016,Cruisers Bicycles
1044,1,97,2,349.99,0.1,629.982,Electra Savannah 3i (20-inch) - Girl's - 2017,Children Bicycles
1045,1,28,1,2499.99,0.05,2374.9905,Surly Karate Monkey 27.5+ Frameset - 2017,Mountain Bikes
1045,2,104,2,481.99,0.05,915.781,Sun Bicycles Streamway - 2017,Comfort Bicycles
1046,1,60,1,1559.99,0.07,1450.7907,Sun Bicycles ElectroLite - 2017,Electric Bikes
1046,2,79,1,402.99,0.07,374.7807,Sun Bicycles Boardwalk (24-inch Wheels) - 2017,Cruisers Bicycles
1046,3,32,1,469.99,0.07,437.0907,Trek Farley Alloy Frameset - 2017,Mountain Bikes
1046,4,41,2,1469.99,0.1,2645.982,Haro Shift R3 - 2017,Mountain Bikes
1046,5,17,2,429,0.05,815.1,Pure Cycles Vine 8-Speed - 2016,Cruisers Bicycles
1047,1,28,2,2499.99,0.1,4499.982,Surly Karate Monkey 27.5+ Frameset - 2017,Mountain Bikes
1047,2,78,1,647.99,0.2,518.392,Sun Bicycles Biscayne Tandem CB - 2017,Cruisers Bicycles
1047,3,35,1,832.99,0.05,791.3405,Sun Bicycles Spider 3i - 2017,Mountain Bikes
1047,4,49,1,3499.99,0.05,3324.9905,Trek Domane SL 6 - 2017,Road Bikes
1048,1,3,2,999.99,0.1,1799.982,Surly Wednesday Frameset - 2016,Mountain Bikes
1048,2,37,1,379.99,0.1,341.991,Haro Flightline One ST - 2017,Mountain Bikes
1048,3,94,1,249.99,0.05,237.4905,Haro Shredder Pro 20 - 2017,Children Bicycles
1049,1,9,1,2999.99,0.1,2699.991,Trek Conduit+ - 2016,Electric Bikes
1049,2,36,2,832.99,0.05,1582.681,Surly Troll Frameset - 2017,Mountain Bikes
1049,3,3,1,999.99,0.1,899.991,Surly Wednesday Frameset - 2016,Mountain Bikes
1049,4,26,1,599.99,0.07,557.9907,Electra Townie Original 7D EQ - 2016,Comfort Bicycles
1049,5,10,2,1549,0.05,2943.1,Surly Straggler - 2016,Cyclocross Bicycles
1050,1,96,2,349.99,0.07,650.9814,Electra Moto 3i (20-inch) - Boy's - 2017,Children Bicycles
1050,2,99,2,299.99,0.1,539.982,Electra Sugar Skulls 1 (20-inch) - Girl's - 2017,Children Bicycles
1050,3,45,2,869.99,0.2,1391.984,Haro SR 1.2 - 2017,Mountain Bikes
1050,4,14,2,269.99,0.2,431.984,Electra Girl's Hawaii 1 (16-inch) - 2015/2016,Cruisers Bicycles
1051,1,46,1,1409.99,0.2,1127.992,Haro SR 1.3 - 2017,Mountain Bikes
1052,1,7,1,3999.99,0.05,3799.9905,Trek Slash 8 27.5 - 2016,Mountain Bikes
1052,2,103,1,551.99,0.05,524.3905,Sun Bicycles Streamway 3 - 2017,Comfort Bicycles
1052,3,26,2,599.99,0.07,1115.9814,Electra Townie Original 7D EQ - 2016,Comfort Bicycles
1053,1,49,2,3499.99,0.05,6649.981,Trek Domane SL 6 - 2017,Road Bikes
1053,2,26,2,599.99,0.2,959.984,Electra Townie Original 7D EQ - 2016,Comfort Bicycles
1053,3,23,2,299.99,0.2,479.984,Electra Girl's Hawaii 1 (20-inch) - 2015/2016,Children Bicycles
1053,4,68,1,449.99,0.1,404.991,Sun Bicycles Cruz 3 - 2017,Cruisers Bicycles
1053,5,73,2,749.99,0.05,1424.981,Sun Bicycles Brickell Tandem 7 - 2017,Cruisers Bicycles
1054,1,36,2,832.99,0.1,1499.382,Surly Troll Frameset - 2017,Mountain Bikes
1054,2,16,1,599.99,0.05,569.9905,Electra Townie Original 7D EQ - 2016,Cruisers Bicycles
1055,1,43,2,5299.99,0.07,9857.9814,Trek Fuel EX 9.8 27.5 Plus - 2017,Mountain Bikes
1055,2,101,2,339.99,0.2,543.984,Electra Townie 7D (20-inch) - Boys' - 2017,Children Bicycles
1055,3,12,2,549.99,0.1,989.982,Electra Townie Original 21D - 2016,Cruisers Bicycles
1055,4,83,2,149.99,0.1,269.982,Trek Boy's Kickster - 2015/2017,Children Bicycles
1055,5,60,1,1559.99,0.2,1247.992,Sun Bicycles ElectroLite - 2017,Electric Bikes
1056,1,3,1,999.99,0.05,949.9905,Surly Wednesday Frameset - 2016,Mountain Bikes
1057,1,105,1,533.99,0.2,427.192,Sun Bicycles Streamway 7 - 2017,Comfort Bicycles
1057,2,97,1,349.99,0.05,332.4905,Electra Savannah 3i (20-inch) - Girl's - 2017,Children Bicycles
1057,3,98,2,489.99,0.05,930.981,Electra Straight 8 3i (20-inch) - Boy's - 2017,Children Bicycles
1058,1,43,1,5299.99,0.1,4769.991,Trek Fuel EX 9.8 27.5 Plus - 2017,Mountain Bikes
1058,2,29,2,999.99,0.05,1899.981,Trek X-Caliber 8 - 2017,Mountain Bikes
1058,3,103,1,551.99,0.07,513.3507,Sun Bicycles Streamway 3 - 2017,Comfort Bicycles
1059,1,46,2,1409.99,0.05,2678.981,Haro SR 1.3 - 2017,Mountain Bikes
1059,2,7,1,3999.99,0.1,3599.991,Trek Slash 8 27.5 - 2016,Mountain Bikes
1059,3,13,1,269.99,0.07,251.0907,Electra Cruiser 1 (24-Inch) - 2016,Cruisers Bicycles
1060,1,7,1,3999.99,0.07,3719.9907,Trek Slash 8 27.5 - 2016,Mountain Bikes
1060,2,11,2,1680.99,0.07,3126.6414,Surly Straggler 650b - 2016,Cyclocross Bicycles
1060,3,61,2,4999.99,0.1,8999.982,Trek Powerfly 8 FS Plus - 2017,Electric Bikes
1060,4,30,2,999.99,0.05,1899.981,Surly Ice Cream Truck Frameset - 2017,Mountain Bikes
1061,1,14,1,269.99,0.07,251.0907,Electra Girl's Hawaii 1 (16-inch) - 2015/2016,Cruisers Bicycles
1061,2,19,1,449,0.1,404.1,Pure Cycles William 3-Speed - 2016,Cruisers Bicycles
1062,1,13,1,269.99,0.05,256.4905,Electra Cruiser 1 (24-Inch) - 2016,Cruisers Bicycles
1062,2,111,2,470.99,0.2,753.584,Sun Bicycles Drifter 7 - Women's - 2017,Comfort Bicycles
1062,3,5,1,1320.99,0.05,1254.9405,Heller Shagamaw Frame - 2016,Mountain Bikes
1062,4,12,1,549.99,0.2,439.992,Electra Townie Original 21D - 2016,Cruisers Bicycles
1063,1,33,2,469.99,0.1,845.982,Surly Wednesday Frameset - 2017,Mountain Bikes
1063,2,100,2,489.99,0.07,911.3814,Electra Townie 3i EQ (20-inch) - Boys' - 2017,Children Bicycles
1063,3,72,2,619.99,0.2,991.984,Sun Bicycles Biscayne Tandem 7 - 2017,Cruisers Bicycles
1064,1,18,1,449,0.07,417.57,Pure Cycles Western 3-Speed - Women's - 2015/2016,Cruisers Bicycles
1064,2,49,1,3499.99,0.1,3149.991,Trek Domane SL 6 - 2017,Road Bikes
1065,1,48,2,1499.99,0.07,2789.9814,Trek Emonda S 4 - 2017,Road Bikes
1065,2,103,2,551.99,0.05,1048.781,Sun Bicycles Streamway 3 - 2017,Comfort Bicycles
1065,3,63,1,3499.99,0.07,3254.9907,Trek Boone Race Shop Limited - 2017,Cyclocross Bicycles
1066,1,15,2,529.99,0.05,1006.981,Electra Moto 1 - 2016,Cruisers Bicycles
1066,2,46,1,1409.99,0.1,1268.991,Haro SR 1.3 - 2017,Mountain Bikes
1066,3,12,1,549.99,0.1,494.991,Electra Townie Original 21D - 2016,Cruisers Bicycles
1067,1,74,2,439.99,0.07,818.3814,Electra Cruiser Lux 1 - 2017,Cruisers Bicycles
1067,2,9,2,2999.99,0.2,4799.984,Trek Conduit+ - 2016,Electric Bikes
1067,3,72,2,619.99,0.1,1115.982,Sun Bicycles Biscayne Tandem 7 - 2017,Cruisers Bicycles
1067,4,6,2,469.99,0.2,751.984,Surly Ice Cream Truck Frameset - 2016,Mountain Bikes
1068,1,87,2,189.99,0.2,303.984,Trek Precaliber 12 Boys - 2017,Children Bicycles
1068,2,82,1,659.99,0.2,527.992,Electra Amsterdam Original 3i Ladies' - 2017,Cruisers Bicycles
1068,3,49,2,3499.99,0.2,5599.984,Trek Domane SL 6 - 2017,Road Bikes
1068,4,45,2,869.99,0.2,1391.984,Haro SR 1.2 - 2017,Mountain Bikes
1069,1,109,1,416.99,0.07,387.8007,Sun Bicycles Cruz 7 - Women's - 2017,Comfort Bicycles
1069,2,93,1,209.99,0.1,188.991,Haro Shredder 20 Girls - 2017,Children Bicycles
1070,1,110,1,470.99,0.2,376.792,Sun Bicycles Drifter 7 - 2017,Comfort Bicycles
1070,2,18,2,449,0.1,808.2,Pure Cycles Western 3-Speed - Women's - 2015/2016,Cruisers Bicycles
1070,3,94,1,249.99,0.05,237.4905,Haro Shredder Pro 20 - 2017,Children Bicycles
1071,1,25,2,499.99,0.2,799.984,Electra Townie Original 7D - 2015/2016,Comfort Bicycles
1072,1,83,1,149.99,0.2,119.992,Trek Boy's Kickster - 2015/2017,Children Bicycles
1072,2,89,2,209.99,0.07,390.5814,Trek Precaliber 16 Boys - 2017,Children Bicycles
1072,3,36,2,832.99,0.07,1549.3614,Surly Troll Frameset - 2017,Mountain Bikes
1073,1,81,1,1099.99,0.2,879.992,Electra Amsterdam Fashion 7i Ladies' - 2017,Cruisers Bicycles
1073,2,13,1,269.99,0.07,251.0907,Electra Cruiser 1 (24-Inch) - 2016,Cruisers Bicycles
1073,3,20,1,599.99,0.2,479.992,Electra Townie Original 7D EQ - Women's - 2016,Cruisers Bicycles
1074,1,59,1,2599.99,0.1,2339.991,Trek Domane S 5 Disc - 2017,Road Bikes
1074,2,87,1,189.99,0.07,176.6907,Trek Precaliber 12 Boys - 2017,Children Bicycles
1074,3,89,2,209.99,0.1,377.982,Trek Precaliber 16 Boys - 2017,Children Bicycles
1075,1,48,2,1499.99,0.1,2699.982,Trek Emonda S 4 - 2017,Road Bikes
1075,2,111,2,470.99,0.05,894.881,Sun Bicycles Drifter 7 - Women's - 2017,Comfort Bicycles
1076,1,95,1,299.99,0.1,269.991,"Electra Girl's Hawaii 1 16"" - 2017",Children Bicycles
1076,2,102,1,489.99,0.07,455.6907,Electra Townie Original 7D - 2017,Comfort Bicycles
1076,3,73,2,749.99,0.07,1394.9814,Sun Bicycles Brickell Tandem 7 - 2017,Cruisers Bicycles
1077,1,60,2,1559.99,0.05,2963.981,Sun Bicycles ElectroLite - 2017,Electric Bikes
1078,1,76,2,299.99,0.07,557.9814,"Electra Girl's Hawaii 1 16"" - 2017",Cruisers Bicycles
1078,2,60,2,1559.99,0.2,2495.984,Sun Bicycles ElectroLite - 2017,Electric Bikes
1078,3,15,1,529.99,0.07,492.8907,Electra Moto 1 - 2016,Cruisers Bicycles
1078,4,10,2,1549,0.1,2788.2,Surly Straggler - 2016,Cyclocross Bicycles
1078,5,72,2,619.99,0.2,991.984,Sun Bicycles Biscayne Tandem 7 - 2017,Cruisers Bicycles
1079,1,70,2,659.99,0.07,1227.5814,Electra Amsterdam Original 3i - 2015/2017,Cruisers Bicycles
1080,1,31,1,1632.99,0.2,1306.392,Surly Wednesday - 2017,Mountain Bikes
1080,2,40,1,4999.99,0.1,4499.991,Trek Fuel EX 9.8 29 - 2017,Mountain Bikes
1080,3,50,1,5999.99,0.05,5699.9905,Trek Silque SLR 7 Women's - 2017,Road Bikes
1080,4,32,2,469.99,0.2,751.984,Trek Farley Alloy Frameset - 2017,Mountain Bikes
1080,5,86,1,149.99,0.05,142.4905,Trek Girl's Kickster - 2017,Children Bicycles
1081,1,52,2,875.99,0.1,1576.782,Surly Steamroller - 2017,Road Bikes
1082,1,29,2,999.99,0.2,1599.984,Trek X-Caliber 8 - 2017,Mountain Bikes
1083,1,65,2,346.99,0.2,555.184,Sun Bicycles Lil Bolt Type-R - 2017,Cruisers Bicycles
1083,2,77,2,799.99,0.1,1439.982,Electra Glam Punk 3i Ladies' - 2017,Cruisers Bicycles
1083,3,61,1,4999.99,0.07,4649.9907,Trek Powerfly 8 FS Plus - 2017,Electric Bikes
1083,4,33,1,469.99,0.2,375.992,Surly Wednesday Frameset - 2017,Mountain Bikes
1084,1,30,1,999.99,0.05,949.9905,Surly Ice Cream Truck Frameset - 2017,Mountain Bikes
1084,2,70,1,659.99,0.05,626.9905,Electra Amsterdam Original 3i - 2015/2017,Cruisers Bicycles
1084,3,98,2,489.99,0.2,783.984,Electra Straight 8 3i (20-inch) - Boy's - 2017,Children Bicycles
1084,4,65,2,346.99,0.07,645.4014,Sun Bicycles Lil Bolt Type-R - 2017,Cruisers Bicycles
1084,5,60,1,1559.99,0.1,1403.991,Sun Bicycles ElectroLite - 2017,Electric Bikes
1085,1,66,2,250.99,0.2,401.584,Sun Bicycles Revolutions 24 - 2017,Cruisers Bicycles
1085,2,64,1,489.99,0.1,440.991,Electra Townie Original 7D - 2017,Cruisers Bicycles
1085,3,74,1,439.99,0.1,395.991,Electra Cruiser Lux 1 - 2017,Cruisers Bicycles
1086,1,108,1,449.99,0.07,418.4907,Sun Bicycles Cruz 3 - Women's - 2017,Comfort Bicycles
1086,2,67,1,250.99,0.1,225.891,Sun Bicycles Revolutions 24 - Girl's - 2017,Cruisers Bicycles
1086,3,81,2,1099.99,0.05,2089.981,Electra Amsterdam Fashion 7i Ladies' - 2017,Cruisers Bicycles
1086,4,10,2,1549,0.07,2881.14,Surly Straggler - 2016,Cyclocross Bicycles
1086,5,5,1,1320.99,0.2,1056.792,Heller Shagamaw Frame - 2016,Mountain Bikes
1087,1,15,1,529.99,0.07,492.8907,Electra Moto 1 - 2016,Cruisers Bicycles
1087,2,102,2,489.99,0.07,911.3814,Electra Townie Original 7D - 2017,Comfort Bicycles
1087,3,59,2,2599.99,0.1,4679.982,Trek Domane S 5 Disc - 2017,Road Bikes
1087,4,13,2,269.99,0.07,502.1814,Electra Cruiser 1 (24-Inch) - 2016,Cruisers Bicycles
1087,5,109,2,416.99,0.2,667.184,Sun Bicycles Cruz 7 - Women's - 2017,Comfort Bicycles
1088,1,64,1,489.99,0.1,440.991,Electra Townie Original 7D - 2017,Cruisers Bicycles
1088,2,30,1,999.99,0.1,899.991,Surly Ice Cream Truck Frameset - 2017,Mountain Bikes
1088,3,33,1,469.99,0.07,437.0907,Surly Wednesday Frameset - 2017,Mountain Bikes
1088,4,36,2,832.99,0.2,1332.784,Surly Troll Frameset - 2017,Mountain Bikes
1089,1,70,2,659.99,0.07,1227.5814,Electra Amsterdam Original 3i - 2015/2017,Cruisers Bicycles
1089,2,30,2,999.99,0.05,1899.981,Surly Ice Cream Truck Frameset - 2017,Mountain Bikes
1090,1,74,1,439.99,0.2,351.992,Electra Cruiser Lux 1 - 2017,Cruisers Bicycles
1091,1,97,1,349.99,0.05,332.4905,Electra Savannah 3i (20-inch) - Girl's - 2017,Children Bicycles
1091,2,56,1,5499.99,0.1,4949.991,Trek Domane SLR 6 Disc - 2017,Road Bikes
1091,3,19,1,449,0.1,404.1,Pure Cycles William 3-Speed - 2016,Cruisers Bicycles
1092,1,34,1,469.99,0.05,446.4905,Trek Session DH 27.5 Carbon Frameset - 2017,Mountain Bikes
1092,2,30,2,999.99,0.07,1859.9814,Surly Ice Cream Truck Frameset - 2017,Mountain Bikes
1092,3,2,2,749.99,0.1,1349.982,Ritchey Timberwolf Frameset - 2016,Mountain Bikes
1092,4,18,1,449,0.2,359.2,Pure Cycles Western 3-Speed - Women's - 2015/2016,Cruisers Bicycles
1093,1,45,2,869.99,0.07,1618.1814,Haro SR 1.2 - 2017,Mountain Bikes
1093,2,17,2,429,0.1,772.2,Pure Cycles Vine 8-Speed - 2016,Cruisers Bicycles
1093,3,90,2,209.99,0.1,377.982,Trek Precaliber 16 Girls - 2017,Children Bicycles
1094,1,71,1,416.99,0.1,375.291,Sun Bicycles Atlas X-Type - 2017,Cruisers Bicycles
1094,2,11,1,1680.99,0.1,1512.891,Surly Straggler 650b - 2016,Cyclocross Bicycles
1094,3,24,1,549.99,0.1,494.991,Electra Townie Original 21D - 2016,Comfort Bicycles
1094,4,107,1,416.99,0.2,333.592,Sun Bicycles Cruz 7 - 2017,Comfort Bicycles
1095,1,78,2,647.99,0.05,1231.181,Sun Bicycles Biscayne Tandem CB - 2017,Cruisers Bicycles
1095,2,3,2,999.99,0.2,1599.984,Surly Wednesday Frameset - 2016,Mountain Bikes
1095,3,15,2,529.99,0.1,953.982,Electra Moto 1 - 2016,Cruisers Bicycles
1095,4,31,1,1632.99,0.2,1306.392,Surly Wednesday - 2017,Mountain Bikes
1095,5,50,2,5999.99,0.05,11399.981,Trek Silque SLR 7 Women's - 2017,Road Bikes
1096,1,11,1,1680.99,0.1,1512.891,Surly Straggler 650b - 2016,Cyclocross Bicycles
1097,1,99,1,299.99,0.05,284.9905,Electra Sugar Skulls 1 (20-inch) - Girl's - 2017,Children Bicycles
1097,2,106,2,449.99,0.07,836.9814,Sun Bicycles Cruz 3 - 2017,Comfort Bicycles
1097,3,98,2,489.99,0.07,911.3814,Electra Straight 8 3i (20-inch) - Boy's - 2017,Children Bicycles
1097,4,19,1,449,0.2,359.2,Pure Cycles William 3-Speed - 2016,Cruisers Bicycles
1097,5,35,2,832.99,0.05,1582.681,Sun Bicycles Spider 3i - 2017,Mountain Bikes
1098,1,88,1,189.99,0.1,170.991,Trek Precaliber 12 Girls - 2017,Children Bicycles
1099,1,64,1,489.99,0.1,440.991,Electra Townie Original 7D - 2017,Cruisers Bicycles
1099,2,13,2,269.99,0.05,512.981,Electra Cruiser 1 (24-Inch) - 2016,Cruisers Bicycles
1099,3,46,1,1409.99,0.07,1311.2907,Haro SR 1.3 - 2017,Mountain Bikes
1099,4,89,2,209.99,0.1,377.982,Trek Precaliber 16 Boys - 2017,Children Bicycles
1100,1,12,1,549.99,0.05,522.4905,Electra Townie Original 21D - 2016,Cruisers Bicycles
1100,2,9,2,2999.99,0.1,5399.982,Trek Conduit+ - 2016,Electric Bikes
1101,1,105,1,533.99,0.07,496.6107,Sun Bicycles Streamway 7 - 2017,Comfort Bicycles
1101,2,51,1,6499.99,0.05,6174.9905,Trek Silque SLR 8 Women's - 2017,Road Bikes
1102,1,91,1,349.99,0.07,325.4907,Trek Precaliber 24 (21-Speed) - Girls - 2017,Children Bicycles
1103,1,106,1,449.99,0.2,359.992,Sun Bicycles Cruz 3 - 2017,Comfort Bicycles
1103,2,46,2,1409.99,0.2,2255.984,Haro SR 1.3 - 2017,Mountain Bikes
1104,1,17,1,429,0.1,386.1,Pure Cycles Vine 8-Speed - 2016,Cruisers Bicycles
1104,2,70,2,659.99,0.1,1187.982,Electra Amsterdam Original 3i - 2015/2017,Cruisers Bicycles
1104,3,43,1,5299.99,0.07,4928.9907,Trek Fuel EX 9.8 27.5 Plus - 2017,Mountain Bikes
1104,4,80,1,761.99,0.07,708.6507,Sun Bicycles Brickell Tandem CB - 2017,Cruisers Bicycles
1105,1,60,1,1559.99,0.05,1481.9905,Sun Bicycles ElectroLite - 2017,Electric Bikes
1105,2,56,2,5499.99,0.2,8799.984,Trek Domane SLR 6 Disc - 2017,Road Bikes
1105,3,35,2,832.99,0.07,1549.3614,Sun Bicycles Spider 3i - 2017,Mountain Bikes
1106,1,96,1,349.99,0.1,314.991,Electra Moto 3i (20-inch) - Boy's - 2017,Children Bicycles
1107,1,43,1,5299.99,0.2,4239.992,Trek Fuel EX 9.8 27.5 Plus - 2017,Mountain Bikes
1107,2,41,2,1469.99,0.2,2351.984,Haro Shift R3 - 2017,Mountain Bikes
1108,1,45,2,869.99,0.05,1652.981,Haro SR 1.2 - 2017,Mountain Bikes
1108,2,100,1,489.99,0.07,455.6907,Electra Townie 3i EQ (20-inch) - Boys' - 2017,Children Bicycles
1108,3,105,1,533.99,0.07,496.6107,Sun Bicycles Streamway 7 - 2017,Comfort Bicycles
1109,1,72,2,619.99,0.1,1115.982,Sun Bicycles Biscayne Tandem 7 - 2017,Cruisers Bicycles
1110,1,56,1,5499.99,0.1,4949.991,Trek Domane SLR 6 Disc - 2017,Road Bikes
1111,1,95,1,299.99,0.05,284.9905,"Electra Girl's Hawaii 1 16"" - 2017",Children Bicycles
1111,2,66,2,250.99,0.1,451.782,Sun Bicycles Revolutions 24 - 2017,Cruisers Bicycles
1111,3,14,1,269.99,0.2,215.992,Electra Girl's Hawaii 1 (16-inch) - 2015/2016,Cruisers Bicycles
1111,4,24,1,549.99,0.07,511.4907,Electra Townie Original 21D - 2016,Comfort Bicycles
1112,1,71,2,416.99,0.05,792.281,Sun Bicycles Atlas X-Type - 2017,Cruisers Bicycles
1112,2,42,1,2299.99,0.07,2138.9907,Trek Fuel EX 5 27.5 Plus - 2017,Mountain Bikes
1112,3,5,2,1320.99,0.1,2377.782,Heller Shagamaw Frame - 2016,Mountain Bikes
1112,4,87,2,189.99,0.07,353.3814,Trek Precaliber 12 Boys - 2017,Children Bicycles
1112,5,9,2,2999.99,0.1,5399.982,Trek Conduit+ - 2016,Electric Bikes
1113,1,106,1,449.99,0.07,418.4907,Sun Bicycles Cruz 3 - 2017,Comfort Bicycles
1114,1,52,1,875.99,0.2,700.792,Surly Steamroller - 2017,Road Bikes
1115,1,97,2,349.99,0.2,559.984,Electra Savannah 3i (20-inch) - Girl's - 2017,Children Bicycles
1115,2,50,2,5999.99,0.07,11159.9814,Trek Silque SLR 7 Women's - 2017,Road Bikes
1115,3,91,2,349.99,0.07,650.9814,Trek Precaliber 24 (21-Speed) - Girls - 2017,Children Bicycles
1115,4,49,2,3499.99,0.1,6299.982,Trek Domane SL 6 - 2017,Road Bikes
1116,1,11,2,1680.99,0.07,3126.6414,Surly Straggler 650b - 2016,Cyclocross Bicycles
1117,1,37,2,379.99,0.1,683.982,Haro Flightline One ST - 2017,Mountain Bikes
1117,2,91,1,349.99,0.2,279.992,Trek Precaliber 24 (21-Speed) - Girls - 2017,Children Bicycles
1117,3,51,2,6499.99,0.1,11699.982,Trek Silque SLR 8 Women's - 2017,Road Bikes
1118,1,55,2,2699.99,0.2,4319.984,Trek Domane S 6 - 2017,Road Bikes
1118,2,50,1,5999.99,0.07,5579.9907,Trek Silque SLR 7 Women's - 2017,Road Bikes
1118,3,29,1,999.99,0.05,949.9905,Trek X-Caliber 8 - 2017,Mountain Bikes
1118,4,47,2,5299.99,0.2,8479.984,Trek Remedy 9.8 - 2017,Mountain Bikes
1119,1,93,2,209.99,0.1,377.982,Haro Shredder 20 Girls - 2017,Children Bicycles
1119,2,55,2,2699.99,0.05,5129.981,Trek Domane S 6 - 2017,Road Bikes
1119,3,104,1,481.99,0.2,385.592,Sun Bicycles Streamway - 2017,Comfort Bicycles
1120,1,92,2,209.99,0.07,390.5814,Haro Shredder 20 - 2017,Children Bicycles
1120,2,31,1,1632.99,0.07,1518.6807,Surly Wednesday - 2017,Mountain Bikes
1120,3,30,2,999.99,0.05,1899.981,Surly Ice Cream Truck Frameset - 2017,Mountain Bikes
1120,4,93,1,209.99,0.07,195.2907,Haro Shredder 20 Girls - 2017,Children Bicycles
1120,5,94,1,249.99,0.2,199.992,Haro Shredder Pro 20 - 2017,Children Bicycles
1121,1,11,2,1680.99,0.1,3025.782,Surly Straggler 650b - 2016,Cyclocross Bicycles
1121,2,110,2,470.99,0.05,894.881,Sun Bicycles Drifter 7 - 2017,Comfort Bicycles
1122,1,9,2,2999.99,0.07,5579.9814,Trek Conduit+ - 2016,Electric Bikes
1122,2,53,1,749.99,0.1,674.991,Surly Ogre Frameset - 2017,Road Bikes
1122,3,49,2,3499.99,0.2,5599.984,Trek Domane SL 6 - 2017,Road Bikes
1122,4,41,2,1469.99,0.05,2792.981,Haro Shift R3 - 2017,Mountain Bikes
1122,5,72,1,619.99,0.1,557.991,Sun Bicycles Biscayne Tandem 7 - 2017,Cruisers Bicycles
1123,1,65,2,346.99,0.07,645.4014,Sun Bicycles Lil Bolt Type-R - 2017,Cruisers Bicycles
1123,2,61,2,4999.99,0.1,8999.982,Trek Powerfly 8 FS Plus - 2017,Electric Bikes
1124,1,7,2,3999.99,0.1,7199.982,Trek Slash 8 27.5 - 2016,Mountain Bikes
1124,2,6,1,469.99,0.1,422.991,Surly Ice Cream Truck Frameset - 2016,Mountain Bikes
1124,3,109,2,416.99,0.07,775.6014,Sun Bicycles Cruz 7 - Women's - 2017,Comfort Bicycles
1124,4,45,2,869.99,0.05,1652.981,Haro SR 1.2 - 2017,Mountain Bikes
1124,5,2,2,749.99,0.05,1424.981,Ritchey Timberwolf Frameset - 2016,Mountain Bikes
1125,1,16,2,599.99,0.05,1139.981,Electra Townie Original 7D EQ - 2016,Cruisers Bicycles
1125,2,21,1,269.99,0.1,242.991,Electra Cruiser 1 (24-Inch) - 2016,Children Bicycles
1125,3,81,2,1099.99,0.07,2045.9814,Electra Amsterdam Fashion 7i Ladies' - 2017,Cruisers Bicycles
1125,4,24,1,549.99,0.07,511.4907,Electra Townie Original 21D - 2016,Comfort Bicycles
1125,5,32,2,469.99,0.07,874.1814,Trek Farley Alloy Frameset - 2017,Mountain Bikes
1126,1,33,2,469.99,0.1,845.982,Surly Wednesday Frameset - 2017,Mountain Bikes
1126,2,58,1,4999.99,0.2,3999.992,Trek Madone 9.2 - 2017,Road Bikes
1126,3,89,2,209.99,0.05,398.981,Trek Precaliber 16 Boys - 2017,Children Bicycles
1127,1,23,2,299.99,0.1,539.982,Electra Girl's Hawaii 1 (20-inch) - 2015/2016,Children Bicycles
1127,2,96,2,349.99,0.07,650.9814,Electra Moto 3i (20-inch) - Boy's - 2017,Children Bicycles
1127,3,37,1,379.99,0.2,303.992,Haro Flightline One ST - 2017,Mountain Bikes
1128,1,44,1,539.99,0.05,512.9905,Haro SR 1.1 - 2017,Mountain Bikes
1128,2,10,1,1549,0.2,1239.2,Surly Straggler - 2016,Cyclocross Bicycles
1128,3,65,2,346.99,0.05,659.281,Sun Bicycles Lil Bolt Type-R - 2017,Cruisers Bicycles
1129,1,71,2,416.99,0.2,667.184,Sun Bicycles Atlas X-Type - 2017,Cruisers Bicycles
1129,2,56,1,5499.99,0.2,4399.992,Trek Domane SLR 6 Disc - 2017,Road Bikes
1129,3,61,2,4999.99,0.05,9499.981,Trek Powerfly 8 FS Plus - 2017,Electric Bikes
1130,1,54,2,3199.99,0.2,5119.984,Trek Domane SL Disc Frameset - 2017,Road Bikes
1131,1,60,2,1559.99,0.07,2901.5814,Sun Bicycles ElectroLite - 2017,Electric Bikes
1131,2,103,2,551.99,0.05,1048.781,Sun Bicycles Streamway 3 - 2017,Comfort Bicycles
1132,1,43,1,5299.99,0.05,5034.9905,Trek Fuel EX 9.8 27.5 Plus - 2017,Mountain Bikes
1132,2,10,1,1549,0.1,1394.1,Surly Straggler - 2016,Cyclocross Bicycles
1132,3,36,2,832.99,0.1,1499.382,Surly Troll Frameset - 2017,Mountain Bikes
1132,4,16,1,599.99,0.05,569.9905,Electra Townie Original 7D EQ - 2016,Cruisers Bicycles
1133,1,4,2,2899.99,0.05,5509.981,Trek Fuel EX 8 29 - 2016,Mountain Bikes
1133,2,17,1,429,0.07,398.97,Pure Cycles Vine 8-Speed - 2016,Cruisers Bicycles
1133,3,90,2,209.99,0.2,335.984,Trek Precaliber 16 Girls - 2017,Children Bicycles
1133,4,62,1,3499.99,0.2,2799.992,Trek Boone 7 - 2017,Cyclocross Bicycles
1134,1,97,1,349.99,0.1,314.991,Electra Savannah 3i (20-inch) - Girl's - 2017,Children Bicycles
1134,2,36,1,832.99,0.1,749.691,Surly Troll Frameset - 2017,Mountain Bikes
1135,1,101,2,339.99,0.05,645.981,Electra Townie 7D (20-inch) - Boys' - 2017,Children Bicycles
1135,2,51,1,6499.99,0.1,5849.991,Trek Silque SLR 8 Women's - 2017,Road Bikes
1136,1,105,1,533.99,0.1,480.591,Sun Bicycles Streamway 7 - 2017,Comfort Bicycles
1137,1,28,1,2499.99,0.2,1999.992,Surly Karate Monkey 27.5+ Frameset - 2017,Mountain Bikes
1137,2,58,2,4999.99,0.2,7999.984,Trek Madone 9.2 - 2017,Road Bikes
1137,3,84,2,109.99,0.2,175.984,Sun Bicycles Lil Kitt'n - 2017,Children Bicycles
1137,4,69,2,416.99,0.07,775.6014,Sun Bicycles Cruz 7 - 2017,Cruisers Bicycles
1138,1,13,2,269.99,0.05,512.981,Electra Cruiser 1 (24-Inch) - 2016,Cruisers Bicycles
1138,2,105,2,533.99,0.05,1014.581,Sun Bicycles Streamway 7 - 2017,Comfort Bicycles
1138,3,93,1,209.99,0.1,188.991,Haro Shredder 20 Girls - 2017,Children Bicycles
1139,1,106,2,449.99,0.05,854.981,Sun Bicycles Cruz 3 - 2017,Comfort Bicycles
1139,2,44,2,539.99,0.1,971.982,Haro SR 1.1 - 2017,Mountain Bikes
1139,3,69,1,416.99,0.05,396.1405,Sun Bicycles Cruz 7 - 2017,Cruisers Bicycles
1139,4,25,2,499.99,0.1,899.982,Electra Townie Original 7D - 2015/2016,Comfort Bicycles
1139,5,7,1,3999.99,0.1,3599.991,Trek Slash 8 27.5 - 2016,Mountain Bikes
1140,1,39,2,1499.99,0.1,2699.982,Trek Stache 5 - 2017,Mountain Bikes
1140,2,71,2,416.99,0.07,775.6014,Sun Bicycles Atlas X-Type - 2017,Cruisers Bicycles
1140,3,38,2,549.99,0.1,989.982,Haro Flightline Two 26 Plus - 2017,Mountain Bikes
1140,4,40,2,4999.99,0.07,9299.9814,Trek Fuel EX 9.8 29 - 2017,Mountain Bikes
1141,1,8,1,1799.99,0.1,1619.991,Trek Remedy 29 Carbon Frameset - 2016,Mountain Bikes
1142,1,20,2,599.99,0.07,1115.9814,Electra Townie Original 7D EQ - Women's - 2016,Cruisers Bicycles
1142,2,30,1,999.99,0.1,899.991,Surly Ice Cream Truck Frameset - 2017,Mountain Bikes
1142,3,109,2,416.99,0.05,792.281,Sun Bicycles Cruz 7 - Women's - 2017,Comfort Bicycles
1142,4,108,2,449.99,0.2,719.984,Sun Bicycles Cruz 3 - Women's - 2017,Comfort Bicycles
1142,5,100,2,489.99,0.05,930.981,Electra Townie 3i EQ (20-inch) - Boys' - 2017,Children Bicycles
1143,1,99,1,299.99,0.2,239.992,Electra Sugar Skulls 1 (20-inch) - Girl's - 2017,Children Bicycles
1143,2,48,1,1499.99,0.2,1199.992,Trek Emonda S 4 - 2017,Road Bikes
1143,3,69,2,416.99,0.1,750.582,Sun Bicycles Cruz 7 - 2017,Cruisers Bicycles
1144,1,88,1,189.99,0.07,176.6907,Trek Precaliber 12 Girls - 2017,Children Bicycles
1145,1,105,2,533.99,0.07,993.2214,Sun Bicycles Streamway 7 - 2017,Comfort Bicycles
1146,1,36,1,832.99,0.07,774.6807,Surly Troll Frameset - 2017,Mountain Bikes
1146,2,64,1,489.99,0.2,391.992,Electra Townie Original 7D - 2017,Cruisers Bicycles
1146,3,11,1,1680.99,0.2,1344.792,Surly Straggler 650b - 2016,Cyclocross Bicycles
1147,1,82,1,659.99,0.2,527.992,Electra Amsterdam Original 3i Ladies' - 2017,Cruisers Bicycles
1147,2,39,2,1499.99,0.05,2849.981,Trek Stache 5 - 2017,Mountain Bikes
1148,1,82,1,659.99,0.07,613.7907,Electra Amsterdam Original 3i Ladies' - 2017,Cruisers Bicycles
1148,2,22,1,269.99,0.07,251.0907,Electra Girl's Hawaii 1 (16-inch) - 2015/2016,Children Bicycles
1148,3,77,2,799.99,0.05,1519.981,Electra Glam Punk 3i Ladies' - 2017,Cruisers Bicycles
1148,4,94,2,249.99,0.1,449.982,Haro Shredder Pro 20 - 2017,Children Bicycles
1149,1,98,2,489.99,0.07,911.3814,Electra Straight 8 3i (20-inch) - Boy's - 2017,Children Bicycles
1149,2,48,1,1499.99,0.05,1424.9905,Trek Emonda S 4 - 2017,Road Bikes
1149,3,58,1,4999.99,0.05,4749.9905,Trek Madone 9.2 - 2017,Road Bikes
1149,4,85,1,329.99,0.2,263.992,Haro Downtown 16 - 2017,Children Bicycles
1149,5,94,1,249.99,0.1,224.991,Haro Shredder Pro 20 - 2017,Children Bicycles
1150,1,29,1,999.99,0.05,949.9905,Trek X-Caliber 8 - 2017,Mountain Bikes
1150,2,91,1,349.99,0.05,332.4905,Trek Precaliber 24 (21-Speed) - Girls - 2017,Children Bicycles
1150,3,104,2,481.99,0.07,896.5014,Sun Bicycles Streamway - 2017,Comfort Bicycles
1150,4,21,2,269.99,0.1,485.982,Electra Cruiser 1 (24-Inch) - 2016,Children Bicycles
1151,1,30,2,999.99,0.05,1899.981,Surly Ice Cream Truck Frameset - 2017,Mountain Bikes
1152,1,58,1,4999.99,0.07,4649.9907,Trek Madone 9.2 - 2017,Road Bikes
1152,2,91,2,349.99,0.2,559.984,Trek Precaliber 24 (21-Speed) - Girls - 2017,Children Bicycles
1152,3,24,1,549.99,0.05,522.4905,Electra Townie Original 21D - 2016,Comfort Bicycles
1153,1,103,1,551.99,0.1,496.791,Sun Bicycles Streamway 3 - 2017,Comfort Bicycles
1153,2,6,2,469.99,0.05,892.981,Surly Ice Cream Truck Frameset - 2016,Mountain Bikes
1154,1,17,1,429,0.2,343.2,Pure Cycles Vine 8-Speed - 2016,Cruisers Bicycles
1154,2,60,1,1559.99,0.07,1450.7907,Sun Bicycles ElectroLite - 2017,Electric Bikes
1154,3,67,2,250.99,0.2,401.584,Sun Bicycles Revolutions 24 - Girl's - 2017,Cruisers Bicycles
1155,1,68,2,449.99,0.05,854.981,Sun Bicycles Cruz 3 - 2017,Cruisers Bicycles
1155,2,6,2,469.99,0.1,845.982,Surly Ice Cream Truck Frameset - 2016,Mountain Bikes
1155,3,35,1,832.99,0.07,774.6807,Sun Bicycles Spider 3i - 2017,Mountain Bikes
1155,4,77,2,799.99,0.05,1519.981,Electra Glam Punk 3i Ladies' - 2017,Cruisers Bicycles
1156,1,111,2,470.99,0.05,894.881,Sun Bicycles Drifter 7 - Women's - 2017,Comfort Bicycles
1156,2,86,1,149.99,0.05,142.4905,Trek Girl's Kickster - 2017,Children Bicycles
1157,1,20,1,599.99,0.1,539.991,Electra Townie Original 7D EQ - Women's - 2016,Cruisers Bicycles
1157,2,31,2,1632.99,0.1,2939.382,Surly Wednesday - 2017,Mountain Bikes
1157,3,37,2,379.99,0.2,607.984,Haro Flightline One ST - 2017,Mountain Bikes
1157,4,41,1,1469.99,0.07,1367.0907,Haro Shift R3 - 2017,Mountain Bikes
1158,1,95,2,299.99,0.1,539.982,"Electra Girl's Hawaii 1 16"" - 2017",Children Bicycles
1158,2,74,1,439.99,0.07,409.1907,Electra Cruiser Lux 1 - 2017,Cruisers Bicycles
1159,1,12,2,549.99,0.1,989.982,Electra Townie Original 21D - 2016,Cruisers Bicycles
1160,1,41,1,1469.99,0.1,1322.991,Haro Shift R3 - 2017,Mountain Bikes
1160,2,9,1,2999.99,0.2,2399.992,Trek Conduit+ - 2016,Electric Bikes
1161,1,71,2,416.99,0.1,750.582,Sun Bicycles Atlas X-Type - 2017,Cruisers Bicycles
1161,2,38,1,549.99,0.07,511.4907,Haro Flightline Two 26 Plus - 2017,Mountain Bikes
1161,3,22,1,269.99,0.2,215.992,Electra Girl's Hawaii 1 (16-inch) - 2015/2016,Children Bicycles
1161,4,29,2,999.99,0.1,1799.982,Trek X-Caliber 8 - 2017,Mountain Bikes
1162,1,88,1,189.99,0.2,151.992,Trek Precaliber 12 Girls - 2017,Children Bicycles
1162,2,40,2,4999.99,0.2,7999.984,Trek Fuel EX 9.8 29 - 2017,Mountain Bikes
1162,3,86,1,149.99,0.1,134.991,Trek Girl's Kickster - 2017,Children Bicycles
1162,4,41,1,1469.99,0.05,1396.4905,Haro Shift R3 - 2017,Mountain Bikes
1162,5,12,2,549.99,0.05,1044.981,Electra Townie Original 21D - 2016,Cruisers Bicycles
1163,1,63,2,3499.99,0.05,6649.981,Trek Boone Race Shop Limited - 2017,Cyclocross Bicycles
1163,2,53,2,749.99,0.1,1349.982,Surly Ogre Frameset - 2017,Road Bikes
1164,1,8,1,1799.99,0.2,1439.992,Trek Remedy 29 Carbon Frameset - 2016,Mountain Bikes
1164,2,78,1,647.99,0.05,615.5905,Sun Bicycles Biscayne Tandem CB - 2017,Cruisers Bicycles
1164,3,103,2,551.99,0.05,1048.781,Sun Bicycles Streamway 3 - 2017,Comfort Bicycles
1164,4,44,2,539.99,0.05,1025.981,Haro SR 1.1 - 2017,Mountain Bikes
1165,1,65,2,346.99,0.07,645.4014,Sun Bicycles Lil Bolt Type-R - 2017,Cruisers Bicycles
1165,2,68,1,449.99,0.07,418.4907,Sun Bicycles Cruz 3 - 2017,Cruisers Bicycles
1166,1,103,2,551.99,0.07,1026.7014,Sun Bicycles Streamway 3 - 2017,Comfort Bicycles
1167,1,29,2,999.99,0.05,1899.981,Trek X-Caliber 8 - 2017,Mountain Bikes
1167,2,81,2,1099.99,0.1,1979.982,Electra Amsterdam Fashion 7i Ladies' - 2017,Cruisers Bicycles
1167,3,68,1,449.99,0.07,418.4907,Sun Bicycles Cruz 3 - 2017,Cruisers Bicycles
1168,1,23,2,299.99,0.1,539.982,Electra Girl's Hawaii 1 (20-inch) - 2015/2016,Children Bicycles
1168,2,82,1,659.99,0.2,527.992,Electra Amsterdam Original 3i Ladies' - 2017,Cruisers Bicycles
1168,3,51,1,6499.99,0.07,6044.9907,Trek Silque SLR 8 Women's - 2017,Road Bikes
1168,4,107,2,416.99,0.2,667.184,Sun Bicycles Cruz 7 - 2017,Comfort Bicycles
1168,5,15,2,529.99,0.05,1006.981,Electra Moto 1 - 2016,Cruisers Bicycles
1169,1,91,2,349.99,0.2,559.984,Trek Precaliber 24 (21-Speed) - Girls - 2017,Children Bicycles
1169,2,51,1,6499.99,0.05,6174.9905,Trek Silque SLR 8 Women's - 2017,Road Bikes
1169,3,58,2,4999.99,0.1,8999.982,Trek Madone 9.2 - 2017,Road Bikes
1169,4,81,2,1099.99,0.2,1759.984,Electra Amsterdam Fashion 7i Ladies' - 2017,Cruisers Bicycles
1170,1,15,1,529.99,0.1,476.991,Electra Moto 1 - 2016,Cruisers Bicycles
1170,2,47,2,5299.99,0.05,10069.981,Trek Remedy 9.8 - 2017,Mountain Bikes
1170,3,62,2,3499.99,0.1,6299.982,Trek Boone 7 - 2017,Cyclocross Bicycles
1171,1,94,2,249.99,0.2,399.984,Haro Shredder Pro 20 - 2017,Children Bicycles
1171,2,92,2,209.99,0.07,390.5814,Haro Shredder 20 - 2017,Children Bicycles
1171,3,10,2,1549,0.07,2881.14,Surly Straggler - 2016,Cyclocross Bicycles
1172,1,78,2,647.99,0.07,1205.2614,Sun Bicycles Biscayne Tandem CB - 2017,Cruisers Bicycles
1172,2,104,1,481.99,0.2,385.592,Sun Bicycles Streamway - 2017,Comfort Bicycles
1173,1,95,1,299.99,0.2,239.992,"Electra Girl's Hawaii 1 16"" - 2017",Children Bicycles
1173,2,17,1,429,0.07,398.97,Pure Cycles Vine 8-Speed - 2016,Cruisers Bicycles
1173,3,68,1,449.99,0.05,427.4905,Sun Bicycles Cruz 3 - 2017,Cruisers Bicycles
1173,4,103,2,551.99,0.2,883.184,Sun Bicycles Streamway 3 - 2017,Comfort Bicycles
1174,1,110,2,470.99,0.2,753.584,Sun Bicycles Drifter 7 - 2017,Comfort Bicycles
1174,2,6,1,469.99,0.07,437.0907,Surly Ice Cream Truck Frameset - 2016,Mountain Bikes
1174,3,106,1,449.99,0.1,404.991,Sun Bicycles Cruz 3 - 2017,Comfort Bicycles
1175,1,58,2,4999.99,0.07,9299.9814,Trek Madone 9.2 - 2017,Road Bikes
1175,2,65,1,346.99,0.2,277.592,Sun Bicycles Lil Bolt Type-R - 2017,Cruisers Bicycles
1175,3,20,1,599.99,0.05,569.9905,Electra Townie Original 7D EQ - Women's - 2016,Cruisers Bicycles
1175,4,3,1,999.99,0.05,949.9905,Surly Wednesday Frameset - 2016,Mountain Bikes
1175,5,9,1,2999.99,0.05,2849.9905,Trek Conduit+ - 2016,Electric Bikes
1176,1,87,1,189.99,0.1,170.991,Trek Precaliber 12 Boys - 2017,Children Bicycles
1177,1,62,2,3499.99,0.07,6509.9814,Trek Boone 7 - 2017,Cyclocross Bicycles
1177,2,74,1,439.99,0.1,395.991,Electra Cruiser Lux 1 - 2017,Cruisers Bicycles
1178,1,46,1,1409.99,0.07,1311.2907,Haro SR 1.3 - 2017,Mountain Bikes
1178,2,77,1,799.99,0.2,639.992,Electra Glam Punk 3i Ladies' - 2017,Cruisers Bicycles
1178,3,108,1,449.99,0.05,427.4905,Sun Bicycles Cruz 3 - Women's - 2017,Comfort Bicycles
1178,4,13,2,269.99,0.05,512.981,Electra Cruiser 1 (24-Inch) - 2016,Cruisers Bicycles
1179,1,93,2,209.99,0.05,398.981,Haro Shredder 20 Girls - 2017,Children Bicycles
1179,2,88,2,189.99,0.05,360.981,Trek Precaliber 12 Girls - 2017,Children Bicycles
1179,3,33,2,469.99,0.2,751.984,Surly Wednesday Frameset - 2017,Mountain Bikes
1179,4,50,1,5999.99,0.07,5579.9907,Trek Silque SLR 7 Women's - 2017,Road Bikes
1180,1,66,2,250.99,0.07,466.8414,Sun Bicycles Revolutions 24 - 2017,Cruisers Bicycles
1181,1,98,1,489.99,0.1,440.991,Electra Straight 8 3i (20-inch) - Boy's - 2017,Children Bicycles
1182,1,35,1,832.99,0.1,749.691,Sun Bicycles Spider 3i - 2017,Mountain Bikes
1182,2,49,2,3499.99,0.1,6299.982,Trek Domane SL 6 - 2017,Road Bikes
1183,1,63,1,3499.99,0.2,2799.992,Trek Boone Race Shop Limited - 2017,Cyclocross Bicycles
1183,2,80,2,761.99,0.2,1219.184,Sun Bicycles Brickell Tandem CB - 2017,Cruisers Bicycles
1183,3,6,2,469.99,0.05,892.981,Surly Ice Cream Truck Frameset - 2016,Mountain Bikes
1184,1,16,2,599.99,0.05,1139.981,Electra Townie Original 7D EQ - 2016,Cruisers Bicycles
1184,2,71,1,416.99,0.05,396.1405,Sun Bicycles Atlas X-Type - 2017,Cruisers Bicycles
1185,1,19,2,449,0.07,835.14,Pure Cycles William 3-Speed - 2016,Cruisers Bicycles
1185,2,21,1,269.99,0.07,251.0907,Electra Cruiser 1 (24-Inch) - 2016,Children Bicycles
1185,3,63,2,3499.99,0.1,6299.982,Trek Boone Race Shop Limited - 2017,Cyclocross Bicycles
1185,4,80,1,761.99,0.2,609.592,Sun Bicycles Brickell Tandem CB - 2017,Cruisers Bicycles
1186,1,48,2,1499.99,0.1,2699.982,Trek Emonda S 4 - 2017,Road Bikes
1186,2,49,1,3499.99,0.07,3254.9907,Trek Domane SL 6 - 2017,Road Bikes
1186,3,106,1,449.99,0.1,404.991,Sun Bicycles Cruz 3 - 2017,Comfort Bicycles
1186,4,27,1,999.99,0.2,799.992,Surly Big Dummy Frameset - 2017,Mountain Bikes
1187,1,36,2,832.99,0.1,1499.382,Surly Troll Frameset - 2017,Mountain Bikes
1187,2,79,1,402.99,0.07,374.7807,Sun Bicycles Boardwalk (24-inch Wheels) - 2017,Cruisers Bicycles
1187,3,4,1,2899.99,0.1,2609.991,Trek Fuel EX 8 29 - 2016,Mountain Bikes
1187,4,53,2,749.99,0.1,1349.982,Surly Ogre Frameset - 2017,Road Bikes
1188,1,66,2,250.99,0.1,451.782,Sun Bicycles Revolutions 24 - 2017,Cruisers Bicycles
1188,2,91,2,349.99,0.2,559.984,Trek Precaliber 24 (21-Speed) - Girls - 2017,Children Bicycles
1188,3,87,2,189.99,0.1,341.982,Trek Precaliber 12 Boys - 2017,Children Bicycles
1189,1,55,1,2699.99,0.07,2510.9907,Trek Domane S 6 - 2017,Road Bikes
1189,2,102,2,489.99,0.1,881.982,Electra Townie Original 7D - 2017,Comfort Bicycles
1189,3,40,2,4999.99,0.1,8999.982,Trek Fuel EX 9.8 29 - 2017,Mountain Bikes
1190,1,71,1,416.99,0.07,387.8007,Sun Bicycles Atlas X-Type - 2017,Cruisers Bicycles
1191,1,40,2,4999.99,0.1,8999.982,Trek Fuel EX 9.8 29 - 2017,Mountain Bikes
1191,2,89,2,209.99,0.1,377.982,Trek Precaliber 16 Boys - 2017,Children Bicycles
1191,3,100,1,489.99,0.07,455.6907,Electra Townie 3i EQ (20-inch) - Boys' - 2017,Children Bicycles
1192,1,24,2,549.99,0.1,989.982,Electra Townie Original 21D - 2016,Comfort Bicycles
1192,2,88,2,189.99,0.07,353.3814,Trek Precaliber 12 Girls - 2017,Children Bicycles
1192,3,37,2,379.99,0.2,607.984,Haro Flightline One ST - 2017,Mountain Bikes
1193,1,83,2,149.99,0.05,284.981,Trek Boy's Kickster - 2015/2017,Children Bicycles
1193,2,27,1,999.99,0.05,949.9905,Surly Big Dummy Frameset - 2017,Mountain Bikes
1194,1,71,1,416.99,0.05,396.1405,Sun Bicycles Atlas X-Type - 2017,Cruisers Bicycles
1194,2,7,2,3999.99,0.07,7439.9814,Trek Slash 8 27.5 - 2016,Mountain Bikes
1194,3,105,2,533.99,0.1,961.182,Sun Bicycles Streamway 7 - 2017,Comfort Bicycles
1194,4,84,1,109.99,0.05,104.4905,Sun Bicycles Lil Kitt'n - 2017,Children Bicycles
1195,1,52,1,875.99,0.07,814.6707,Surly Steamroller - 2017,Road Bikes
1196,1,53,1,749.99,0.07,697.4907,Surly Ogre Frameset - 2017,Road Bikes
1197,1,13,1,269.99,0.07,251.0907,Electra Cruiser 1 (24-Inch) - 2016,Cruisers Bicycles
1197,2,108,2,449.99,0.05,854.981,Sun Bicycles Cruz 3 - Women's - 2017,Comfort Bicycles
1197,3,9,2,2999.99,0.05,5699.981,Trek Conduit+ - 2016,Electric Bikes
1197,4,106,2,449.99,0.2,719.984,Sun Bicycles Cruz 3 - 2017,Comfort Bicycles
1198,1,105,1,533.99,0.05,507.2905,Sun Bicycles Streamway 7 - 2017,Comfort Bicycles
1199,1,32,1,469.99,0.05,446.4905,Trek Farley Alloy Frameset - 2017,Mountain Bikes
1199,2,94,2,249.99,0.07,464.9814,Haro Shredder Pro 20 - 2017,Children Bicycles
1199,3,109,2,416.99,0.1,750.582,Sun Bicycles Cruz 7 - Women's - 2017,Comfort Bicycles
1200,1,42,2,2299.99,0.2,3679.984,Trek Fuel EX 5 27.5 Plus - 2017,Mountain Bikes
1201,1,95,1,299.99,0.07,278.9907,"Electra Girl's Hawaii 1 16"" - 2017",Children Bicycles
1201,2,13,1,269.99,0.05,256.4905,Electra Cruiser 1 (24-Inch) - 2016,Cruisers Bicycles
1201,3,26,1,599.99,0.2,479.992,Electra Townie Original 7D EQ - 2016,Comfort Bicycles
1201,4,17,2,429,0.05,815.1,Pure Cycles Vine 8-Speed - 2016,Cruisers Bicycles
1201,5,19,2,449,0.2,718.4,Pure Cycles William 3-Speed - 2016,Cruisers Bicycles
1202,1,84,2,109.99,0.05,208.981,Sun Bicycles Lil Kitt'n - 2017,Children Bicycles
1203,1,6,2,469.99,0.07,874.1814,Surly Ice Cream Truck Frameset - 2016,Mountain Bikes
1203,2,55,1,2699.99,0.05,2564.9905,Trek Domane S 6 - 2017,Road Bikes
1204,1,37,2,379.99,0.07,706.7814,Haro Flightline One ST - 2017,Mountain Bikes
1205,1,105,2,533.99,0.2,854.384,Sun Bicycles Streamway 7 - 2017,Comfort Bicycles
1205,2,46,2,1409.99,0.2,2255.984,Haro SR 1.3 - 2017,Mountain Bikes
1205,3,71,1,416.99,0.05,396.1405,Sun Bicycles Atlas X-Type - 2017,Cruisers Bicycles
1205,4,79,2,402.99,0.07,749.5614,Sun Bicycles Boardwalk (24-inch Wheels) - 2017,Cruisers Bicycles
1205,5,92,1,209.99,0.1,188.991,Haro Shredder 20 - 2017,Children Bicycles
1206,1,73,1,749.99,0.07,697.4907,Sun Bicycles Brickell Tandem 7 - 2017,Cruisers Bicycles
1206,2,29,1,999.99,0.2,799.992,Trek X-Caliber 8 - 2017,Mountain Bikes
1207,1,104,1,481.99,0.05,457.8905,Sun Bicycles Streamway - 2017,Comfort Bicycles
1207,2,103,1,551.99,0.1,496.791,Sun Bicycles Streamway 3 - 2017,Comfort Bicycles
1207,3,23,1,299.99,0.07,278.9907,Electra Girl's Hawaii 1 (20-inch) - 2015/2016,Children Bicycles
1208,1,12,1,549.99,0.2,439.992,Electra Townie Original 21D - 2016,Cruisers Bicycles
1208,2,65,2,346.99,0.07,645.4014,Sun Bicycles Lil Bolt Type-R - 2017,Cruisers Bicycles
1208,3,86,2,149.99,0.2,239.984,Trek Girl's Kickster - 2017,Children Bicycles
1208,4,13,2,269.99,0.1,485.982,Electra Cruiser 1 (24-Inch) - 2016,Cruisers Bicycles
1208,5,87,1,189.99,0.07,176.6907,Trek Precaliber 12 Boys - 2017,Children Bicycles
1209,1,89,1,209.99,0.07,195.2907,Trek Precaliber 16 Boys - 2017,Children Bicycles
1209,2,97,1,349.99,0.05,332.4905,Electra Savannah 3i (20-inch) - Girl's - 2017,Children Bicycles
1210,1,26,1,599.99,0.1,539.991,Electra Townie Original 7D EQ - 2016,Comfort Bicycles
1210,2,6,2,469.99,0.07,874.1814,Surly Ice Cream Truck Frameset - 2016,Mountain Bikes
1210,3,78,2,647.99,0.05,1231.181,Sun Bicycles Biscayne Tandem CB - 2017,Cruisers Bicycles
1210,4,84,1,109.99,0.1,98.991,Sun Bicycles Lil Kitt'n - 2017,Children Bicycles
1210,5,35,2,832.99,0.05,1582.681,Sun Bicycles Spider 3i - 2017,Mountain Bikes
1211,1,15,2,529.99,0.2,847.984,Electra Moto 1 - 2016,Cruisers Bicycles
1211,2,59,1,2599.99,0.05,2469.9905,Trek Domane S 5 Disc - 2017,Road Bikes
1211,3,92,1,209.99,0.2,167.992,Haro Shredder 20 - 2017,Children Bicycles
1211,4,93,1,209.99,0.1,188.991,Haro Shredder 20 Girls - 2017,Children Bicycles
1211,5,108,2,449.99,0.2,719.984,Sun Bicycles Cruz 3 - Women's - 2017,Comfort Bicycles
1212,1,74,1,439.99,0.1,395.991,Electra Cruiser Lux 1 - 2017,Cruisers Bicycles
1212,2,37,2,379.99,0.07,706.7814,Haro Flightline One ST - 2017,Mountain Bikes
1212,3,39,2,1499.99,0.05,2849.981,Trek Stache 5 - 2017,Mountain Bikes
1212,4,68,2,449.99,0.07,836.9814,Sun Bicycles Cruz 3 - 2017,Cruisers Bicycles
1213,1,64,2,489.99,0.07,911.3814,Electra Townie Original 7D - 2017,Cruisers Bicycles
1213,2,78,1,647.99,0.07,602.6307,Sun Bicycles Biscayne Tandem CB - 2017,Cruisers Bicycles
1213,3,102,2,489.99,0.1,881.982,Electra Townie Original 7D - 2017,Comfort Bicycles
1213,4,15,1,529.99,0.05,503.4905,Electra Moto 1 - 2016,Cruisers Bicycles
1214,1,9,2,2999.99,0.05,5699.981,Trek Conduit+ - 2016,Electric Bikes
1214,2,7,1,3999.99,0.2,3199.992,Trek Slash 8 27.5 - 2016,Mountain Bikes
1214,3,22,1,269.99,0.05,256.4905,Electra Girl's Hawaii 1 (16-inch) - 2015/2016,Children Bicycles
1214,4,77,2,799.99,0.1,1439.982,Electra Glam Punk 3i Ladies' - 2017,Cruisers Bicycles
1214,5,67,2,250.99,0.2,401.584,Sun Bicycles Revolutions 24 - Girl's - 2017,Cruisers Bicycles
1215,1,73,2,749.99,0.1,1349.982,Sun Bicycles Brickell Tandem 7 - 2017,Cruisers Bicycles
1215,2,10,2,1549,0.07,2881.14,Surly Straggler - 2016,Cyclocross Bicycles
1216,1,64,2,489.99,0.1,881.982,Electra Townie Original 7D - 2017,Cruisers Bicycles
1216,2,54,1,3199.99,0.05,3039.9905,Trek Domane SL Disc Frameset - 2017,Road Bikes
1216,3,19,1,449,0.2,359.2,Pure Cycles William 3-Speed - 2016,Cruisers Bicycles
1216,4,110,2,470.99,0.07,876.0414,Sun Bicycles Drifter 7 - 2017,Comfort Bicycles
1216,5,43,1,5299.99,0.1,4769.991,Trek Fuel EX 9.8 27.5 Plus - 2017,Mountain Bikes
1217,1,73,1,749.99,0.05,712.4905,Sun Bicycles Brickell Tandem 7 - 2017,Cruisers Bicycles
1217,2,106,2,449.99,0.05,854.981,Sun Bicycles Cruz 3 - 2017,Comfort Bicycles
1218,1,32,1,469.99,0.07,437.0907,Trek Farley Alloy Frameset - 2017,Mountain Bikes
1218,2,102,2,489.99,0.05,930.981,Electra Townie Original 7D - 2017,Comfort Bicycles
1219,1,17,2,429,0.07,797.94,Pure Cycles Vine 8-Speed - 2016,Cruisers Bicycles
1219,2,62,2,3499.99,0.1,6299.982,Trek Boone 7 - 2017,Cyclocross Bicycles
1219,3,40,2,4999.99,0.2,7999.984,Trek Fuel EX 9.8 29 - 2017,Mountain Bikes
1220,1,47,2,5299.99,0.1,9539.982,Trek Remedy 9.8 - 2017,Mountain Bikes
1220,2,49,1,3499.99,0.2,2799.992,Trek Domane SL 6 - 2017,Road Bikes
1220,3,85,2,329.99,0.2,527.984,Haro Downtown 16 - 2017,Children Bicycles
1221,1,100,1,489.99,0.05,465.4905,Electra Townie 3i EQ (20-inch) - Boys' - 2017,Children Bicycles
1221,2,81,2,1099.99,0.05,2089.981,Electra Amsterdam Fashion 7i Ladies' - 2017,Cruisers Bicycles
1221,3,42,2,2299.99,0.1,4139.982,Trek Fuel EX 5 27.5 Plus - 2017,Mountain Bikes
1221,4,38,2,549.99,0.1,989.982,Haro Flightline Two 26 Plus - 2017,Mountain Bikes
1221,5,97,2,349.99,0.07,650.9814,Electra Savannah 3i (20-inch) - Girl's - 2017,Children Bicycles
1222,1,97,1,349.99,0.2,279.992,Electra Savannah 3i (20-inch) - Girl's - 2017,Children Bicycles
1223,1,103,1,551.99,0.05,524.3905,Sun Bicycles Streamway 3 - 2017,Comfort Bicycles
1224,1,62,1,3499.99,0.07,3254.9907,Trek Boone 7 - 2017,Cyclocross Bicycles
1224,2,51,1,6499.99,0.1,5849.991,Trek Silque SLR 8 Women's - 2017,Road Bikes
1224,3,108,1,449.99,0.05,427.4905,Sun Bicycles Cruz 3 - Women's - 2017,Comfort Bicycles
1224,4,32,1,469.99,0.2,375.992,Trek Farley Alloy Frameset - 2017,Mountain Bikes
1225,1,81,1,1099.99,0.1,989.991,Electra Amsterdam Fashion 7i Ladies' - 2017,Cruisers Bicycles
1225,2,59,2,2599.99,0.1,4679.982,Trek Domane S 5 Disc - 2017,Road Bikes
1225,3,6,2,469.99,0.1,845.982,Surly Ice Cream Truck Frameset - 2016,Mountain Bikes
1226,1,77,2,799.99,0.05,1519.981,Electra Glam Punk 3i Ladies' - 2017,Cruisers Bicycles
1226,2,101,1,339.99,0.2,271.992,Electra Townie 7D (20-inch) - Boys' - 2017,Children Bicycles
1226,3,11,2,1680.99,0.07,3126.6414,Surly Straggler 650b - 2016,Cyclocross Bicycles
1226,4,51,1,6499.99,0.07,6044.9907,Trek Silque SLR 8 Women's - 2017,Road Bikes
1226,5,42,1,2299.99,0.1,2069.991,Trek Fuel EX 5 27.5 Plus - 2017,Mountain Bikes
1227,1,90,2,209.99,0.2,335.984,Trek Precaliber 16 Girls - 2017,Children Bicycles
1227,2,44,1,539.99,0.07,502.1907,Haro SR 1.1 - 2017,Mountain Bikes
1227,3,26,1,599.99,0.05,569.9905,Electra Townie Original 7D EQ - 2016,Comfort Bicycles
1227,4,8,1,1799.99,0.07,1673.9907,Trek Remedy 29 Carbon Frameset - 2016,Mountain Bikes
1227,5,42,2,2299.99,0.2,3679.984,Trek Fuel EX 5 27.5 Plus - 2017,Mountain Bikes
1228,1,92,1,209.99,0.2,167.992,Haro Shredder 20 - 2017,Children Bicycles
1228,2,55,2,2699.99,0.2,4319.984,Trek Domane S 6 - 2017,Road Bikes
1228,3,20,2,599.99,0.05,1139.981,Electra Townie Original 7D EQ - Women's - 2016,Cruisers Bicycles
1229,1,36,2,832.99,0.07,1549.3614,Surly Troll Frameset - 2017,Mountain Bikes
1229,2,61,2,4999.99,0.1,8999.982,Trek Powerfly 8 FS Plus - 2017,Electric Bikes
1230,1,32,2,469.99,0.1,845.982,Trek Farley Alloy Frameset - 2017,Mountain Bikes
1230,2,38,2,549.99,0.07,1022.9814,Haro Flightline Two 26 Plus - 2017,Mountain Bikes
1231,1,75,2,599.99,0.05,1139.981,Electra Cruiser Lux Fat Tire 1 Ladies - 2017,Cruisers Bicycles
1231,2,70,1,659.99,0.07,613.7907,Electra Amsterdam Original 3i - 2015/2017,Cruisers Bicycles
1232,1,4,2,2899.99,0.07,5393.9814,Trek Fuel EX 8 29 - 2016,Mountain Bikes
1232,2,110,2,470.99,0.05,894.881,Sun Bicycles Drifter 7 - 2017,Comfort Bicycles
1232,3,6,2,469.99,0.2,751.984,Surly Ice Cream Truck Frameset - 2016,Mountain Bikes
1233,1,87,2,189.99,0.2,303.984,Trek Precaliber 12 Boys - 2017,Children Bicycles
1233,2,61,2,4999.99,0.1,8999.982,Trek Powerfly 8 FS Plus - 2017,Electric Bikes
1233,3,55,1,2699.99,0.2,2159.992,Trek Domane S 6 - 2017,Road Bikes
1234,1,56,2,5499.99,0.07,10229.9814,Trek Domane SLR 6 Disc - 2017,Road Bikes
1234,2,71,2,416.99,0.07,775.6014,Sun Bicycles Atlas X-Type - 2017,Cruisers Bicycles
1235,1,7,1,3999.99,0.1,3599.991,Trek Slash 8 27.5 - 2016,Mountain Bikes
1236,1,60,1,1559.99,0.07,1450.7907,Sun Bicycles ElectroLite - 2017,Electric Bikes
1236,2,32,2,469.99,0.05,892.981,Trek Farley Alloy Frameset - 2017,Mountain Bikes
1236,3,91,1,349.99,0.1,314.991,Trek Precaliber 24 (21-Speed) - Girls - 2017,Children Bicycles
1237,1,23,1,299.99,0.1,269.991,Electra Girl's Hawaii 1 (20-inch) - 2015/2016,Children Bicycles
1237,2,87,2,189.99,0.1,341.982,Trek Precaliber 12 Boys - 2017,Children Bicycles
1237,3,95,2,299.99,0.2,479.984,"Electra Girl's Hawaii 1 16"" - 2017",Children Bicycles
1237,4,55,2,2699.99,0.07,5021.9814,Trek Domane S 6 - 2017,Road Bikes
1237,5,25,1,499.99,0.07,464.9907,Electra Townie Original 7D - 2015/2016,Comfort Bicycles
1238,1,40,1,4999.99,0.1,4499.991,Trek Fuel EX 9.8 29 - 2017,Mountain Bikes
1238,2,14,1,269.99,0.1,242.991,Electra Girl's Hawaii 1 (16-inch) - 2015/2016,Cruisers Bicycles
1238,3,99,2,299.99,0.2,479.984,Electra Sugar Skulls 1 (20-inch) - Girl's - 2017,Children Bicycles
1238,4,101,1,339.99,0.1,305.991,Electra Townie 7D (20-inch) - Boys' - 2017,Children Bicycles
1239,1,15,2,529.99,0.2,847.984,Electra Moto 1 - 2016,Cruisers Bicycles
1239,2,91,1,349.99,0.1,314.991,Trek Precaliber 24 (21-Speed) - Girls - 2017,Children Bicycles
1239,3,34,2,469.99,0.1,845.982,Trek Session DH 27.5 Carbon Frameset - 2017,Mountain Bikes
1239,4,36,1,832.99,0.05,791.3405,Surly Troll Frameset - 2017,Mountain Bikes
1240,1,107,2,416.99,0.1,750.582,Sun Bicycles Cruz 7 - 2017,Comfort Bicycles
1240,2,23,2,299.99,0.05,569.981,Electra Girl's Hawaii 1 (20-inch) - 2015/2016,Children Bicycles
1240,3,15,2,529.99,0.2,847.984,Electra Moto 1 - 2016,Cruisers Bicycles
1240,4,77,2,799.99,0.05,1519.981,Electra Glam Punk 3i Ladies' - 2017,Cruisers Bicycles
1240,5,57,1,1999.99,0.05,1899.9905,Trek Emonda S 5 - 2017,Road Bikes
1241,1,74,1,439.99,0.05,417.9905,Electra Cruiser Lux 1 - 2017,Cruisers Bicycles
1241,2,71,2,416.99,0.05,792.281,Sun Bicycles Atlas X-Type - 2017,Cruisers Bicycles
1242,1,94,1,249.99,0.05,237.4905,Haro Shredder Pro 20 - 2017,Children Bicycles
1242,2,27,1,999.99,0.07,929.9907,Surly Big Dummy Frameset - 2017,Mountain Bikes
1242,3,10,1,1549,0.07,1440.57,Surly Straggler - 2016,Cyclocross Bicycles
1242,4,70,1,659.99,0.2,527.992,Electra Amsterdam Original 3i - 2015/2017,Cruisers Bicycles
1243,1,44,1,539.99,0.07,502.1907,Haro SR 1.1 - 2017,Mountain Bikes
1244,1,45,1,869.99,0.2,695.992,Haro SR 1.2 - 2017,Mountain Bikes
1244,2,38,2,549.99,0.07,1022.9814,Haro Flightline Two 26 Plus - 2017,Mountain Bikes
1244,3,33,1,469.99,0.07,437.0907,Surly Wednesday Frameset - 2017,Mountain Bikes
1244,4,37,2,379.99,0.1,683.982,Haro Flightline One ST - 2017,Mountain Bikes
1245,1,13,1,269.99,0.1,242.991,Electra Cruiser 1 (24-Inch) - 2016,Cruisers Bicycles
1246,1,78,2,647.99,0.2,1036.784,Sun Bicycles Biscayne Tandem CB - 2017,Cruisers Bicycles
1246,2,46,1,1409.99,0.05,1339.4905,Haro SR 1.3 - 2017,Mountain Bikes
1246,3,45,2,869.99,0.07,1618.1814,Haro SR 1.2 - 2017,Mountain Bikes
1247,1,15,2,529.99,0.1,953.982,Electra Moto 1 - 2016,Cruisers Bicycles
1247,2,28,2,2499.99,0.1,4499.982,Surly Karate Monkey 27.5+ Frameset - 2017,Mountain Bikes
1247,3,26,1,599.99,0.05,569.9905,Electra Townie Original 7D EQ - 2016,Comfort Bicycles
1248,1,94,2,249.99,0.05,474.981,Haro Shredder Pro 20 - 2017,Children Bicycles
1248,2,33,2,469.99,0.1,845.982,Surly Wednesday Frameset - 2017,Mountain Bikes
1248,3,92,1,209.99,0.1,188.991,Haro Shredder 20 - 2017,Children Bicycles
1248,4,12,1,549.99,0.05,522.4905,Electra Townie Original 21D - 2016,Cruisers Bicycles
1249,1,62,1,3499.99,0.05,3324.9905,Trek Boone 7 - 2017,Cyclocross Bicycles
1249,2,104,1,481.99,0.05,457.8905,Sun Bicycles Streamway - 2017,Comfort Bicycles
1249,3,61,1,4999.99,0.2,3999.992,Trek Powerfly 8 FS Plus - 2017,Electric Bikes
1250,1,78,2,647.99,0.05,1231.181,Sun Bicycles Biscayne Tandem CB - 2017,Cruisers Bicycles
1250,2,66,2,250.99,0.1,451.782,Sun Bicycles Revolutions 24 - 2017,Cruisers Bicycles
1250,3,20,2,599.99,0.05,1139.981,Electra Townie Original 7D EQ - Women's - 2016,Cruisers Bicycles
1250,4,6,2,469.99,0.1,845.982,Surly Ice Cream Truck Frameset - 2016,Mountain Bikes
1251,1,40,2,4999.99,0.1,8999.982,Trek Fuel EX 9.8 29 - 2017,Mountain Bikes
1251,2,56,1,5499.99,0.07,5114.9907,Trek Domane SLR 6 Disc - 2017,Road Bikes
1251,3,7,1,3999.99,0.07,3719.9907,Trek Slash 8 27.5 - 2016,Mountain Bikes
1252,1,79,1,402.99,0.2,322.392,Sun Bicycles Boardwalk (24-inch Wheels) - 2017,Cruisers Bicycles
1252,2,84,1,109.99,0.2,87.992,Sun Bicycles Lil Kitt'n - 2017,Children Bicycles
1252,3,57,2,1999.99,0.05,3799.981,Trek Emonda S 5 - 2017,Road Bikes
1253,1,25,2,499.99,0.1,899.982,Electra Townie Original 7D - 2015/2016,Comfort Bicycles
1253,2,21,1,269.99,0.07,251.0907,Electra Cruiser 1 (24-Inch) - 2016,Children Bicycles
1253,3,88,1,189.99,0.2,151.992,Trek Precaliber 12 Girls - 2017,Children Bicycles
1254,1,80,1,761.99,0.2,609.592,Sun Bicycles Brickell Tandem CB - 2017,Cruisers Bicycles
1254,2,91,1,349.99,0.2,279.992,Trek Precaliber 24 (21-Speed) - Girls - 2017,Children Bicycles
1255,1,43,2,5299.99,0.2,8479.984,Trek Fuel EX 9.8 27.5 Plus - 2017,Mountain Bikes
1255,2,53,1,749.99,0.05,712.4905,Surly Ogre Frameset - 2017,Road Bikes
1255,3,14,2,269.99,0.2,431.984,Electra Girl's Hawaii 1 (16-inch) - 2015/2016,Cruisers Bicycles
1255,4,26,2,599.99,0.05,1139.981,Electra Townie Original 7D EQ - 2016,Comfort Bicycles
1255,5,82,1,659.99,0.05,626.9905,Electra Amsterdam Original 3i Ladies' - 2017,Cruisers Bicycles
1256,1,44,2,539.99,0.2,863.984,Haro SR 1.1 - 2017,Mountain Bikes
1256,2,100,1,489.99,0.1,440.991,Electra Townie 3i EQ (20-inch) - Boys' - 2017,Children Bicycles
1257,1,30,2,999.99,0.05,1899.981,Surly Ice Cream Truck Frameset - 2017,Mountain Bikes
1257,2,61,1,4999.99,0.05,4749.9905,Trek Powerfly 8 FS Plus - 2017,Electric Bikes
1257,3,17,2,429,0.1,772.2,Pure Cycles Vine 8-Speed - 2016,Cruisers Bicycles
1257,4,41,1,1469.99,0.05,1396.4905,Haro Shift R3 - 2017,Mountain Bikes
1257,5,4,1,2899.99,0.1,2609.991,Trek Fuel EX 8 29 - 2016,Mountain Bikes
1258,1,94,2,249.99,0.1,449.982,Haro Shredder Pro 20 - 2017,Children Bicycles
1258,2,99,2,299.99,0.05,569.981,Electra Sugar Skulls 1 (20-inch) - Girl's - 2017,Children Bicycles
1259,1,60,1,1559.99,0.1,1403.991,Sun Bicycles ElectroLite - 2017,Electric Bikes
1259,2,19,1,449,0.2,359.2,Pure Cycles William 3-Speed - 2016,Cruisers Bicycles
1260,1,8,1,1799.99,0.1,1619.991,Trek Remedy 29 Carbon Frameset - 2016,Mountain Bikes
1260,2,66,1,250.99,0.1,225.891,Sun Bicycles Revolutions 24 - 2017,Cruisers Bicycles
1261,1,73,1,749.99,0.2,599.992,Sun Bicycles Brickell Tandem 7 - 2017,Cruisers Bicycles
1261,2,88,2,189.99,0.2,303.984,Trek Precaliber 12 Girls - 2017,Children Bicycles
1261,3,100,1,489.99,0.05,465.4905,Electra Townie 3i EQ (20-inch) - Boys' - 2017,Children Bicycles
1261,4,42,1,2299.99,0.1,2069.991,Trek Fuel EX 5 27.5 Plus - 2017,Mountain Bikes
1262,1,37,1,379.99,0.07,353.3907,Haro Flightline One ST - 2017,Mountain Bikes
1262,2,52,1,875.99,0.05,832.1905,Surly Steamroller - 2017,Road Bikes
1262,3,43,2,5299.99,0.07,9857.9814,Trek Fuel EX 9.8 27.5 Plus - 2017,Mountain Bikes
1262,4,77,1,799.99,0.07,743.9907,Electra Glam Punk 3i Ladies' - 2017,Cruisers Bicycles
1263,1,45,1,869.99,0.2,695.992,Haro SR 1.2 - 2017,Mountain Bikes
1263,2,62,1,3499.99,0.05,3324.9905,Trek Boone 7 - 2017,Cyclocross Bicycles
1263,3,19,2,449,0.1,808.2,Pure Cycles William 3-Speed - 2016,Cruisers Bicycles
1264,1,101,1,339.99,0.07,316.1907,Electra Townie 7D (20-inch) - Boys' - 2017,Children Bicycles
1264,2,77,2,799.99,0.07,1487.9814,Electra Glam Punk 3i Ladies' - 2017,Cruisers Bicycles
1264,3,29,2,999.99,0.2,1599.984,Trek X-Caliber 8 - 2017,Mountain Bikes
1264,4,52,1,875.99,0.05,832.1905,Surly Steamroller - 2017,Road Bikes
1265,1,41,2,1469.99,0.1,2645.982,Haro Shift R3 - 2017,Mountain Bikes
1265,2,72,2,619.99,0.07,1153.1814,Sun Bicycles Biscayne Tandem 7 - 2017,Cruisers Bicycles
1266,1,90,1,209.99,0.2,167.992,Trek Precaliber 16 Girls - 2017,Children Bicycles
1266,2,48,1,1499.99,0.2,1199.992,Trek Emonda S 4 - 2017,Road Bikes
1267,1,45,1,869.99,0.1,782.991,Haro SR 1.2 - 2017,Mountain Bikes
1267,2,27,1,999.99,0.07,929.9907,Surly Big Dummy Frameset - 2017,Mountain Bikes
1267,3,108,1,449.99,0.2,359.992,Sun Bicycles Cruz 3 - Women's - 2017,Comfort Bicycles
1267,4,95,1,299.99,0.05,284.9905,"Electra Girl's Hawaii 1 16"" - 2017",Children Bicycles
1268,1,68,2,449.99,0.07,836.9814,Sun Bicycles Cruz 3 - 2017,Cruisers Bicycles
1268,2,87,2,189.99,0.07,353.3814,Trek Precaliber 12 Boys - 2017,Children Bicycles
1268,3,59,2,2599.99,0.2,4159.984,Trek Domane S 5 Disc - 2017,Road Bikes
1268,4,100,1,489.99,0.07,455.6907,Electra Townie 3i EQ (20-inch) - Boys' - 2017,Children Bicycles
1269,1,4,2,2899.99,0.2,4639.984,Trek Fuel EX 8 29 - 2016,Mountain Bikes
1269,2,7,1,3999.99,0.2,3199.992,Trek Slash 8 27.5 - 2016,Mountain Bikes
1269,3,111,1,470.99,0.1,423.891,Sun Bicycles Drifter 7 - Women's - 2017,Comfort Bicycles
1270,1,54,1,3199.99,0.2,2559.992,Trek Domane SL Disc Frameset - 2017,Road Bikes
1271,1,25,2,499.99,0.1,899.982,Electra Townie Original 7D - 2015/2016,Comfort Bicycles
1271,2,50,2,5999.99,0.07,11159.9814,Trek Silque SLR 7 Women's - 2017,Road Bikes
1271,3,87,2,189.99,0.07,353.3814,Trek Precaliber 12 Boys - 2017,Children Bicycles
1271,4,32,2,469.99,0.07,874.1814,Trek Farley Alloy Frameset - 2017,Mountain Bikes
1272,1,16,2,599.99,0.2,959.984,Electra Townie Original 7D EQ - 2016,Cruisers Bicycles
1272,2,71,2,416.99,0.1,750.582,Sun Bicycles Atlas X-Type - 2017,Cruisers Bicycles
1272,3,86,1,149.99,0.07,139.4907,Trek Girl's Kickster - 2017,Children Bicycles
1273,1,95,2,299.99,0.07,557.9814,"Electra Girl's Hawaii 1 16"" - 2017",Children Bicycles
1273,2,20,1,599.99,0.07,557.9907,Electra Townie Original 7D EQ - Women's - 2016,Cruisers Bicycles
1273,3,58,1,4999.99,0.2,3999.992,Trek Madone 9.2 - 2017,Road Bikes
1274,1,81,1,1099.99,0.1,989.991,Electra Amsterdam Fashion 7i Ladies' - 2017,Cruisers Bicycles
1275,1,58,1,4999.99,0.07,4649.9907,Trek Madone 9.2 - 2017,Road Bikes
1275,2,30,1,999.99,0.1,899.991,Surly Ice Cream Truck Frameset - 2017,Mountain Bikes
1276,1,18,2,449,0.2,718.4,Pure Cycles Western 3-Speed - Women's - 2015/2016,Cruisers Bicycles
1276,2,58,1,4999.99,0.2,3999.992,Trek Madone 9.2 - 2017,Road Bikes
1276,3,42,1,2299.99,0.05,2184.9905,Trek Fuel EX 5 27.5 Plus - 2017,Mountain Bikes
1276,4,24,2,549.99,0.2,879.984,Electra Townie Original 21D - 2016,Comfort Bicycles
1276,5,78,2,647.99,0.2,1036.784,Sun Bicycles Biscayne Tandem CB - 2017,Cruisers Bicycles
1277,1,56,2,5499.99,0.2,8799.984,Trek Domane SLR 6 Disc - 2017,Road Bikes
1277,2,93,2,209.99,0.05,398.981,Haro Shredder 20 Girls - 2017,Children Bicycles
1277,3,9,2,2999.99,0.1,5399.982,Trek Conduit+ - 2016,Electric Bikes
1277,4,4,1,2899.99,0.1,2609.991,Trek Fuel EX 8 29 - 2016,Mountain Bikes
1277,5,11,1,1680.99,0.2,1344.792,Surly Straggler 650b - 2016,Cyclocross Bicycles
1278,1,103,2,551.99,0.1,993.582,Sun Bicycles Streamway 3 - 2017,Comfort Bicycles
1278,2,32,1,469.99,0.1,422.991,Trek Farley Alloy Frameset - 2017,Mountain Bikes
1279,1,9,2,2999.99,0.05,5699.981,Trek Conduit+ - 2016,Electric Bikes
1280,1,72,2,619.99,0.07,1153.1814,Sun Bicycles Biscayne Tandem 7 - 2017,Cruisers Bicycles
1280,2,74,1,439.99,0.05,417.9905,Electra Cruiser Lux 1 - 2017,Cruisers Bicycles
1280,3,52,1,875.99,0.07,814.6707,Surly Steamroller - 2017,Road Bikes
1280,4,63,1,3499.99,0.2,2799.992,Trek Boone Race Shop Limited - 2017,Cyclocross Bicycles
1281,1,36,1,832.99,0.05,791.3405,Surly Troll Frameset - 2017,Mountain Bikes
1281,2,49,2,3499.99,0.05,6649.981,Trek Domane SL 6 - 2017,Road Bikes
1281,3,75,1,599.99,0.05,569.9905,Electra Cruiser Lux Fat Tire 1 Ladies - 2017,Cruisers Bicycles
1282,1,111,1,470.99,0.05,447.4405,Sun Bicycles Drifter 7 - Women's - 2017,Comfort Bicycles
1282,2,50,2,5999.99,0.2,9599.984,Trek Silque SLR 7 Women's - 2017,Road Bikes
1283,1,61,2,4999.99,0.05,9499.981,Trek Powerfly 8 FS Plus - 2017,Electric Bikes
1283,2,81,1,1099.99,0.2,879.992,Electra Amsterdam Fashion 7i Ladies' - 2017,Cruisers Bicycles
1283,3,7,1,3999.99,0.1,3599.991,Trek Slash 8 27.5 - 2016,Mountain Bikes
1283,4,32,1,469.99,0.1,422.991,Trek Farley Alloy Frameset - 2017,Mountain Bikes
1283,5,11,1,1680.99,0.2,1344.792,Surly Straggler 650b - 2016,Cyclocross Bicycles
1284,1,101,1,339.99,0.07,316.1907,Electra Townie 7D (20-inch) - Boys' - 2017,Children Bicycles
1284,2,8,1,1799.99,0.05,1709.9905,Trek Remedy 29 Carbon Frameset - 2016,Mountain Bikes
1284,3,4,2,2899.99,0.05,5509.981,Trek Fuel EX 8 29 - 2016,Mountain Bikes
1285,1,78,2,647.99,0.07,1205.2614,Sun Bicycles Biscayne Tandem CB - 2017,Cruisers Bicycles
1285,2,93,1,209.99,0.1,188.991,Haro Shredder 20 Girls - 2017,Children Bicycles
1285,3,69,2,416.99,0.2,667.184,Sun Bicycles Cruz 7 - 2017,Cruisers Bicycles
1285,4,6,1,469.99,0.1,422.991,Surly Ice Cream Truck Frameset - 2016,Mountain Bikes
1286,1,109,2,416.99,0.2,667.184,Sun Bicycles Cruz 7 - Women's - 2017,Comfort Bicycles
1286,2,81,2,1099.99,0.07,2045.9814,Electra Amsterdam Fashion 7i Ladies' - 2017,Cruisers Bicycles
1286,3,87,1,189.99,0.07,176.6907,Trek Precaliber 12 Boys - 2017,Children Bicycles
1287,1,27,2,999.99,0.2,1599.984,Surly Big Dummy Frameset - 2017,Mountain Bikes
1287,2,62,2,3499.99,0.1,6299.982,Trek Boone 7 - 2017,Cyclocross Bicycles
1287,3,103,1,551.99,0.1,496.791,Sun Bicycles Streamway 3 - 2017,Comfort Bicycles
1287,4,100,2,489.99,0.05,930.981,Electra Townie 3i EQ (20-inch) - Boys' - 2017,Children Bicycles
1288,1,73,1,749.99,0.2,599.992,Sun Bicycles Brickell Tandem 7 - 2017,Cruisers Bicycles
1288,2,64,2,489.99,0.2,783.984,Electra Townie Original 7D - 2017,Cruisers Bicycles
1288,3,62,2,3499.99,0.1,6299.982,Trek Boone 7 - 2017,Cyclocross Bicycles
1288,4,17,2,429,0.07,797.94,Pure Cycles Vine 8-Speed - 2016,Cruisers Bicycles
1289,1,89,1,209.99,0.05,199.4905,Trek Precaliber 16 Boys - 2017,Children Bicycles
1289,2,3,1,999.99,0.1,899.991,Surly Wednesday Frameset - 2016,Mountain Bikes
1290,1,75,2,599.99,0.05,1139.981,Electra Cruiser Lux Fat Tire 1 Ladies - 2017,Cruisers Bicycles
1290,2,36,1,832.99,0.05,791.3405,Surly Troll Frameset - 2017,Mountain Bikes
1290,3,92,2,209.99,0.1,377.982,Haro Shredder 20 - 2017,Children Bicycles
1291,1,57,1,1999.99,0.1,1799.991,Trek Emonda S 5 - 2017,Road Bikes
1291,2,58,2,4999.99,0.05,9499.981,Trek Madone 9.2 - 2017,Road Bikes
1292,1,70,1,659.99,0.07,613.7907,Electra Amsterdam Original 3i - 2015/2017,Cruisers Bicycles
1293,1,88,2,189.99,0.1,341.982,Trek Precaliber 12 Girls - 2017,Children Bicycles
1293,2,74,2,439.99,0.05,835.981,Electra Cruiser Lux 1 - 2017,Cruisers Bicycles
1293,3,38,2,549.99,0.07,1022.9814,Haro Flightline Two 26 Plus - 2017,Mountain Bikes
1294,1,95,2,299.99,0.05,569.981,"Electra Girl's Hawaii 1 16"" - 2017",Children Bicycles
1294,2,44,1,539.99,0.05,512.9905,Haro SR 1.1 - 2017,Mountain Bikes
1295,1,5,2,1320.99,0.2,2113.584,Heller Shagamaw Frame - 2016,Mountain Bikes
1295,2,61,1,4999.99,0.2,3999.992,Trek Powerfly 8 FS Plus - 2017,Electric Bikes
1295,3,52,1,875.99,0.05,832.1905,Surly Steamroller - 2017,Road Bikes
1296,1,25,2,499.99,0.05,949.981,Electra Townie Original 7D - 2015/2016,Comfort Bicycles
1296,2,90,1,209.99,0.1,188.991,Trek Precaliber 16 Girls - 2017,Children Bicycles
1296,3,16,1,599.99,0.05,569.9905,Electra Townie Original 7D EQ - 2016,Cruisers Bicycles
1296,4,2,2,749.99,0.1,1349.982,Ritchey Timberwolf Frameset - 2016,Mountain Bikes
1297,1,104,2,481.99,0.07,896.5014,Sun Bicycles Streamway - 2017,Comfort Bicycles
1297,2,43,1,5299.99,0.05,5034.9905,Trek Fuel EX 9.8 27.5 Plus - 2017,Mountain Bikes
1297,3,51,2,6499.99,0.05,12349.981,Trek Silque SLR 8 Women's - 2017,Road Bikes
1298,1,59,1,2599.99,0.05,2469.9905,Trek Domane S 5 Disc - 2017,Road Bikes
1298,2,110,2,470.99,0.07,876.0414,Sun Bicycles Drifter 7 - 2017,Comfort Bicycles
1299,1,14,2,269.99,0.1,485.982,Electra Girl's Hawaii 1 (16-inch) - 2015/2016,Cruisers Bicycles
1299,2,101,1,339.99,0.05,322.9905,Electra Townie 7D (20-inch) - Boys' - 2017,Children Bicycles
1299,3,75,1,599.99,0.05,569.9905,Electra Cruiser Lux Fat Tire 1 Ladies - 2017,Cruisers Bicycles
1299,4,52,2,875.99,0.2,1401.584,Surly Steamroller - 2017,Road Bikes
1300,1,101,2,339.99,0.07,632.3814,Electra Townie 7D (20-inch) - Boys' - 2017,Children Bicycles
1300,2,58,2,4999.99,0.05,9499.981,Trek Madone 9.2 - 2017,Road Bikes
1301,1,45,2,869.99,0.2,1391.984,Haro SR 1.2 - 2017,Mountain Bikes
1301,2,105,2,533.99,0.1,961.182,Sun Bicycles Streamway 7 - 2017,Comfort Bicycles
1301,3,8,1,1799.99,0.2,1439.992,Trek Remedy 29 Carbon Frameset - 2016,Mountain Bikes
1302,1,38,1,549.99,0.05,522.4905,Haro Flightline Two 26 Plus - 2017,Mountain Bikes
1302,2,20,2,599.99,0.1,1079.982,Electra Townie Original 7D EQ - Women's - 2016,Cruisers Bicycles
1302,3,56,2,5499.99,0.07,10229.9814,Trek Domane SLR 6 Disc - 2017,Road Bikes
1303,1,96,1,349.99,0.1,314.991,Electra Moto 3i (20-inch) - Boy's - 2017,Children Bicycles
1303,2,63,2,3499.99,0.2,5599.984,Trek Boone Race Shop Limited - 2017,Cyclocross Bicycles
1303,3,108,1,449.99,0.1,404.991,Sun Bicycles Cruz 3 - Women's - 2017,Comfort Bicycles
1303,4,73,1,749.99,0.1,674.991,Sun Bicycles Brickell Tandem 7 - 2017,Cruisers Bicycles
1303,5,24,2,549.99,0.1,989.982,Electra Townie Original 21D - 2016,Comfort Bicycles
1304,1,80,1,761.99,0.05,723.8905,Sun Bicycles Brickell Tandem CB - 2017,Cruisers Bicycles
1304,2,99,2,299.99,0.05,569.981,Electra Sugar Skulls 1 (20-inch) - Girl's - 2017,Children Bicycles
1304,3,102,1,489.99,0.2,391.992,Electra Townie Original 7D - 2017,Comfort Bicycles
1304,4,17,1,429,0.05,407.55,Pure Cycles Vine 8-Speed - 2016,Cruisers Bicycles
1305,1,85,1,329.99,0.2,263.992,Haro Downtown 16 - 2017,Children Bicycles
1305,2,9,1,2999.99,0.07,2789.9907,Trek Conduit+ - 2016,Electric Bikes
1305,3,11,1,1680.99,0.05,1596.9405,Surly Straggler 650b - 2016,Cyclocross Bicycles
1305,4,91,2,349.99,0.05,664.981,Trek Precaliber 24 (21-Speed) - Girls - 2017,Children Bicycles
1306,1,103,2,551.99,0.05,1048.781,Sun Bicycles Streamway 3 - 2017,Comfort Bicycles
1306,2,81,2,1099.99,0.07,2045.9814,Electra Amsterdam Fashion 7i Ladies' - 2017,Cruisers Bicycles
1306,3,45,1,869.99,0.2,695.992,Haro SR 1.2 - 2017,Mountain Bikes
1306,4,42,1,2299.99,0.2,1839.992,Trek Fuel EX 5 27.5 Plus - 2017,Mountain Bikes
1306,5,9,2,2999.99,0.07,5579.9814,Trek Conduit+ - 2016,Electric Bikes
1307,1,96,2,349.99,0.07,650.9814,Electra Moto 3i (20-inch) - Boy's - 2017,Children Bicycles
1307,2,53,2,749.99,0.2,1199.984,Surly Ogre Frameset - 2017,Road Bikes
1307,3,69,2,416.99,0.2,667.184,Sun Bicycles Cruz 7 - 2017,Cruisers Bicycles
1308,1,54,1,3199.99,0.05,3039.9905,Trek Domane SL Disc Frameset - 2017,Road Bikes
1308,2,69,1,416.99,0.2,333.592,Sun Bicycles Cruz 7 - 2017,Cruisers Bicycles
1308,3,14,2,269.99,0.07,502.1814,Electra Girl's Hawaii 1 (16-inch) - 2015/2016,Cruisers Bicycles
1308,4,56,1,5499.99,0.2,4399.992,Trek Domane SLR 6 Disc - 2017,Road Bikes
1308,5,32,1,469.99,0.07,437.0907,Trek Farley Alloy Frameset - 2017,Mountain Bikes
1309,1,65,1,346.99,0.05,329.6405,Sun Bicycles Lil Bolt Type-R - 2017,Cruisers Bicycles
1309,2,87,2,189.99,0.2,303.984,Trek Precaliber 12 Boys - 2017,Children Bicycles
1310,1,59,1,2599.99,0.2,2079.992,Trek Domane S 5 Disc - 2017,Road Bikes
1310,2,77,2,799.99,0.2,1279.984,Electra Glam Punk 3i Ladies' - 2017,Cruisers Bicycles
1310,3,11,2,1680.99,0.1,3025.782,Surly Straggler 650b - 2016,Cyclocross Bicycles
1310,4,54,1,3199.99,0.2,2559.992,Trek Domane SL Disc Frameset - 2017,Road Bikes
1311,1,69,1,416.99,0.1,375.291,Sun Bicycles Cruz 7 - 2017,Cruisers Bicycles
1311,2,45,2,869.99,0.07,1618.1814,Haro SR 1.2 - 2017,Mountain Bikes
1311,3,27,2,999.99,0.1,1799.982,Surly Big Dummy Frameset - 2017,Mountain Bikes
1311,4,42,1,2299.99,0.1,2069.991,Trek Fuel EX 5 27.5 Plus - 2017,Mountain Bikes
1312,1,67,2,250.99,0.05,476.881,Sun Bicycles Revolutions 24 - Girl's - 2017,Cruisers Bicycles
1312,2,14,1,269.99,0.2,215.992,Electra Girl's Hawaii 1 (16-inch) - 2015/2016,Cruisers Bicycles
1312,3,20,1,599.99,0.07,557.9907,Electra Townie Original 7D EQ - Women's - 2016,Cruisers Bicycles
1313,1,75,1,599.99,0.2,479.992,Electra Cruiser Lux Fat Tire 1 Ladies - 2017,Cruisers Bicycles
1313,2,33,1,469.99,0.2,375.992,Surly Wednesday Frameset - 2017,Mountain Bikes
1313,3,69,1,416.99,0.07,387.8007,Sun Bicycles Cruz 7 - 2017,Cruisers Bicycles
1314,1,52,1,875.99,0.07,814.6707,Surly Steamroller - 2017,Road Bikes
1314,2,72,2,619.99,0.05,1177.981,Sun Bicycles Biscayne Tandem 7 - 2017,Cruisers Bicycles
1314,3,94,1,249.99,0.1,224.991,Haro Shredder Pro 20 - 2017,Children Bicycles
1315,1,104,2,481.99,0.07,896.5014,Sun Bicycles Streamway - 2017,Comfort Bicycles
1315,2,41,1,1469.99,0.05,1396.4905,Haro Shift R3 - 2017,Mountain Bikes
1315,3,24,1,549.99,0.1,494.991,Electra Townie Original 21D - 2016,Comfort Bicycles
1315,4,26,1,599.99,0.07,557.9907,Electra Townie Original 7D EQ - 2016,Comfort Bicycles
1315,5,16,2,599.99,0.2,959.984,Electra Townie Original 7D EQ - 2016,Cruisers Bicycles
1316,1,76,2,299.99,0.1,539.982,"Electra Girl's Hawaii 1 16"" - 2017",Cruisers Bicycles
1316,2,90,1,209.99,0.1,188.991,Trek Precaliber 16 Girls - 2017,Children Bicycles
1317,1,82,1,659.99,0.1,593.991,Electra Amsterdam Original 3i Ladies' - 2017,Cruisers Bicycles
1318,1,82,2,659.99,0.2,1055.984,Electra Amsterdam Original 3i Ladies' - 2017,Cruisers Bicycles
1318,2,62,2,3499.99,0.2,5599.984,Trek Boone 7 - 2017,Cyclocross Bicycles
1318,3,111,1,470.99,0.2,376.792,Sun Bicycles Drifter 7 - Women's - 2017,Comfort Bicycles
1318,4,92,1,209.99,0.07,195.2907,Haro Shredder 20 - 2017,Children Bicycles
1319,1,75,1,599.99,0.07,557.9907,Electra Cruiser Lux Fat Tire 1 Ladies - 2017,Cruisers Bicycles
1319,2,91,1,349.99,0.2,279.992,Trek Precaliber 24 (21-Speed) - Girls - 2017,Children Bicycles
1320,1,104,1,481.99,0.1,433.791,Sun Bicycles Streamway - 2017,Comfort Bicycles
1320,2,93,1,209.99,0.05,199.4905,Haro Shredder 20 Girls - 2017,Children Bicycles
1320,3,99,2,299.99,0.2,479.984,Electra Sugar Skulls 1 (20-inch) - Girl's - 2017,Children Bicycles
1321,1,34,1,469.99,0.1,422.991,Trek Session DH 27.5 Carbon Frameset - 2017,Mountain Bikes
1321,2,107,1,416.99,0.1,375.291,Sun Bicycles Cruz 7 - 2017,Comfort Bicycles
1321,3,11,2,1680.99,0.1,3025.782,Surly Straggler 650b - 2016,Cyclocross Bicycles
1322,1,28,2,2499.99,0.05,4749.981,Surly Karate Monkey 27.5+ Frameset - 2017,Mountain Bikes
1322,2,104,2,481.99,0.05,915.781,Sun Bicycles Streamway - 2017,Comfort Bicycles
1323,1,27,2,999.99,0.07,1859.9814,Surly Big Dummy Frameset - 2017,Mountain Bikes
1323,2,20,1,599.99,0.05,569.9905,Electra Townie Original 7D EQ - Women's - 2016,Cruisers Bicycles
1323,3,70,1,659.99,0.05,626.9905,Electra Amsterdam Original 3i - 2015/2017,Cruisers Bicycles
1324,1,66,1,250.99,0.1,225.891,Sun Bicycles Revolutions 24 - 2017,Cruisers Bicycles
1324,2,120,2,2499.99,0.2,3999.984,Trek Fuel EX 7 29 - 2018,Mountain Bikes
1324,3,235,1,899.99,0.1,809.991,Electra Koa 3i Ladies' - 2018,Cruisers Bicycles
1324,4,3,1,999.99,0.2,799.992,Surly Wednesday Frameset - 2016,Mountain Bikes
1325,1,139,1,2999.99,0.05,2849.9905,Trek Remedy 7 27.5 - 2018,Mountain Bikes
1325,2,257,1,899.99,0.05,854.9905,Electra Amsterdam Fashion 3i Ladies' - 2017/2018,Cruisers Bicycles
1325,3,209,1,2999.99,0.1,2699.991,Trek Crockett 7 Disc - 2018,Cyclocross Bicycles
1325,4,28,1,2499.99,0.07,2324.9907,Surly Karate Monkey 27.5+ Frameset - 2017,Mountain Bikes
1326,1,190,2,2799.99,0.07,5207.9814,Trek Dual Sport+ - 2018,Electric Bikes
1326,2,269,2,199.99,0.07,371.9814,Trek Precaliber 12 Boy's - 2018,Children Bicycles
1327,1,151,2,1549.99,0.07,2882.9814,Trek Domane ALR 4 Disc Women's - 2018,Road Bikes
1327,2,235,2,899.99,0.1,1619.982,Electra Koa 3i Ladies' - 2018,Cruisers Bicycles
1327,3,48,2,1499.99,0.1,2699.982,Trek Emonda S 4 - 2017,Road Bikes
1327,4,180,1,919.99,0.2,735.992,Trek Domane AL 3 Women's - 2018,Road Bikes
1328,1,241,1,749.99,0.07,697.4907,Electra Townie Commute 8D - 2018,Cruisers Bicycles
1328,2,129,2,919.99,0.1,1655.982,Trek X-Caliber 7 - 2018,Mountain Bikes
1328,3,228,1,319.99,0.07,297.5907,Electra Cruiser 7D Tall - 2016/2018,Cruisers Bicycles
1328,4,311,1,749.99,0.1,674.991,Electra Townie Commute 8D - 2018,Comfort Bicycles
1328,5,247,1,599.99,0.1,539.991,Electra Townie Original 7D EQ - 2018,Cruisers Bicycles
1329,1,143,1,1099.99,0.07,1022.9907,Trek Domane ALR 3 - 2018,Road Bikes
1329,2,107,1,416.99,0.05,396.1405,Sun Bicycles Cruz 7 - 2017,Comfort Bicycles
1329,3,55,1,2699.99,0.07,2510.9907,Trek Domane S 6 - 2017,Road Bikes
1329,4,283,2,319.99,0.2,511.984,Electra Heartchya 1 (20-inch) - Girl's - 2018,Children Bicycles
1329,5,13,1,269.99,0.1,242.991,Electra Cruiser 1 (24-Inch) - 2016,Cruisers Bicycles
1330,1,232,1,479.99,0.2,383.992,Electra Cruiser Lux 7D Ladies' - 2018,Cruisers Bicycles
1330,2,243,2,679.99,0.05,1291.981,Electra Townie Original 21D EQ Ladies' - 2018,Cruisers Bicycles
1330,3,230,2,429.99,0.2,687.984,Electra Cruiser Lux 1 Ladies' - 2018,Cruisers Bicycles
1330,4,102,2,489.99,0.05,930.981,Electra Townie Original 7D - 2017,Comfort Bicycles
1330,5,282,1,279.99,0.1,251.991,Electra Cyclosaurus 1 (16-inch) - Boy's - 2018,Children Bicycles
1331,1,253,1,2599.99,0.05,2469.9905,Electra Townie Go! 8i Ladies' - 2018,Cruisers Bicycles
1331,2,290,1,369.99,0.05,351.4905,"Electra Superbolt 3i 20"" - 2018",Children Bicycles
1331,3,145,2,1799.99,0.1,3239.982,Trek Domane ALR 5 Disc - 2018,Road Bikes
1331,4,300,1,799.99,0.2,639.992,Electra Townie Balloon 3i EQ Ladies' - 2018,Comfort Bicycles
1332,1,296,1,369.99,0.2,295.992,"Electra Treasure 3i 20"" - 2018",Children Bicycles
1332,2,93,2,209.99,0.05,398.981,Haro Shredder 20 Girls - 2017,Children Bicycles
1332,3,179,2,919.99,0.07,1711.1814,Trek Domane AL 3 - 2018,Road Bikes
1332,4,298,1,279.99,0.1,251.991,Electra Water Lily 1 (16-inch) - Girl's - 2018,Children Bicycles
1333,1,205,2,4999.99,0.05,9499.981,Trek Super Commuter+ 8S - 2018,Electric Bikes
1333,2,304,2,679.99,0.1,1223.982,Electra Townie Original 21D EQ - 2017/2018,Comfort Bicycles
1333,3,99,2,299.99,0.1,539.982,Electra Sugar Skulls 1 (20-inch) - Girl's - 2017,Children Bicycles
1333,4,12,1,549.99,0.05,522.4905,Electra Townie Original 21D - 2016,Cruisers Bicycles
1333,5,78,1,647.99,0.1,583.191,Sun Bicycles Biscayne Tandem CB - 2017,Cruisers Bicycles
1334,1,203,2,4999.99,0.05,9499.981,Trek Powerfly 7 FS - 2018,Electric Bikes
1334,2,160,2,4499.99,0.07,8369.9814,Trek Emonda SLR 6 - 2018,Road Bikes
1334,3,84,2,109.99,0.1,197.982,Sun Bicycles Lil Kitt'n - 2017,Children Bicycles
1334,4,13,1,269.99,0.05,256.4905,Electra Cruiser 1 (24-Inch) - 2016,Cruisers Bicycles
1334,5,42,1,2299.99,0.05,2184.9905,Trek Fuel EX 5 27.5 Plus - 2017,Mountain Bikes
1335,1,138,2,2249.99,0.05,4274.981,Trek Fuel EX 5 Plus - 2018,Mountain Bikes
1336,1,29,2,999.99,0.2,1599.984,Trek X-Caliber 8 - 2017,Mountain Bikes
1336,2,157,1,6499.99,0.05,6174.9905,Trek Domane SL Frameset Women's - 2018,Road Bikes
1336,3,21,2,269.99,0.07,502.1814,Electra Cruiser 1 (24-Inch) - 2016,Children Bicycles
1336,4,207,1,3999.99,0.1,3599.991,Trek Boone 7 Disc - 2018,Cyclocross Bicycles
1336,5,185,1,2799.99,0.1,2519.991,Trek Conduit+ - 2018,Electric Bikes
1337,1,153,1,4999.99,0.1,4499.991,Trek Domane SL 7 Women's - 2018,Road Bikes
1338,1,169,2,6499.99,0.07,12089.9814,Trek Emonda SLR 8 - 2018,Road Bikes
1339,1,175,1,3199.99,0.07,2975.9907,Trek Domane SLR Frameset - 2018,Road Bikes
1340,1,253,1,2599.99,0.2,2079.992,Electra Townie Go! 8i Ladies' - 2018,Cruisers Bicycles
1340,2,92,2,209.99,0.2,335.984,Haro Shredder 20 - 2017,Children Bicycles
1340,3,237,2,849.99,0.05,1614.981,Electra Relic 3i - 2018,Cruisers Bicycles
1341,1,215,2,749.99,0.07,1394.9814,Electra Queen of Hearts 3i - 2018,Cruisers Bicycles
1341,2,56,2,5499.99,0.2,8799.984,Trek Domane SLR 6 Disc - 2017,Road Bikes
1341,3,234,2,899.99,0.05,1709.981,Electra Daydreamer 3i Ladies' - 2018,Cruisers Bicycles
1341,4,66,2,250.99,0.05,476.881,Sun Bicycles Revolutions 24 - 2017,Cruisers Bicycles
1342,1,60,1,1559.99,0.05,1481.9905,Sun Bicycles ElectroLite - 2017,Electric Bikes
1342,2,270,1,209.99,0.05,199.4905,Trek Precaliber 16 Boy's - 2018,Children Bicycles
1343,1,244,1,559.99,0.05,531.9905,Electra Townie Original 21D Ladies' - 2018,Cruisers Bicycles
1343,2,99,1,299.99,0.05,284.9905,Electra Sugar Skulls 1 (20-inch) - Girl's - 2017,Children Bicycles
1343,3,184,2,3499.99,0.2,5599.984,Trek Domane SL 6 Disc - 2018,Road Bikes
1343,4,65,2,346.99,0.2,555.184,Sun Bicycles Lil Bolt Type-R - 2017,Cruisers Bicycles
1343,5,206,1,3299.99,0.1,2969.991,Trek Boone 5 Disc - 2018,Cyclocross Bicycles
1344,1,77,2,799.99,0.07,1487.9814,Electra Glam Punk 3i Ladies' - 2017,Cruisers Bicycles
1344,2,103,2,551.99,0.2,883.184,Sun Bicycles Streamway 3 - 2017,Comfort Bicycles
1344,3,3,1,999.99,0.07,929.9907,Surly Wednesday Frameset - 2016,Mountain Bikes
1344,4,61,1,4999.99,0.07,4649.9907,Trek Powerfly 8 FS Plus - 2017,Electric Bikes
1345,1,40,2,4999.99,0.2,7999.984,Trek Fuel EX 9.8 29 - 2017,Mountain Bikes
1345,2,172,2,3199.99,0.05,6079.981,Trek Domane ALR Disc Frameset - 2018,Road Bikes
1345,3,164,2,1549,0.2,2478.4,Surly Straggler 650b - 2018,Road Bikes
1345,4,2,2,749.99,0.2,1199.984,Ritchey Timberwolf Frameset - 2016,Mountain Bikes
1346,1,134,2,1499.99,0.05,2849.981,Trek Remedy 27.5 C Frameset - 2018,Mountain Bikes
1346,2,150,1,4499.99,0.05,4274.9905,Trek Emonda SL 7 - 2018,Road Bikes
1346,3,18,2,449,0.05,853.1,Pure Cycles Western 3-Speed - Women's - 2015/2016,Cruisers Bicycles
1346,4,249,1,749.99,0.1,674.991,Electra White Water 3i - 2018,Cruisers Bicycles
1346,5,263,2,89.99,0.2,143.984,Strider Classic 12 Balance Bike - 2018,Children Bicycles
1347,1,43,2,5299.99,0.07,9857.9814,Trek Fuel EX 9.8 27.5 Plus - 2017,Mountain Bikes
1347,2,53,1,749.99,0.05,712.4905,Surly Ogre Frameset - 2017,Road Bikes
1348,1,203,1,4999.99,0.05,4749.9905,Trek Powerfly 7 FS - 2018,Electric Bikes
1348,2,148,1,5499.99,0.05,5224.9905,Trek Domane SL 8 Disc - 2018,Road Bikes
1348,3,58,2,4999.99,0.1,8999.982,Trek Madone 9.2 - 2017,Road Bikes
1348,4,147,1,1799.99,0.07,1673.9907,Trek Domane ALR 5 Gravel - 2018,Road Bikes
1349,1,138,2,2249.99,0.05,4274.981,Trek Fuel EX 5 Plus - 2018,Mountain Bikes
1349,2,205,2,4999.99,0.07,9299.9814,Trek Super Commuter+ 8S - 2018,Electric Bikes
1349,3,168,2,1549,0.2,2478.4,Surly Straggler - 2018,Road Bikes
1349,4,184,1,3499.99,0.2,2799.992,Trek Domane SL 6 Disc - 2018,Road Bikes
1350,1,305,1,749.99,0.1,674.991,Electra Townie Balloon 3i EQ - 2017/2018,Comfort Bicycles
1350,2,250,1,2599.99,0.07,2417.9907,Electra Townie Go! 8i - 2017/2018,Cruisers Bicycles
1350,3,253,1,2599.99,0.07,2417.9907,Electra Townie Go! 8i Ladies' - 2018,Cruisers Bicycles
1350,4,159,1,2299.99,0.05,2184.9905,Trek Emonda ALR 6 - 2018,Road Bikes
1350,5,13,2,269.99,0.2,431.984,Electra Cruiser 1 (24-Inch) - 2016,Cruisers Bicycles
1351,1,297,2,279.99,0.2,447.984,"Electra Under-The-Sea 1 16"" - 2018",Children Bicycles
1351,2,133,1,1499.99,0.1,1349.991,Trek Procaliber Frameset - 2018,Mountain Bikes
1352,1,136,1,1799.99,0.2,1439.992,Trek Procaliber 6 - 2018,Mountain Bikes
1352,2,52,2,875.99,0.1,1576.782,Surly Steamroller - 2017,Road Bikes
1352,3,282,2,279.99,0.1,503.982,Electra Cyclosaurus 1 (16-inch) - Boy's - 2018,Children Bicycles
1352,4,86,2,149.99,0.2,239.984,Trek Girl's Kickster - 2017,Children Bicycles
1352,5,100,1,489.99,0.05,465.4905,Electra Townie 3i EQ (20-inch) - Boys' - 2017,Children Bicycles
1353,1,107,2,416.99,0.05,792.281,Sun Bicycles Cruz 7 - 2017,Comfort Bicycles
1353,2,233,1,639.99,0.07,595.1907,Electra Cruiser Lux Fat Tire 7D - 2018,Cruisers Bicycles
1353,3,300,1,799.99,0.2,639.992,Electra Townie Balloon 3i EQ Ladies' - 2018,Comfort Bicycles
1353,4,86,2,149.99,0.05,284.981,Trek Girl's Kickster - 2017,Children Bicycles
1354,1,166,2,749.99,0.07,1394.9814,Trek Domane AL 2 Women's - 2018,Road Bikes
1355,1,297,1,279.99,0.1,251.991,"Electra Under-The-Sea 1 16"" - 2018",Children Bicycles
1355,2,253,1,2599.99,0.07,2417.9907,Electra Townie Go! 8i Ladies' - 2018,Cruisers Bicycles
1355,3,149,1,7499.99,0.2,5999.992,Trek Domane SLR 8 Disc - 2018,Road Bikes
1355,4,313,2,449.99,0.1,809.982,Electra Townie Original 1 Ladies' - 2018,Comfort Bicycles
1356,1,192,1,2599.99,0.05,2469.9905,Electra Townie Go! 8i - 2017/2018,Electric Bikes
1356,2,199,2,2999.99,0.1,5399.982,Electra Townie Commute Go! Ladies' - 2018,Electric Bikes
1356,3,276,2,319.99,0.1,575.982,Trek Precaliber 24 (7-Speed) - Boys - 2018,Children Bicycles
1357,1,145,2,1799.99,0.2,2879.984,Trek Domane ALR 5 Disc - 2018,Road Bikes
1357,2,60,1,1559.99,0.2,1247.992,Sun Bicycles ElectroLite - 2017,Electric Bikes
1357,3,130,1,919.99,0.2,735.992,Trek Stache Carbon Frameset - 2018,Mountain Bikes
1358,1,257,2,899.99,0.2,1439.984,Electra Amsterdam Fashion 3i Ladies' - 2017/2018,Cruisers Bicycles
1359,1,282,1,279.99,0.05,265.9905,Electra Cyclosaurus 1 (16-inch) - Boy's - 2018,Children Bicycles
1359,2,82,1,659.99,0.05,626.9905,Electra Amsterdam Original 3i Ladies' - 2017,Cruisers Bicycles
1360,1,31,1,1632.99,0.05,1551.3405,Surly Wednesday - 2017,Mountain Bikes
1361,1,307,2,749.99,0.07,1394.9814,Electra Townie Balloon 8D EQ - 2016/2017/2018,Comfort Bicycles
1361,2,153,1,4999.99,0.05,4749.9905,Trek Domane SL 7 Women's - 2018,Road Bikes
1361,3,163,2,1349,0.2,2158.4,Surly Pack Rat - 2018,Road Bikes
1362,1,27,2,999.99,0.2,1599.984,Surly Big Dummy Frameset - 2017,Mountain Bikes
1362,2,204,2,3599.99,0.07,6695.9814,Trek Super Commuter+ 7 - 2018,Electric Bikes
1362,3,4,2,2899.99,0.2,4639.984,Trek Fuel EX 8 29 - 2016,Mountain Bikes
1363,1,66,2,250.99,0.1,451.782,Sun Bicycles Revolutions 24 - 2017,Cruisers Bicycles
1364,1,78,1,647.99,0.07,602.6307,Sun Bicycles Biscayne Tandem CB - 2017,Cruisers Bicycles
1364,2,155,2,11999.99,0.1,21599.982,Trek Domane SLR 9 Disc - 2018,Road Bikes
1364,3,152,1,2499.99,0.1,2249.991,Trek Domane SL 5 Disc Women's - 2018,Road Bikes
1364,4,110,1,470.99,0.07,438.0207,Sun Bicycles Drifter 7 - 2017,Comfort Bicycles
1365,1,144,1,1549.99,0.07,1441.4907,Trek Domane ALR 4 Disc - 2018,Road Bikes
1365,2,58,1,4999.99,0.07,4649.9907,Trek Madone 9.2 - 2017,Road Bikes
1365,3,236,1,749.99,0.05,712.4905,Electra Morningstar 3i Ladies' - 2018,Cruisers Bicycles
1366,1,115,1,3199.99,0.1,2879.991,Trek Fuel EX 8 29 - 2018,Mountain Bikes
1366,2,128,2,1899,0.2,3038.4,Surly ECR 27.5 - 2018,Mountain Bikes
1366,3,200,1,3499.99,0.07,3254.9907,Trek Powerfly 5 - 2018,Electric Bikes
1367,1,132,1,1499.99,0.1,1349.991,Trek Procal AL Frameset - 2018,Mountain Bikes
1367,2,131,2,2599,0.2,4158.4,Heller Bloodhound Trail - 2018,Mountain Bikes
1367,3,124,1,1499,0.07,1394.07,Surly Krampus - 2018,Mountain Bikes
1367,4,24,2,549.99,0.05,1044.981,Electra Townie Original 21D - 2016,Comfort Bicycles
1368,1,66,1,250.99,0.1,225.891,Sun Bicycles Revolutions 24 - 2017,Cruisers Bicycles
1368,2,113,2,489.99,0.07,911.3814,Trek Marlin 5 - 2018,Mountain Bikes
1368,3,186,1,4499.99,0.2,3599.992,Trek CrossRip+ - 2018,Electric Bikes
1369,1,213,2,269.99,0.05,512.981,Electra Cruiser 1 - 2016/2017/2018,Cruisers Bicycles
1370,1,7,1,3999.99,0.07,3719.9907,Trek Slash 8 27.5 - 2016,Mountain Bikes
1370,2,89,2,209.99,0.1,377.982,Trek Precaliber 16 Boys - 2017,Children Bicycles
1370,3,208,2,1799.99,0.2,2879.984,Trek Crockett 5 Disc - 2018,Cyclocross Bicycles
1370,4,134,1,1499.99,0.1,1349.991,Trek Remedy 27.5 C Frameset - 2018,Mountain Bikes
1371,1,223,2,529.99,0.07,985.7814,Electra Cruiser Lux 3i - 2018,Cruisers Bicycles
1371,2,8,2,1799.99,0.2,2879.984,Trek Remedy 29 Carbon Frameset - 2016,Mountain Bikes
1372,1,307,1,749.99,0.07,697.4907,Electra Townie Balloon 8D EQ - 2016/2017/2018,Comfort Bicycles
1372,2,283,2,319.99,0.2,511.984,Electra Heartchya 1 (20-inch) - Girl's - 2018,Children Bicycles
1373,1,63,1,3499.99,0.1,3149.991,Trek Boone Race Shop Limited - 2017,Cyclocross Bicycles
1374,1,181,2,2199.99,0.05,4179.981,Trek Domane SL 5 - 2018,Road Bikes
1374,2,130,2,919.99,0.07,1711.1814,Trek Stache Carbon Frameset - 2018,Mountain Bikes
1375,1,147,2,1799.99,0.05,3419.981,Trek Domane ALR 5 Gravel - 2018,Road Bikes
1375,2,182,1,2499.99,0.2,1999.992,Trek Domane SL 5 Disc - 2018,Road Bikes
1376,1,5,1,1320.99,0.07,1228.5207,Heller Shagamaw Frame - 2016,Mountain Bikes
1377,1,153,2,4999.99,0.05,9499.981,Trek Domane SL 7 Women's - 2018,Road Bikes
1377,2,130,1,919.99,0.05,873.9905,Trek Stache Carbon Frameset - 2018,Mountain Bikes
1377,3,48,1,1499.99,0.07,1394.9907,Trek Emonda S 4 - 2017,Road Bikes
1377,4,188,2,3499.99,0.07,6509.9814,Trek XM700+ Lowstep - 2018,Electric Bikes
1378,1,96,2,349.99,0.07,650.9814,Electra Moto 3i (20-inch) - Boy's - 2017,Children Bicycles
1378,2,142,2,3199.99,0.07,5951.9814,Trek Fuel EX 8 29 XT - 2018,Mountain Bikes
1378,3,2,2,749.99,0.2,1199.984,Ritchey Timberwolf Frameset - 2016,Mountain Bikes
1378,4,110,1,470.99,0.07,438.0207,Sun Bicycles Drifter 7 - 2017,Comfort Bicycles
1378,5,129,2,919.99,0.2,1471.984,Trek X-Caliber 7 - 2018,Mountain Bikes
1379,1,15,1,529.99,0.1,476.991,Electra Moto 1 - 2016,Cruisers Bicycles
1379,2,118,1,999.99,0.1,899.991,Trek X-Caliber 8 - 2018,Mountain Bikes
1379,3,263,2,89.99,0.1,161.982,Strider Classic 12 Balance Bike - 2018,Children Bicycles
1380,1,255,2,899.99,0.1,1619.982,Electra Townie Balloon 7i EQ Ladies' - 2017/2018,Cruisers Bicycles
1380,2,229,2,429.99,0.07,799.7814,Electra Cruiser Lux 1 - 2016/2018,Cruisers Bicycles
1381,1,274,2,229.99,0.2,367.984,Trek Precaliber 20 Boy's - 2018,Children Bicycles
1381,2,214,2,899.99,0.1,1619.982,Electra Tiger Shark 3i - 2018,Cruisers Bicycles
1382,1,232,1,479.99,0.2,383.992,Electra Cruiser Lux 7D Ladies' - 2018,Cruisers Bicycles
1382,2,81,2,1099.99,0.05,2089.981,Electra Amsterdam Fashion 7i Ladies' - 2017,Cruisers Bicycles
1382,3,225,1,959.99,0.1,863.991,Electra Delivery 3i - 2016/2017/2018,Cruisers Bicycles
1382,4,135,1,1499.99,0.07,1394.9907,Trek X-Caliber Frameset - 2018,Mountain Bikes
1382,5,238,1,749.99,0.2,599.992,Electra Townie Balloon 8D EQ - 2016/2017/2018,Cruisers Bicycles
1383,1,188,2,3499.99,0.2,5599.984,Trek XM700+ Lowstep - 2018,Electric Bikes
1383,2,65,2,346.99,0.05,659.281,Sun Bicycles Lil Bolt Type-R - 2017,Cruisers Bicycles
1384,1,32,1,469.99,0.07,437.0907,Trek Farley Alloy Frameset - 2017,Mountain Bikes
1384,2,142,2,3199.99,0.1,5759.982,Trek Fuel EX 8 29 XT - 2018,Mountain Bikes
1384,3,89,1,209.99,0.1,188.991,Trek Precaliber 16 Boys - 2017,Children Bicycles
1384,4,97,1,349.99,0.05,332.4905,Electra Savannah 3i (20-inch) - Girl's - 2017,Children Bicycles
1385,1,24,2,549.99,0.05,1044.981,Electra Townie Original 21D - 2016,Comfort Bicycles
1385,2,145,1,1799.99,0.07,1673.9907,Trek Domane ALR 5 Disc - 2018,Road Bikes
1385,3,39,2,1499.99,0.1,2699.982,Trek Stache 5 - 2017,Mountain Bikes
1385,4,135,1,1499.99,0.05,1424.9905,Trek X-Caliber Frameset - 2018,Mountain Bikes
1386,1,292,1,369.99,0.2,295.992,Electra Sweet Ride 3i (20-inch) - Girls' - 2018,Children Bicycles
1386,2,262,1,249.99,0.1,224.991,Trek MT 201 - 2018,Children Bicycles
1386,3,306,1,899.99,0.1,809.991,Electra Townie Balloon 7i EQ Ladies' - 2017/2018,Comfort Bicycles
1386,4,150,1,4499.99,0.07,4184.9907,Trek Emonda SL 7 - 2018,Road Bikes
1387,1,106,1,449.99,0.1,404.991,Sun Bicycles Cruz 3 - 2017,Comfort Bicycles
1388,1,251,1,2999.99,0.1,2699.991,Electra Townie Commute Go! - 2018,Cruisers Bicycles
1389,1,85,2,329.99,0.1,593.982,Haro Downtown 16 - 2017,Children Bicycles
1389,2,171,2,3199.99,0.05,6079.981,Trek Domane SL 6 - 2018,Road Bikes
1389,3,227,1,319.99,0.07,297.5907,Electra Cruiser 7D (24-Inch) Ladies' - 2016/2018,Cruisers Bicycles
1390,1,41,2,1469.99,0.05,2792.981,Haro Shift R3 - 2017,Mountain Bikes
1390,2,27,2,999.99,0.05,1899.981,Surly Big Dummy Frameset - 2017,Mountain Bikes
1390,3,306,1,899.99,0.1,809.991,Electra Townie Balloon 7i EQ Ladies' - 2017/2018,Comfort Bicycles
1390,4,104,1,481.99,0.05,457.8905,Sun Bicycles Streamway - 2017,Comfort Bicycles
1390,5,147,2,1799.99,0.1,3239.982,Trek Domane ALR 5 Gravel - 2018,Road Bikes
1391,1,223,2,529.99,0.07,985.7814,Electra Cruiser Lux 3i - 2018,Cruisers Bicycles
1391,2,295,2,319.99,0.2,511.984,"Electra Treasure 1 20"" - 2018",Children Bicycles
1391,3,277,1,369.99,0.2,295.992,Trek Precaliber 24 21-speed Boy's - 2018,Children Bicycles
1392,1,87,2,189.99,0.2,303.984,Trek Precaliber 12 Boys - 2017,Children Bicycles
1392,2,240,2,899.99,0.05,1709.981,Electra Townie Commute 27D Ladies - 2018,Cruisers Bicycles
1393,1,92,1,209.99,0.07,195.2907,Haro Shredder 20 - 2017,Children Bicycles
1393,2,82,1,659.99,0.07,613.7907,Electra Amsterdam Original 3i Ladies' - 2017,Cruisers Bicycles
1393,3,47,2,5299.99,0.05,10069.981,Trek Remedy 9.8 - 2017,Mountain Bikes
1393,4,268,2,159.99,0.05,303.981,Trek Kickster - 2018,Children Bicycles
1394,1,165,2,2499.99,0.05,4749.981,Trek 1120 - 2018,Road Bikes
1395,1,204,1,3599.99,0.2,2879.992,Trek Super Commuter+ 7 - 2018,Electric Bikes
1395,2,48,2,1499.99,0.1,2699.982,Trek Emonda S 4 - 2017,Road Bikes
1395,3,180,2,919.99,0.2,1471.984,Trek Domane AL 3 Women's - 2018,Road Bikes
1395,4,226,1,679.99,0.1,611.991,Electra Townie Original 21D EQ - 2017/2018,Cruisers Bicycles
1396,1,57,1,1999.99,0.05,1899.9905,Trek Emonda S 5 - 2017,Road Bikes
1396,2,181,1,2199.99,0.2,1759.992,Trek Domane SL 5 - 2018,Road Bikes
1397,1,127,2,469.99,0.1,845.982,Surly Pack Rat Frameset - 2018,Mountain Bikes
1397,2,139,1,2999.99,0.07,2789.9907,Trek Remedy 7 27.5 - 2018,Mountain Bikes
1397,3,7,1,3999.99,0.05,3799.9905,Trek Slash 8 27.5 - 2016,Mountain Bikes
1397,4,249,1,749.99,0.05,712.4905,Electra White Water 3i - 2018,Cruisers Bicycles
1397,5,78,2,647.99,0.1,1166.382,Sun Bicycles Biscayne Tandem CB - 2017,Cruisers Bicycles
1398,1,69,2,416.99,0.05,792.281,Sun Bicycles Cruz 7 - 2017,Cruisers Bicycles
1398,2,53,1,749.99,0.2,599.992,Surly Ogre Frameset - 2017,Road Bikes
1399,1,210,2,1549,0.2,2478.4,Surly Straggler - 2018,Cyclocross Bicycles
1399,2,224,1,479.99,0.05,455.9905,Electra Cruiser Lux 7D - 2018,Cruisers Bicycles
1399,3,127,2,469.99,0.07,874.1814,Surly Pack Rat Frameset - 2018,Mountain Bikes
1399,4,28,1,2499.99,0.05,2374.9905,Surly Karate Monkey 27.5+ Frameset - 2017,Mountain Bikes
1400,1,24,2,549.99,0.2,879.984,Electra Townie Original 21D - 2016,Comfort Bicycles
1400,2,217,2,909.99,0.2,1455.984,Electra Straight 8 3i - 2018,Cruisers Bicycles
1400,3,275,1,229.99,0.1,206.991,Trek Precaliber 20 Girl's - 2018,Children Bicycles
1400,4,90,1,209.99,0.07,195.2907,Trek Precaliber 16 Girls - 2017,Children Bicycles
1401,1,112,1,379.99,0.07,353.3907,Trek 820 - 2018,Mountain Bikes
1401,2,230,1,429.99,0.05,408.4905,Electra Cruiser Lux 1 Ladies' - 2018,Cruisers Bicycles
1401,3,254,2,749.99,0.2,1199.984,Electra Townie Balloon 3i EQ - 2017/2018,Cruisers Bicycles
1402,1,189,2,2799.99,0.2,4479.984,Trek Lift+ Lowstep - 2018,Electric Bikes
1402,2,28,2,2499.99,0.05,4749.981,Surly Karate Monkey 27.5+ Frameset - 2017,Mountain Bikes
1402,3,203,1,4999.99,0.05,4749.9905,Trek Powerfly 7 FS - 2018,Electric Bikes
1402,4,273,1,289.99,0.07,269.6907,Trek Precaliber 20 6-speed Girl's - 2018,Children Bicycles
1403,1,93,2,209.99,0.1,377.982,Haro Shredder 20 Girls - 2017,Children Bicycles
1404,1,112,2,379.99,0.05,721.981,Trek 820 - 2018,Mountain Bikes
1404,2,220,1,269.99,0.1,242.991,Electra Cruiser 1 Ladies' - 2018,Cruisers Bicycles
1404,3,193,2,2799.99,0.2,4479.984,Trek Lift+ - 2018,Electric Bikes
1405,1,162,2,2999.99,0.1,5399.982,Trek Emonda SL 6 Disc - 2018,Road Bikes
1406,1,230,2,429.99,0.05,816.981,Electra Cruiser Lux 1 Ladies' - 2018,Cruisers Bicycles
1406,2,113,1,489.99,0.1,440.991,Trek Marlin 5 - 2018,Mountain Bikes
1407,1,300,1,799.99,0.05,759.9905,Electra Townie Balloon 3i EQ Ladies' - 2018,Comfort Bicycles
1407,2,36,2,832.99,0.1,1499.382,Surly Troll Frameset - 2017,Mountain Bikes
1407,3,266,1,399.99,0.1,359.991,Trek Superfly 20 - 2018,Children Bicycles
1407,4,35,1,832.99,0.2,666.392,Sun Bicycles Spider 3i - 2017,Mountain Bikes
1408,1,23,2,299.99,0.2,479.984,Electra Girl's Hawaii 1 (20-inch) - 2015/2016,Children Bicycles
1408,2,166,1,749.99,0.2,599.992,Trek Domane AL 2 Women's - 2018,Road Bikes
1408,3,114,1,579.99,0.07,539.3907,Trek Marlin 6 - 2018,Mountain Bikes
1408,4,137,2,2599,0.2,4158.4,Heller Shagamaw GX1 - 2018,Mountain Bikes
1409,1,301,2,899.99,0.07,1673.9814,Electra Townie Balloon 7i EQ - 2018,Comfort Bicycles
1409,2,170,1,1299.99,0.07,1208.9907,Trek CrossRip 2 - 2018,Road Bikes
1409,3,171,2,3199.99,0.05,6079.981,Trek Domane SL 6 - 2018,Road Bikes
1409,4,265,1,289.99,0.05,275.4905,Strider Strider 20 Sport - 2018,Children Bicycles
1409,5,222,1,269.99,0.1,242.991,Electra Cruiser 1 Tall - 2016/2018,Cruisers Bicycles
1410,1,205,2,4999.99,0.1,8999.982,Trek Super Commuter+ 8S - 2018,Electric Bikes
1410,2,203,2,4999.99,0.2,7999.984,Trek Powerfly 7 FS - 2018,Electric Bikes
1410,3,304,1,679.99,0.1,611.991,Electra Townie Original 21D EQ - 2017/2018,Comfort Bicycles
1411,1,9,1,2999.99,0.1,2699.991,Trek Conduit+ - 2016,Electric Bikes
1411,2,308,2,749.99,0.2,1199.984,Electra Townie Balloon 8D EQ Ladies' - 2016/2017/2018,Comfort Bicycles
1412,1,180,2,919.99,0.07,1711.1814,Trek Domane AL 3 Women's - 2018,Road Bikes
1412,2,43,1,5299.99,0.1,4769.991,Trek Fuel EX 9.8 27.5 Plus - 2017,Mountain Bikes
1412,3,109,2,416.99,0.07,775.6014,Sun Bicycles Cruz 7 - Women's - 2017,Comfort Bicycles
1413,1,297,2,279.99,0.05,531.981,"Electra Under-The-Sea 1 16"" - 2018",Children Bicycles
1414,1,162,2,2999.99,0.1,5399.982,Trek Emonda SL 6 Disc - 2018,Road Bikes
1414,2,292,2,369.99,0.05,702.981,Electra Sweet Ride 3i (20-inch) - Girls' - 2018,Children Bicycles
1415,1,31,2,1632.99,0.07,3037.3614,Surly Wednesday - 2017,Mountain Bikes
1415,2,17,1,429,0.05,407.55,Pure Cycles Vine 8-Speed - 2016,Cruisers Bicycles
1415,3,264,2,249.99,0.1,449.982,Strider Sport 16 - 2018,Children Bicycles
1415,4,245,1,659.99,0.05,626.9905,Electra Townie Original 3i EQ - 2017/2018,Cruisers Bicycles
1416,1,194,1,3499.99,0.2,2799.992,Trek XM700+ - 2018,Electric Bikes
1416,2,242,2,699.99,0.1,1259.982,Electra Townie Commute 8D Ladies' - 2018,Cruisers Bicycles
1416,3,92,2,209.99,0.05,398.981,Haro Shredder 20 - 2017,Children Bicycles
1417,1,219,2,639.99,0.2,1023.984,Electra Moto 3i - 2018,Cruisers Bicycles
1418,1,120,2,2499.99,0.2,3999.984,Trek Fuel EX 7 29 - 2018,Mountain Bikes
1418,2,243,2,679.99,0.05,1291.981,Electra Townie Original 21D EQ Ladies' - 2018,Cruisers Bicycles
1419,1,124,1,1499,0.07,1394.07,Surly Krampus - 2018,Mountain Bikes
1419,2,235,2,899.99,0.2,1439.984,Electra Koa 3i Ladies' - 2018,Cruisers Bicycles
1419,3,234,1,899.99,0.1,809.991,Electra Daydreamer 3i Ladies' - 2018,Cruisers Bicycles
1420,1,197,1,2299.99,0.2,1839.992,Trek Verve+ Lowstep - 2018,Electric Bikes
1420,2,194,2,3499.99,0.1,6299.982,Trek XM700+ - 2018,Electric Bikes
1420,3,128,1,1899,0.1,1709.1,Surly ECR 27.5 - 2018,Mountain Bikes
1421,1,298,2,279.99,0.05,531.981,Electra Water Lily 1 (16-inch) - Girl's - 2018,Children Bicycles
1422,1,80,2,761.99,0.07,1417.3014,Sun Bicycles Brickell Tandem CB - 2017,Cruisers Bicycles
1422,2,180,2,919.99,0.2,1471.984,Trek Domane AL 3 Women's - 2018,Road Bikes
1422,3,243,1,679.99,0.05,645.9905,Electra Townie Original 21D EQ Ladies' - 2018,Cruisers Bicycles
1423,1,249,1,749.99,0.2,599.992,Electra White Water 3i - 2018,Cruisers Bicycles
1423,2,71,1,416.99,0.1,375.291,Sun Bicycles Atlas X-Type - 2017,Cruisers Bicycles
1423,3,302,1,449.99,0.2,359.992,Electra Townie Original 1 - 2018,Comfort Bicycles
1423,4,113,2,489.99,0.2,783.984,Trek Marlin 5 - 2018,Mountain Bikes
1424,1,140,2,4999.99,0.2,7999.984,Trek Remedy 9.8 27.5 - 2018,Mountain Bikes
1425,1,227,2,319.99,0.05,607.981,Electra Cruiser 7D (24-Inch) Ladies' - 2016/2018,Cruisers Bicycles
1425,2,263,1,89.99,0.07,83.6907,Strider Classic 12 Balance Bike - 2018,Children Bicycles
1425,3,93,1,209.99,0.07,195.2907,Haro Shredder 20 Girls - 2017,Children Bicycles
1425,4,54,2,3199.99,0.05,6079.981,Trek Domane SL Disc Frameset - 2017,Road Bikes
1425,5,145,2,1799.99,0.07,3347.9814,Trek Domane ALR 5 Disc - 2018,Road Bikes
1426,1,215,1,749.99,0.07,697.4907,Electra Queen of Hearts 3i - 2018,Cruisers Bicycles
1426,2,20,2,599.99,0.05,1139.981,Electra Townie Original 7D EQ - Women's - 2016,Cruisers Bicycles
1426,3,281,1,319.99,0.07,297.5907,Electra Cruiser 7D (24-Inch) Ladies' - 2016/2018,Children Bicycles
1427,1,230,2,429.99,0.07,799.7814,Electra Cruiser Lux 1 Ladies' - 2018,Cruisers Bicycles
1427,2,139,1,2999.99,0.05,2849.9905,Trek Remedy 7 27.5 - 2018,Mountain Bikes
1427,3,164,2,1549,0.07,2881.14,Surly Straggler 650b - 2018,Road Bikes
1428,1,216,2,899.99,0.2,1439.984,Electra Super Moto 8i - 2018,Cruisers Bicycles
1428,2,126,1,469.99,0.07,437.0907,Surly Big Fat Dummy Frameset - 2018,Mountain Bikes
1428,3,187,2,2799.99,0.07,5207.9814,Trek Neko+ - 2018,Electric Bikes
1428,4,28,1,2499.99,0.1,2249.991,Surly Karate Monkey 27.5+ Frameset - 2017,Mountain Bikes
1428,5,194,2,3499.99,0.2,5599.984,Trek XM700+ - 2018,Electric Bikes
1429,1,70,2,659.99,0.2,1055.984,Electra Amsterdam Original 3i - 2015/2017,Cruisers Bicycles
1430,1,221,1,319.99,0.05,303.9905,Electra Cruiser 7D Ladies' - 2016/2018,Cruisers Bicycles
1430,2,281,1,319.99,0.07,297.5907,Electra Cruiser 7D (24-Inch) Ladies' - 2016/2018,Children Bicycles
1431,1,207,1,3999.99,0.1,3599.991,Trek Boone 7 Disc - 2018,Cyclocross Bicycles
1431,2,53,1,749.99,0.07,697.4907,Surly Ogre Frameset - 2017,Road Bikes
1431,3,252,1,2999.99,0.2,2399.992,Electra Townie Commute Go! Ladies' - 2018,Cruisers Bicycles
1431,4,254,1,749.99,0.07,697.4907,Electra Townie Balloon 3i EQ - 2017/2018,Cruisers Bicycles
1432,1,161,1,1899,0.2,1519.2,Surly ECR - 2018,Road Bikes
1433,1,264,1,249.99,0.07,232.4907,Strider Sport 16 - 2018,Children Bicycles
1434,1,229,2,429.99,0.2,687.984,Electra Cruiser Lux 1 - 2016/2018,Cruisers Bicycles
1434,2,198,1,2999.99,0.1,2699.991,Electra Townie Commute Go! - 2018,Electric Bikes
1434,3,286,2,279.99,0.1,503.982,"Electra Starship 1 16"" - 2018",Children Bicycles
1434,4,61,2,4999.99,0.07,9299.9814,Trek Powerfly 8 FS Plus - 2017,Electric Bikes
1435,1,141,2,1599.99,0.07,2975.9814,Trek Stache 5 - 2018,Mountain Bikes
1435,2,29,1,999.99,0.2,799.992,Trek X-Caliber 8 - 2017,Mountain Bikes
1435,3,60,1,1559.99,0.1,1403.991,Sun Bicycles ElectroLite - 2017,Electric Bikes
1435,4,260,1,799.99,0.07,743.9907,Electra Townie Balloon 3i EQ Ladies' - 2018,Cruisers Bicycles
1436,1,244,2,559.99,0.07,1041.5814,Electra Townie Original 21D Ladies' - 2018,Cruisers Bicycles
1437,1,141,2,1599.99,0.05,3039.981,Trek Stache 5 - 2018,Mountain Bikes
1438,1,225,1,959.99,0.2,767.992,Electra Delivery 3i - 2016/2017/2018,Cruisers Bicycles
1438,2,140,1,4999.99,0.2,3999.992,Trek Remedy 9.8 27.5 - 2018,Mountain Bikes
1438,3,81,2,1099.99,0.05,2089.981,Electra Amsterdam Fashion 7i Ladies' - 2017,Cruisers Bicycles
1438,4,137,1,2599,0.1,2339.1,Heller Shagamaw GX1 - 2018,Mountain Bikes
1438,5,190,2,2799.99,0.07,5207.9814,Trek Dual Sport+ - 2018,Electric Bikes
1439,1,42,1,2299.99,0.07,2138.9907,Trek Fuel EX 5 27.5 Plus - 2017,Mountain Bikes
1439,2,263,1,89.99,0.2,71.992,Strider Classic 12 Balance Bike - 2018,Children Bicycles
1439,3,102,2,489.99,0.05,930.981,Electra Townie Original 7D - 2017,Comfort Bicycles
1439,4,149,1,7499.99,0.05,7124.9905,Trek Domane SLR 8 Disc - 2018,Road Bikes
1440,1,116,2,749.99,0.07,1394.9814,Trek Marlin 7 - 2017/2018,Mountain Bikes
1440,2,109,1,416.99,0.07,387.8007,Sun Bicycles Cruz 7 - Women's - 2017,Comfort Bicycles
1440,3,186,1,4499.99,0.1,4049.991,Trek CrossRip+ - 2018,Electric Bikes
1440,4,178,2,749.99,0.05,1424.981,Trek Domane AL 2 - 2018,Road Bikes
1440,5,67,2,250.99,0.2,401.584,Sun Bicycles Revolutions 24 - Girl's - 2017,Cruisers Bicycles
1441,1,6,1,469.99,0.05,446.4905,Surly Ice Cream Truck Frameset - 2016,Mountain Bikes
1441,2,242,2,699.99,0.2,1119.984,Electra Townie Commute 8D Ladies' - 2018,Cruisers Bicycles
1441,3,46,1,1409.99,0.07,1311.2907,Haro SR 1.3 - 2017,Mountain Bikes
1442,1,160,1,4499.99,0.1,4049.991,Trek Emonda SLR 6 - 2018,Road Bikes
1442,2,220,1,269.99,0.07,251.0907,Electra Cruiser 1 Ladies' - 2018,Cruisers Bicycles
1442,3,271,2,209.99,0.05,398.981,Trek Precaliber 16 Girl's - 2018,Children Bicycles
1443,1,160,1,4499.99,0.07,4184.9907,Trek Emonda SLR 6 - 2018,Road Bikes
1443,2,57,1,1999.99,0.2,1599.992,Trek Emonda S 5 - 2017,Road Bikes
1443,3,101,2,339.99,0.1,611.982,Electra Townie 7D (20-inch) - Boys' - 2017,Children Bicycles
1444,1,90,1,209.99,0.1,188.991,Trek Precaliber 16 Girls - 2017,Children Bicycles
1444,2,128,2,1899,0.2,3038.4,Surly ECR 27.5 - 2018,Mountain Bikes
1445,1,219,2,639.99,0.1,1151.982,Electra Moto 3i - 2018,Cruisers Bicycles
1445,2,52,1,875.99,0.07,814.6707,Surly Steamroller - 2017,Road Bikes
1445,3,123,2,999.99,0.1,1799.982,Trek Farley Carbon Frameset - 2018,Mountain Bikes
1446,1,227,1,319.99,0.05,303.9905,Electra Cruiser 7D (24-Inch) Ladies' - 2016/2018,Cruisers Bicycles
1446,2,233,2,639.99,0.05,1215.981,Electra Cruiser Lux Fat Tire 7D - 2018,Cruisers Bicycles
1446,3,234,2,899.99,0.05,1709.981,Electra Daydreamer 3i Ladies' - 2018,Cruisers Bicycles
1447,1,148,1,5499.99,0.2,4399.992,Trek Domane SL 8 Disc - 2018,Road Bikes
1448,1,239,1,749.99,0.1,674.991,Electra Townie Balloon 8D EQ Ladies' - 2016/2017/2018,Cruisers Bicycles
1449,1,159,1,2299.99,0.07,2138.9907,Trek Emonda ALR 6 - 2018,Road Bikes
1449,2,55,1,2699.99,0.2,2159.992,Trek Domane S 6 - 2017,Road Bikes
1449,3,260,2,799.99,0.07,1487.9814,Electra Townie Balloon 3i EQ Ladies' - 2018,Cruisers Bicycles
1449,4,252,2,2999.99,0.05,5699.981,Electra Townie Commute Go! Ladies' - 2018,Cruisers Bicycles
1449,5,14,2,269.99,0.1,485.982,Electra Girl's Hawaii 1 (16-inch) - 2015/2016,Cruisers Bicycles
1450,1,98,1,489.99,0.07,455.6907,Electra Straight 8 3i (20-inch) - Boy's - 2017,Children Bicycles
1450,2,173,2,3199.99,0.1,5759.982,Trek Domane ALR Frameset - 2018,Road Bikes
1450,3,299,1,559.99,0.2,447.992,Electra Townie Original 21D - 2018,Comfort Bicycles
1450,4,209,2,2999.99,0.1,5399.982,Trek Crockett 7 Disc - 2018,Cyclocross Bicycles
1450,5,235,2,899.99,0.05,1709.981,Electra Koa 3i Ladies' - 2018,Cruisers Bicycles
1451,1,117,1,1469.99,0.05,1396.4905,Trek Ticket S Frame - 2018,Mountain Bikes
1452,1,99,2,299.99,0.1,539.982,Electra Sugar Skulls 1 (20-inch) - Girl's - 2017,Children Bicycles
1452,2,234,1,899.99,0.2,719.992,Electra Daydreamer 3i Ladies' - 2018,Cruisers Bicycles
1452,3,86,2,149.99,0.05,284.981,Trek Girl's Kickster - 2017,Children Bicycles
1452,4,109,2,416.99,0.07,775.6014,Sun Bicycles Cruz 7 - Women's - 2017,Comfort Bicycles
1453,1,89,2,209.99,0.1,377.982,Trek Precaliber 16 Boys - 2017,Children Bicycles
1454,1,283,1,319.99,0.07,297.5907,Electra Heartchya 1 (20-inch) - Girl's - 2018,Children Bicycles
1454,2,35,2,832.99,0.1,1499.382,Sun Bicycles Spider 3i - 2017,Mountain Bikes
1454,3,124,1,1499,0.2,1199.2,Surly Krampus - 2018,Mountain Bikes
1454,4,38,2,549.99,0.05,1044.981,Haro Flightline Two 26 Plus - 2017,Mountain Bikes
1455,1,101,2,339.99,0.05,645.981,Electra Townie 7D (20-inch) - Boys' - 2017,Children Bicycles
1455,2,254,1,749.99,0.2,599.992,Electra Townie Balloon 3i EQ - 2017/2018,Cruisers Bicycles
1456,1,193,2,2799.99,0.05,5319.981,Trek Lift+ - 2018,Electric Bikes
1456,2,246,1,639.99,0.07,595.1907,Electra Townie Original 3i EQ Ladies' - 2018,Cruisers Bicycles
1456,3,268,2,159.99,0.1,287.982,Trek Kickster - 2018,Children Bicycles
1456,4,272,1,289.99,0.1,260.991,Trek Precaliber 20 6-speed Boy's - 2018,Children Bicycles
1456,5,126,1,469.99,0.1,422.991,Surly Big Fat Dummy Frameset - 2018,Mountain Bikes
1457,1,113,1,489.99,0.07,455.6907,Trek Marlin 5 - 2018,Mountain Bikes
1457,2,111,1,470.99,0.2,376.792,Sun Bicycles Drifter 7 - Women's - 2017,Comfort Bicycles
1457,3,268,1,159.99,0.2,127.992,Trek Kickster - 2018,Children Bicycles
1457,4,152,2,2499.99,0.2,3999.984,Trek Domane SL 5 Disc Women's - 2018,Road Bikes
1458,1,295,2,319.99,0.05,607.981,"Electra Treasure 1 20"" - 2018",Children Bicycles
1458,2,105,1,533.99,0.05,507.2905,Sun Bicycles Streamway 7 - 2017,Comfort Bicycles
1458,3,12,1,549.99,0.05,522.4905,Electra Townie Original 21D - 2016,Cruisers Bicycles
1458,4,78,2,647.99,0.1,1166.382,Sun Bicycles Biscayne Tandem CB - 2017,Cruisers Bicycles
1459,1,258,1,1259.9,0.1,1133.91,Electra Amsterdam Royal 8i - 2017/2018,Cruisers Bicycles
1460,1,201,1,4499.99,0.05,4274.9905,Trek Powerfly 5 FS - 2018,Electric Bikes
1460,2,76,1,299.99,0.07,278.9907,"Electra Girl's Hawaii 1 16"" - 2017",Cruisers Bicycles
1460,3,167,1,749.99,0.05,712.4905,Surly ECR Frameset - 2018,Road Bikes
1460,4,7,2,3999.99,0.07,7439.9814,Trek Slash 8 27.5 - 2016,Mountain Bikes
1460,5,123,2,999.99,0.07,1859.9814,Trek Farley Carbon Frameset - 2018,Mountain Bikes
1461,1,48,1,1499.99,0.2,1199.992,Trek Emonda S 4 - 2017,Road Bikes
1461,2,242,2,699.99,0.2,1119.984,Electra Townie Commute 8D Ladies' - 2018,Cruisers Bicycles
1462,1,263,1,89.99,0.2,71.992,Strider Classic 12 Balance Bike - 2018,Children Bicycles
1462,2,25,1,499.99,0.07,464.9907,Electra Townie Original 7D - 2015/2016,Comfort Bicycles
1462,3,223,1,529.99,0.1,476.991,Electra Cruiser Lux 3i - 2018,Cruisers Bicycles
1462,4,294,1,369.99,0.1,332.991,Electra Tiger Shark 3i (20-inch) - Boys' - 2018,Children Bicycles
1462,5,251,1,2999.99,0.05,2849.9905,Electra Townie Commute Go! - 2018,Cruisers Bicycles
1463,1,51,2,6499.99,0.05,12349.981,Trek Silque SLR 8 Women's - 2017,Road Bikes
1463,2,168,1,1549,0.05,1471.55,Surly Straggler - 2018,Road Bikes
1464,1,109,2,416.99,0.05,792.281,Sun Bicycles Cruz 7 - Women's - 2017,Comfort Bicycles
1464,2,124,1,1499,0.2,1199.2,Surly Krampus - 2018,Mountain Bikes
1464,3,165,2,2499.99,0.2,3999.984,Trek 1120 - 2018,Road Bikes
1464,4,151,2,1549.99,0.05,2944.981,Trek Domane ALR 4 Disc Women's - 2018,Road Bikes
1465,1,70,2,659.99,0.05,1253.981,Electra Amsterdam Original 3i - 2015/2017,Cruisers Bicycles
1466,1,310,2,899.99,0.07,1673.9814,Electra Townie Commute 27D Ladies - 2018,Comfort Bicycles
1466,2,251,1,2999.99,0.05,2849.9905,Electra Townie Commute Go! - 2018,Cruisers Bicycles
1466,3,163,2,1349,0.2,2158.4,Surly Pack Rat - 2018,Road Bikes
1466,4,39,2,1499.99,0.05,2849.981,Trek Stache 5 - 2017,Mountain Bikes
1467,1,18,1,449,0.07,417.57,Pure Cycles Western 3-Speed - Women's - 2015/2016,Cruisers Bicycles
1467,2,115,1,3199.99,0.2,2559.992,Trek Fuel EX 8 29 - 2018,Mountain Bikes
1467,3,278,2,369.99,0.1,665.982,Trek Precaliber 24 21-speed Girl's - 2018,Children Bicycles
1468,1,269,1,199.99,0.05,189.9905,Trek Precaliber 12 Boy's - 2018,Children Bicycles
1468,2,58,1,4999.99,0.07,4649.9907,Trek Madone 9.2 - 2017,Road Bikes
1468,3,50,2,5999.99,0.07,11159.9814,Trek Silque SLR 7 Women's - 2017,Road Bikes
1469,1,77,2,799.99,0.2,1279.984,Electra Glam Punk 3i Ladies' - 2017,Cruisers Bicycles
1469,2,237,2,849.99,0.05,1614.981,Electra Relic 3i - 2018,Cruisers Bicycles
1469,3,182,1,2499.99,0.07,2324.9907,Trek Domane SL 5 Disc - 2018,Road Bikes
1469,4,100,2,489.99,0.05,930.981,Electra Townie 3i EQ (20-inch) - Boys' - 2017,Children Bicycles
1470,1,110,2,470.99,0.1,847.782,Sun Bicycles Drifter 7 - 2017,Comfort Bicycles
1470,2,287,1,279.99,0.05,265.9905,Electra Straight 8 1 (16-inch) - Boy's - 2018,Children Bicycles
1470,3,252,2,2999.99,0.05,5699.981,Electra Townie Commute Go! Ladies' - 2018,Cruisers Bicycles
1471,1,59,2,2599.99,0.2,4159.984,Trek Domane S 5 Disc - 2017,Road Bikes
1471,2,136,1,1799.99,0.07,1673.9907,Trek Procaliber 6 - 2018,Mountain Bikes
1472,1,84,1,109.99,0.2,87.992,Sun Bicycles Lil Kitt'n - 2017,Children Bicycles
1472,2,300,1,799.99,0.2,639.992,Electra Townie Balloon 3i EQ Ladies' - 2018,Comfort Bicycles
1473,1,84,2,109.99,0.2,175.984,Sun Bicycles Lil Kitt'n - 2017,Children Bicycles
1473,2,102,1,489.99,0.07,455.6907,Electra Townie Original 7D - 2017,Comfort Bicycles
1474,1,301,1,899.99,0.2,719.992,Electra Townie Balloon 7i EQ - 2018,Comfort Bicycles
1474,2,123,1,999.99,0.05,949.9905,Trek Farley Carbon Frameset - 2018,Mountain Bikes
1475,1,306,2,899.99,0.05,1709.981,Electra Townie Balloon 7i EQ Ladies' - 2017/2018,Comfort Bicycles
1475,2,261,2,899.99,0.07,1673.9814,Electra Townie Balloon 7i EQ - 2018,Cruisers Bicycles
1475,3,161,2,1899,0.05,3608.1,Surly ECR - 2018,Road Bikes
1475,4,248,2,599.99,0.2,959.984,Electra Townie Original 7D EQ Ladies' - 2017/2018,Cruisers Bicycles
1476,1,142,2,3199.99,0.07,5951.9814,Trek Fuel EX 8 29 XT - 2018,Mountain Bikes
1476,2,91,2,349.99,0.07,650.9814,Trek Precaliber 24 (21-Speed) - Girls - 2017,Children Bicycles
1476,3,43,1,5299.99,0.07,4928.9907,Trek Fuel EX 9.8 27.5 Plus - 2017,Mountain Bikes
1476,4,191,1,2799.99,0.1,2519.991,Electra Loft Go! 8i - 2018,Electric Bikes
1476,5,265,2,289.99,0.1,521.982,Strider Strider 20 Sport - 2018,Children Bicycles
1477,1,210,2,1549,0.2,2478.4,Surly Straggler - 2018,Cyclocross Bicycles
1478,1,100,2,489.99,0.1,881.982,Electra Townie 3i EQ (20-inch) - Boys' - 2017,Children Bicycles
1478,2,123,1,999.99,0.2,799.992,Trek Farley Carbon Frameset - 2018,Mountain Bikes
1479,1,252,1,2999.99,0.05,2849.9905,Electra Townie Commute Go! Ladies' - 2018,Cruisers Bicycles
1479,2,256,1,899.99,0.1,809.991,Electra Townie Commute 27D - 2018,Cruisers Bicycles
1480,1,308,2,749.99,0.1,1349.982,Electra Townie Balloon 8D EQ Ladies' - 2016/2017/2018,Comfort Bicycles
1480,2,82,2,659.99,0.1,1187.982,Electra Amsterdam Original 3i Ladies' - 2017,Cruisers Bicycles
1480,3,92,2,209.99,0.07,390.5814,Haro Shredder 20 - 2017,Children Bicycles
1480,4,225,2,959.99,0.07,1785.5814,Electra Delivery 3i - 2016/2017/2018,Cruisers Bicycles
1481,1,53,2,749.99,0.07,1394.9814,Surly Ogre Frameset - 2017,Road Bikes
1481,2,130,1,919.99,0.1,827.991,Trek Stache Carbon Frameset - 2018,Mountain Bikes
1482,1,48,1,1499.99,0.1,1349.991,Trek Emonda S 4 - 2017,Road Bikes
1482,2,113,1,489.99,0.05,465.4905,Trek Marlin 5 - 2018,Mountain Bikes
1482,3,58,2,4999.99,0.07,9299.9814,Trek Madone 9.2 - 2017,Road Bikes
1482,4,40,1,4999.99,0.05,4749.9905,Trek Fuel EX 9.8 29 - 2017,Mountain Bikes
1482,5,205,2,4999.99,0.05,9499.981,Trek Super Commuter+ 8S - 2018,Electric Bikes
1483,1,280,1,489.99,0.05,465.4905,Trek Superfly 24 - 2017/2018,Children Bicycles
1483,2,226,2,679.99,0.07,1264.7814,Electra Townie Original 21D EQ - 2017/2018,Cruisers Bicycles
1484,1,295,2,319.99,0.07,595.1814,"Electra Treasure 1 20"" - 2018",Children Bicycles
1484,2,49,2,3499.99,0.2,5599.984,Trek Domane SL 6 - 2017,Road Bikes
1484,3,304,2,679.99,0.05,1291.981,Electra Townie Original 21D EQ - 2017/2018,Comfort Bicycles
1485,1,122,2,2499.99,0.2,3999.984,Surly Troll Frameset - 2018,Mountain Bikes
1485,2,276,1,319.99,0.2,255.992,Trek Precaliber 24 (7-Speed) - Boys - 2018,Children Bicycles
1486,1,60,2,1559.99,0.05,2963.981,Sun Bicycles ElectroLite - 2017,Electric Bikes
1486,2,98,1,489.99,0.05,465.4905,Electra Straight 8 3i (20-inch) - Boy's - 2017,Children Bicycles
1486,3,113,1,489.99,0.1,440.991,Trek Marlin 5 - 2018,Mountain Bikes
1486,4,269,1,199.99,0.1,179.991,Trek Precaliber 12 Boy's - 2018,Children Bicycles
1487,1,160,1,4499.99,0.07,4184.9907,Trek Emonda SLR 6 - 2018,Road Bikes
1487,2,151,2,1549.99,0.2,2479.984,Trek Domane ALR 4 Disc Women's - 2018,Road Bikes
1487,3,198,1,2999.99,0.05,2849.9905,Electra Townie Commute Go! - 2018,Electric Bikes
1487,4,196,1,2299.99,0.05,2184.9905,Trek Verve+ - 2018,Electric Bikes
1487,5,96,2,349.99,0.2,559.984,Electra Moto 3i (20-inch) - Boy's - 2017,Children Bicycles
1488,1,42,1,2299.99,0.07,2138.9907,Trek Fuel EX 5 27.5 Plus - 2017,Mountain Bikes
1488,2,122,1,2499.99,0.07,2324.9907,Surly Troll Frameset - 2018,Mountain Bikes
1489,1,198,1,2999.99,0.2,2399.992,Electra Townie Commute Go! - 2018,Electric Bikes
1489,2,282,2,279.99,0.2,447.984,Electra Cyclosaurus 1 (16-inch) - Boy's - 2018,Children Bicycles
1489,3,52,1,875.99,0.1,788.391,Surly Steamroller - 2017,Road Bikes
1490,1,99,1,299.99,0.1,269.991,Electra Sugar Skulls 1 (20-inch) - Girl's - 2017,Children Bicycles
1490,2,254,1,749.99,0.1,674.991,Electra Townie Balloon 3i EQ - 2017/2018,Cruisers Bicycles
1490,3,218,1,319.99,0.05,303.9905,Electra Cruiser 7D - 2016/2017/2018,Cruisers Bicycles
1491,1,95,2,299.99,0.2,479.984,"Electra Girl's Hawaii 1 16"" - 2017",Children Bicycles
1491,2,302,1,449.99,0.05,427.4905,Electra Townie Original 1 - 2018,Comfort Bicycles
1491,3,60,2,1559.99,0.07,2901.5814,Sun Bicycles ElectroLite - 2017,Electric Bikes
1491,4,139,2,2999.99,0.07,5579.9814,Trek Remedy 7 27.5 - 2018,Mountain Bikes
1492,1,37,2,379.99,0.1,683.982,Haro Flightline One ST - 2017,Mountain Bikes
1493,1,230,1,429.99,0.1,386.991,Electra Cruiser Lux 1 Ladies' - 2018,Cruisers Bicycles
1494,1,230,2,429.99,0.1,773.982,Electra Cruiser Lux 1 Ladies' - 2018,Cruisers Bicycles
1494,2,178,2,749.99,0.2,1199.984,Trek Domane AL 2 - 2018,Road Bikes
1494,3,264,2,249.99,0.05,474.981,Strider Sport 16 - 2018,Children Bicycles
1495,1,292,2,369.99,0.05,702.981,Electra Sweet Ride 3i (20-inch) - Girls' - 2018,Children Bicycles
1495,2,308,2,749.99,0.2,1199.984,Electra Townie Balloon 8D EQ Ladies' - 2016/2017/2018,Comfort Bicycles
1495,3,137,1,2599,0.1,2339.1,Heller Shagamaw GX1 - 2018,Mountain Bikes
1496,1,248,1,599.99,0.07,557.9907,Electra Townie Original 7D EQ Ladies' - 2017/2018,Cruisers Bicycles
1496,2,214,1,899.99,0.07,836.9907,Electra Tiger Shark 3i - 2018,Cruisers Bicycles
1496,3,224,2,479.99,0.05,911.981,Electra Cruiser Lux 7D - 2018,Cruisers Bicycles
1496,4,302,1,449.99,0.05,427.4905,Electra Townie Original 1 - 2018,Comfort Bicycles
1496,5,225,2,959.99,0.2,1535.984,Electra Delivery 3i - 2016/2017/2018,Cruisers Bicycles
1497,1,141,2,1599.99,0.2,2559.984,Trek Stache 5 - 2018,Mountain Bikes
1497,2,198,2,2999.99,0.1,5399.982,Electra Townie Commute Go! - 2018,Electric Bikes
1497,3,204,2,3599.99,0.07,6695.9814,Trek Super Commuter+ 7 - 2018,Electric Bikes
1498,1,172,1,3199.99,0.05,3039.9905,Trek Domane ALR Disc Frameset - 2018,Road Bikes
1498,2,260,2,799.99,0.07,1487.9814,Electra Townie Balloon 3i EQ Ladies' - 2018,Cruisers Bicycles
1499,1,110,1,470.99,0.05,447.4405,Sun Bicycles Drifter 7 - 2017,Comfort Bicycles
1499,2,208,1,1799.99,0.07,1673.9907,Trek Crockett 5 Disc - 2018,Cyclocross Bicycles
1499,3,268,2,159.99,0.05,303.981,Trek Kickster - 2018,Children Bicycles
1499,4,2,1,749.99,0.05,712.4905,Ritchey Timberwolf Frameset - 2016,Mountain Bikes
1499,5,171,2,3199.99,0.1,5759.982,Trek Domane SL 6 - 2018,Road Bikes
1500,1,41,2,1469.99,0.07,2734.1814,Haro Shift R3 - 2017,Mountain Bikes
1500,2,293,1,319.99,0.07,297.5907,Electra Tiger Shark 1 (20-inch) - Boys' - 2018,Children Bicycles
1501,1,248,1,599.99,0.05,569.9905,Electra Townie Original 7D EQ Ladies' - 2017/2018,Cruisers Bicycles
1501,2,219,1,639.99,0.07,595.1907,Electra Moto 3i - 2018,Cruisers Bicycles
1501,3,15,1,529.99,0.05,503.4905,Electra Moto 1 - 2016,Cruisers Bicycles
1501,4,67,1,250.99,0.2,200.792,Sun Bicycles Revolutions 24 - Girl's - 2017,Cruisers Bicycles
1501,5,210,1,1549,0.05,1471.55,Surly Straggler - 2018,Cyclocross Bicycles
1502,1,231,2,529.99,0.2,847.984,Electra Cruiser Lux 3i Ladies' - 2018,Cruisers Bicycles
1502,2,19,2,449,0.07,835.14,Pure Cycles William 3-Speed - 2016,Cruisers Bicycles
1502,3,26,2,599.99,0.07,1115.9814,Electra Townie Original 7D EQ - 2016,Comfort Bicycles
1502,4,268,1,159.99,0.2,127.992,Trek Kickster - 2018,Children Bicycles
1502,5,255,1,899.99,0.07,836.9907,Electra Townie Balloon 7i EQ Ladies' - 2017/2018,Cruisers Bicycles
1503,1,217,1,909.99,0.1,818.991,Electra Straight 8 3i - 2018,Cruisers Bicycles
1503,2,302,2,449.99,0.05,854.981,Electra Townie Original 1 - 2018,Comfort Bicycles
1504,1,276,1,319.99,0.07,297.5907,Trek Precaliber 24 (7-Speed) - Boys - 2018,Children Bicycles
1505,1,223,2,529.99,0.05,1006.981,Electra Cruiser Lux 3i - 2018,Cruisers Bicycles
1505,2,24,2,549.99,0.07,1022.9814,Electra Townie Original 21D - 2016,Comfort Bicycles
1505,3,43,2,5299.99,0.05,10069.981,Trek Fuel EX 9.8 27.5 Plus - 2017,Mountain Bikes
1506,1,184,1,3499.99,0.05,3324.9905,Trek Domane SL 6 Disc - 2018,Road Bikes
1506,2,153,2,4999.99,0.2,7999.984,Trek Domane SL 7 Women's - 2018,Road Bikes
1506,3,149,2,7499.99,0.05,14249.981,Trek Domane SLR 8 Disc - 2018,Road Bikes
1507,1,39,2,1499.99,0.2,2399.984,Trek Stache 5 - 2017,Mountain Bikes
1507,2,11,2,1680.99,0.1,3025.782,Surly Straggler 650b - 2016,Cyclocross Bicycles
1507,3,259,1,1199.99,0.07,1115.9907,Electra Amsterdam Royal 8i Ladies - 2018,Cruisers Bicycles
1507,4,281,1,319.99,0.07,297.5907,Electra Cruiser 7D (24-Inch) Ladies' - 2016/2018,Children Bicycles
1507,5,293,2,319.99,0.05,607.981,Electra Tiger Shark 1 (20-inch) - Boys' - 2018,Children Bicycles
1508,1,37,1,379.99,0.2,303.992,Haro Flightline One ST - 2017,Mountain Bikes
1508,2,109,1,416.99,0.1,375.291,Sun Bicycles Cruz 7 - Women's - 2017,Comfort Bicycles
1508,3,52,2,875.99,0.05,1664.381,Surly Steamroller - 2017,Road Bikes
1508,4,88,1,189.99,0.05,180.4905,Trek Precaliber 12 Girls - 2017,Children Bicycles
1509,1,215,2,749.99,0.07,1394.9814,Electra Queen of Hearts 3i - 2018,Cruisers Bicycles
1510,1,142,2,3199.99,0.05,6079.981,Trek Fuel EX 8 29 XT - 2018,Mountain Bikes
1510,2,68,1,449.99,0.1,404.991,Sun Bicycles Cruz 3 - 2017,Cruisers Bicycles
1510,3,251,2,2999.99,0.1,5399.982,Electra Townie Commute Go! - 2018,Cruisers Bicycles
1510,4,220,2,269.99,0.1,485.982,Electra Cruiser 1 Ladies' - 2018,Cruisers Bicycles
1510,5,137,1,2599,0.05,2469.05,Heller Shagamaw GX1 - 2018,Mountain Bikes
1511,1,144,2,1549.99,0.2,2479.984,Trek Domane ALR 4 Disc - 2018,Road Bikes
1511,2,288,1,389.99,0.07,362.6907,Electra Straight 8 1 (20-inch) - Boy's - 2018,Children Bicycles
1511,3,17,2,429,0.07,797.94,Pure Cycles Vine 8-Speed - 2016,Cruisers Bicycles
1511,4,41,1,1469.99,0.05,1396.4905,Haro Shift R3 - 2017,Mountain Bikes
1511,5,124,2,1499,0.2,2398.4,Surly Krampus - 2018,Mountain Bikes
1512,1,217,1,909.99,0.07,846.2907,Electra Straight 8 3i - 2018,Cruisers Bicycles
1513,1,166,1,749.99,0.1,674.991,Trek Domane AL 2 Women's - 2018,Road Bikes
1513,2,61,2,4999.99,0.05,9499.981,Trek Powerfly 8 FS Plus - 2017,Electric Bikes
1513,3,159,2,2299.99,0.05,4369.981,Trek Emonda ALR 6 - 2018,Road Bikes
1514,1,240,2,899.99,0.1,1619.982,Electra Townie Commute 27D Ladies - 2018,Cruisers Bicycles
1514,2,203,2,4999.99,0.05,9499.981,Trek Powerfly 7 FS - 2018,Electric Bikes
1515,1,27,2,999.99,0.2,1599.984,Surly Big Dummy Frameset - 2017,Mountain Bikes
1515,2,202,2,3499.99,0.1,6299.982,Trek Powerfly 5 Women's - 2018,Electric Bikes
1515,3,310,2,899.99,0.05,1709.981,Electra Townie Commute 27D Ladies - 2018,Comfort Bicycles
1515,4,40,1,4999.99,0.1,4499.991,Trek Fuel EX 9.8 29 - 2017,Mountain Bikes
1515,5,158,2,959.99,0.2,1535.984,Trek CrossRip 1 - 2018,Road Bikes
1516,1,172,2,3199.99,0.1,5759.982,Trek Domane ALR Disc Frameset - 2018,Road Bikes
1516,2,253,1,2599.99,0.1,2339.991,Electra Townie Go! 8i Ladies' - 2018,Cruisers Bicycles
1516,3,196,2,2299.99,0.2,3679.984,Trek Verve+ - 2018,Electric Bikes
1516,4,259,2,1199.99,0.2,1919.984,Electra Amsterdam Royal 8i Ladies - 2018,Cruisers Bicycles
1516,5,271,2,209.99,0.2,335.984,Trek Precaliber 16 Girl's - 2018,Children Bicycles
1517,1,303,2,2599.99,0.07,4835.9814,Electra Townie Go! 8i - 2017/2018,Comfort Bicycles
1517,2,226,2,679.99,0.05,1291.981,Electra Townie Original 21D EQ - 2017/2018,Cruisers Bicycles
1518,1,304,2,679.99,0.1,1223.982,Electra Townie Original 21D EQ - 2017/2018,Comfort Bicycles
1518,2,182,2,2499.99,0.05,4749.981,Trek Domane SL 5 Disc - 2018,Road Bikes
1518,3,252,2,2999.99,0.05,5699.981,Electra Townie Commute Go! Ladies' - 2018,Cruisers Bicycles
1519,1,150,1,4499.99,0.2,3599.992,Trek Emonda SL 7 - 2018,Road Bikes
1519,2,85,2,329.99,0.2,527.984,Haro Downtown 16 - 2017,Children Bicycles
1519,3,124,2,1499,0.07,2788.14,Surly Krampus - 2018,Mountain Bikes
1519,4,65,1,346.99,0.2,277.592,Sun Bicycles Lil Bolt Type-R - 2017,Cruisers Bicycles
1519,5,265,2,289.99,0.05,550.981,Strider Strider 20 Sport - 2018,Children Bicycles
1520,1,186,1,4499.99,0.05,4274.9905,Trek CrossRip+ - 2018,Electric Bikes
1520,2,188,2,3499.99,0.2,5599.984,Trek XM700+ Lowstep - 2018,Electric Bikes
1520,3,310,2,899.99,0.07,1673.9814,Electra Townie Commute 27D Ladies - 2018,Comfort Bicycles
1520,4,263,2,89.99,0.1,161.982,Strider Classic 12 Balance Bike - 2018,Children Bicycles
1521,1,100,1,489.99,0.2,391.992,Electra Townie 3i EQ (20-inch) - Boys' - 2017,Children Bicycles
1521,2,314,2,679.99,0.2,1087.984,Electra Townie Original 21D EQ Ladies' - 2018,Comfort Bicycles
1521,3,123,1,999.99,0.1,899.991,Trek Farley Carbon Frameset - 2018,Mountain Bikes
1521,4,135,2,1499.99,0.2,2399.984,Trek X-Caliber Frameset - 2018,Mountain Bikes
1522,1,95,1,299.99,0.1,269.991,"Electra Girl's Hawaii 1 16"" - 2017",Children Bicycles
1522,2,141,1,1599.99,0.07,1487.9907,Trek Stache 5 - 2018,Mountain Bikes
1522,3,117,1,1469.99,0.07,1367.0907,Trek Ticket S Frame - 2018,Mountain Bikes
1523,1,311,2,749.99,0.2,1199.984,Electra Townie Commute 8D - 2018,Comfort Bicycles
1524,1,168,1,1549,0.1,1394.1,Surly Straggler - 2018,Road Bikes
1524,2,295,2,319.99,0.2,511.984,"Electra Treasure 1 20"" - 2018",Children Bicycles
1524,3,313,1,449.99,0.2,359.992,Electra Townie Original 1 Ladies' - 2018,Comfort Bicycles
1524,4,252,2,2999.99,0.2,4799.984,Electra Townie Commute Go! Ladies' - 2018,Cruisers Bicycles
1525,1,156,1,6499.99,0.1,5849.991,Trek Domane SL Frameset - 2018,Road Bikes
1525,2,163,2,1349,0.07,2509.14,Surly Pack Rat - 2018,Road Bikes
1525,3,193,1,2799.99,0.07,2603.9907,Trek Lift+ - 2018,Electric Bikes
1526,1,151,1,1549.99,0.07,1441.4907,Trek Domane ALR 4 Disc Women's - 2018,Road Bikes
1526,2,56,1,5499.99,0.1,4949.991,Trek Domane SLR 6 Disc - 2017,Road Bikes
1526,3,238,1,749.99,0.1,674.991,Electra Townie Balloon 8D EQ - 2016/2017/2018,Cruisers Bicycles
1526,4,243,1,679.99,0.05,645.9905,Electra Townie Original 21D EQ Ladies' - 2018,Cruisers Bicycles
1527,1,33,1,469.99,0.1,422.991,Surly Wednesday Frameset - 2017,Mountain Bikes
1527,2,103,1,551.99,0.05,524.3905,Sun Bicycles Streamway 3 - 2017,Comfort Bicycles
1527,3,57,2,1999.99,0.05,3799.981,Trek Emonda S 5 - 2017,Road Bikes
1528,1,229,2,429.99,0.2,687.984,Electra Cruiser Lux 1 - 2016/2018,Cruisers Bicycles
1529,1,23,1,299.99,0.05,284.9905,Electra Girl's Hawaii 1 (20-inch) - 2015/2016,Children Bicycles
1529,2,50,2,5999.99,0.1,10799.982,Trek Silque SLR 7 Women's - 2017,Road Bikes
1530,1,213,2,269.99,0.1,485.982,Electra Cruiser 1 - 2016/2017/2018,Cruisers Bicycles
1530,2,116,1,749.99,0.1,674.991,Trek Marlin 7 - 2017/2018,Mountain Bikes
1531,1,128,1,1899,0.1,1709.1,Surly ECR 27.5 - 2018,Mountain Bikes
1532,1,209,2,2999.99,0.07,5579.9814,Trek Crockett 7 Disc - 2018,Cyclocross Bicycles
1533,1,274,2,229.99,0.1,413.982,Trek Precaliber 20 Boy's - 2018,Children Bicycles
1533,2,78,1,647.99,0.1,583.191,Sun Bicycles Biscayne Tandem CB - 2017,Cruisers Bicycles
1533,3,96,1,349.99,0.1,314.991,Electra Moto 3i (20-inch) - Boy's - 2017,Children Bicycles
1533,4,235,2,899.99,0.1,1619.982,Electra Koa 3i Ladies' - 2018,Cruisers Bicycles
1533,5,51,1,6499.99,0.1,5849.991,Trek Silque SLR 8 Women's - 2017,Road Bikes
1534,1,194,1,3499.99,0.1,3149.991,Trek XM700+ - 2018,Electric Bikes
1534,2,117,1,1469.99,0.05,1396.4905,Trek Ticket S Frame - 2018,Mountain Bikes
1534,3,269,2,199.99,0.2,319.984,Trek Precaliber 12 Boy's - 2018,Children Bicycles
1534,4,172,2,3199.99,0.2,5119.984,Trek Domane ALR Disc Frameset - 2018,Road Bikes
1535,1,92,1,209.99,0.05,199.4905,Haro Shredder 20 - 2017,Children Bicycles
1535,2,75,2,599.99,0.05,1139.981,Electra Cruiser Lux Fat Tire 1 Ladies - 2017,Cruisers Bicycles
1536,1,183,1,2199.99,0.2,1759.992,Trek Domane SL 5 Women's - 2018,Road Bikes
1536,2,185,2,2799.99,0.07,5207.9814,Trek Conduit+ - 2018,Electric Bikes
1536,3,196,2,2299.99,0.2,3679.984,Trek Verve+ - 2018,Electric Bikes
1537,1,237,2,849.99,0.05,1614.981,Electra Relic 3i - 2018,Cruisers Bicycles
1538,1,206,1,3299.99,0.07,3068.9907,Trek Boone 5 Disc - 2018,Cyclocross Bicycles
1538,2,46,2,1409.99,0.07,2622.5814,Haro SR 1.3 - 2017,Mountain Bikes
1538,3,117,1,1469.99,0.07,1367.0907,Trek Ticket S Frame - 2018,Mountain Bikes
1538,4,197,1,2299.99,0.2,1839.992,Trek Verve+ Lowstep - 2018,Electric Bikes
1538,5,306,2,899.99,0.05,1709.981,Electra Townie Balloon 7i EQ Ladies' - 2017/2018,Comfort Bicycles
1539,1,6,2,469.99,0.05,892.981,Surly Ice Cream Truck Frameset - 2016,Mountain Bikes
1539,2,12,2,549.99,0.05,1044.981,Electra Townie Original 21D - 2016,Cruisers Bicycles
1540,1,71,2,416.99,0.05,792.281,Sun Bicycles Atlas X-Type - 2017,Cruisers Bicycles
1540,2,236,1,749.99,0.07,697.4907,Electra Morningstar 3i Ladies' - 2018,Cruisers Bicycles
1540,3,224,1,479.99,0.05,455.9905,Electra Cruiser Lux 7D - 2018,Cruisers Bicycles
1540,4,177,2,5499.99,0.05,10449.981,Trek Domane SLR 6 Disc - 2018,Road Bikes
1540,5,78,1,647.99,0.2,518.392,Sun Bicycles Biscayne Tandem CB - 2017,Cruisers Bicycles
1541,1,155,2,11999.99,0.1,21599.982,Trek Domane SLR 9 Disc - 2018,Road Bikes
1541,2,248,2,599.99,0.07,1115.9814,Electra Townie Original 7D EQ Ladies' - 2017/2018,Cruisers Bicycles
1541,3,142,2,3199.99,0.1,5759.982,Trek Fuel EX 8 29 XT - 2018,Mountain Bikes
1541,4,17,1,429,0.1,386.1,Pure Cycles Vine 8-Speed - 2016,Cruisers Bicycles
1541,5,86,2,149.99,0.05,284.981,Trek Girl's Kickster - 2017,Children Bicycles
1542,1,79,1,402.99,0.2,322.392,Sun Bicycles Boardwalk (24-inch Wheels) - 2017,Cruisers Bicycles
1542,2,122,2,2499.99,0.05,4749.981,Surly Troll Frameset - 2018,Mountain Bikes
1542,3,184,2,3499.99,0.2,5599.984,Trek Domane SL 6 Disc - 2018,Road Bikes
1542,4,37,2,379.99,0.1,683.982,Haro Flightline One ST - 2017,Mountain Bikes
1542,5,297,1,279.99,0.2,223.992,"Electra Under-The-Sea 1 16"" - 2018",Children Bicycles
1543,1,108,2,449.99,0.1,809.982,Sun Bicycles Cruz 3 - Women's - 2017,Comfort Bicycles
1543,2,93,1,209.99,0.2,167.992,Haro Shredder 20 Girls - 2017,Children Bicycles
1543,3,158,2,959.99,0.07,1785.5814,Trek CrossRip 1 - 2018,Road Bikes
1543,4,97,2,349.99,0.05,664.981,Electra Savannah 3i (20-inch) - Girl's - 2017,Children Bicycles
1543,5,136,1,1799.99,0.2,1439.992,Trek Procaliber 6 - 2018,Mountain Bikes
1544,1,194,2,3499.99,0.1,6299.982,Trek XM700+ - 2018,Electric Bikes
1544,2,107,2,416.99,0.2,667.184,Sun Bicycles Cruz 7 - 2017,Comfort Bicycles
1545,1,45,1,869.99,0.1,782.991,Haro SR 1.2 - 2017,Mountain Bikes
1546,1,156,1,6499.99,0.1,5849.991,Trek Domane SL Frameset - 2018,Road Bikes
1546,2,185,2,2799.99,0.1,5039.982,Trek Conduit+ - 2018,Electric Bikes
1546,3,215,1,749.99,0.1,674.991,Electra Queen of Hearts 3i - 2018,Cruisers Bicycles
1546,4,25,1,499.99,0.05,474.9905,Electra Townie Original 7D - 2015/2016,Comfort Bicycles
1547,1,106,2,449.99,0.2,719.984,Sun Bicycles Cruz 3 - 2017,Comfort Bicycles
1547,2,204,1,3599.99,0.2,2879.992,Trek Super Commuter+ 7 - 2018,Electric Bikes
1548,1,32,1,469.99,0.1,422.991,Trek Farley Alloy Frameset - 2017,Mountain Bikes
1548,2,202,1,3499.99,0.07,3254.9907,Trek Powerfly 5 Women's - 2018,Electric Bikes
1548,3,62,2,3499.99,0.2,5599.984,Trek Boone 7 - 2017,Cyclocross Bicycles
1549,1,158,1,959.99,0.2,767.992,Trek CrossRip 1 - 2018,Road Bikes
1549,2,119,1,469.99,0.05,446.4905,Trek Kids' Neko - 2018,Mountain Bikes
1549,3,249,2,749.99,0.05,1424.981,Electra White Water 3i - 2018,Cruisers Bicycles
1549,4,242,2,699.99,0.1,1259.982,Electra Townie Commute 8D Ladies' - 2018,Cruisers Bicycles
1550,1,315,2,559.99,0.05,1063.981,Electra Townie Original 21D Ladies' - 2018,Comfort Bicycles
1550,2,245,1,659.99,0.07,613.7907,Electra Townie Original 3i EQ - 2017/2018,Cruisers Bicycles
1550,3,185,2,2799.99,0.1,5039.982,Trek Conduit+ - 2018,Electric Bikes
1550,4,148,1,5499.99,0.07,5114.9907,Trek Domane SL 8 Disc - 2018,Road Bikes
1550,5,86,2,149.99,0.05,284.981,Trek Girl's Kickster - 2017,Children Bicycles
1551,1,207,2,3999.99,0.2,6399.984,Trek Boone 7 Disc - 2018,Cyclocross Bicycles
1552,1,197,1,2299.99,0.1,2069.991,Trek Verve+ Lowstep - 2018,Electric Bikes
1552,2,41,2,1469.99,0.05,2792.981,Haro Shift R3 - 2017,Mountain Bikes
1553,1,102,1,489.99,0.07,455.6907,Electra Townie Original 7D - 2017,Comfort Bicycles
1553,2,12,1,549.99,0.1,494.991,Electra Townie Original 21D - 2016,Cruisers Bicycles
1553,3,251,1,2999.99,0.05,2849.9905,Electra Townie Commute Go! - 2018,Cruisers Bicycles
1553,4,89,1,209.99,0.05,199.4905,Trek Precaliber 16 Boys - 2017,Children Bicycles
1554,1,166,1,749.99,0.05,712.4905,Trek Domane AL 2 Women's - 2018,Road Bikes
1554,2,285,1,279.99,0.2,223.992,Electra Soft Serve 1 (16-inch) - Girl's - 2018,Children Bicycles
1555,1,24,2,549.99,0.1,989.982,Electra Townie Original 21D - 2016,Comfort Bicycles
1555,2,156,1,6499.99,0.1,5849.991,Trek Domane SL Frameset - 2018,Road Bikes
1555,3,126,1,469.99,0.1,422.991,Surly Big Fat Dummy Frameset - 2018,Mountain Bikes
1555,4,128,2,1899,0.05,3608.1,Surly ECR 27.5 - 2018,Mountain Bikes
1555,5,174,1,3199.99,0.2,2559.992,Trek Domane SLR Disc Frameset - 2018,Road Bikes
1556,1,49,2,3499.99,0.2,5599.984,Trek Domane SL 6 - 2017,Road Bikes
1556,2,82,1,659.99,0.07,613.7907,Electra Amsterdam Original 3i Ladies' - 2017,Cruisers Bicycles
1556,3,265,1,289.99,0.1,260.991,Strider Strider 20 Sport - 2018,Children Bicycles
1556,4,119,2,469.99,0.05,892.981,Trek Kids' Neko - 2018,Mountain Bikes
1556,5,235,2,899.99,0.1,1619.982,Electra Koa 3i Ladies' - 2018,Cruisers Bicycles
1557,1,163,2,1349,0.07,2509.14,Surly Pack Rat - 2018,Road Bikes
1558,1,46,2,1409.99,0.07,2622.5814,Haro SR 1.3 - 2017,Mountain Bikes
1558,2,123,1,999.99,0.07,929.9907,Trek Farley Carbon Frameset - 2018,Mountain Bikes
1558,3,4,1,2899.99,0.05,2754.9905,Trek Fuel EX 8 29 - 2016,Mountain Bikes
1558,4,55,1,2699.99,0.2,2159.992,Trek Domane S 6 - 2017,Road Bikes
1558,5,253,1,2599.99,0.07,2417.9907,Electra Townie Go! 8i Ladies' - 2018,Cruisers Bicycles
1559,1,101,2,339.99,0.07,632.3814,Electra Townie 7D (20-inch) - Boys' - 2017,Children Bicycles
1559,2,18,1,449,0.1,404.1,Pure Cycles Western 3-Speed - Women's - 2015/2016,Cruisers Bicycles
1559,3,54,2,3199.99,0.1,5759.982,Trek Domane SL Disc Frameset - 2017,Road Bikes
1559,4,221,1,319.99,0.1,287.991,Electra Cruiser 7D Ladies' - 2016/2018,Cruisers Bicycles
1560,1,118,2,999.99,0.2,1599.984,Trek X-Caliber 8 - 2018,Mountain Bikes
1560,2,41,1,1469.99,0.2,1175.992,Haro Shift R3 - 2017,Mountain Bikes
1561,1,181,2,2199.99,0.07,4091.9814,Trek Domane SL 5 - 2018,Road Bikes
1561,2,297,2,279.99,0.05,531.981,"Electra Under-The-Sea 1 16"" - 2018",Children Bicycles
1562,1,54,1,3199.99,0.2,2559.992,Trek Domane SL Disc Frameset - 2017,Road Bikes
1562,2,66,1,250.99,0.2,200.792,Sun Bicycles Revolutions 24 - 2017,Cruisers Bicycles
1562,3,115,2,3199.99,0.07,5951.9814,Trek Fuel EX 8 29 - 2018,Mountain Bikes
1563,1,188,1,3499.99,0.07,3254.9907,Trek XM700+ Lowstep - 2018,Electric Bikes
1564,1,309,1,899.99,0.07,836.9907,Electra Townie Commute 27D - 2018,Comfort Bicycles
1564,2,14,1,269.99,0.1,242.991,Electra Girl's Hawaii 1 (16-inch) - 2015/2016,Cruisers Bicycles
1565,1,37,1,379.99,0.07,353.3907,Haro Flightline One ST - 2017,Mountain Bikes
1565,2,92,1,209.99,0.1,188.991,Haro Shredder 20 - 2017,Children Bicycles
1565,3,261,1,899.99,0.1,809.991,Electra Townie Balloon 7i EQ - 2018,Cruisers Bicycles
1565,4,95,1,299.99,0.07,278.9907,"Electra Girl's Hawaii 1 16"" - 2017",Children Bicycles
1565,5,226,2,679.99,0.2,1087.984,Electra Townie Original 21D EQ - 2017/2018,Cruisers Bicycles
1566,1,179,1,919.99,0.05,873.9905,Trek Domane AL 3 - 2018,Road Bikes
1566,2,61,2,4999.99,0.05,9499.981,Trek Powerfly 8 FS Plus - 2017,Electric Bikes
1567,1,279,1,319.99,0.2,255.992,Trek Precaliber 24 7-speed Girl's - 2018,Children Bicycles
1568,1,146,1,4999.99,0.2,3999.992,Trek Domane SLR 6 - 2018,Road Bikes
1568,2,105,1,533.99,0.07,496.6107,Sun Bicycles Streamway 7 - 2017,Comfort Bicycles
1568,3,301,1,899.99,0.1,809.991,Electra Townie Balloon 7i EQ - 2018,Comfort Bicycles
1569,1,252,1,2999.99,0.1,2699.991,Electra Townie Commute Go! Ladies' - 2018,Cruisers Bicycles
1570,1,155,1,11999.99,0.07,11159.9907,Trek Domane SLR 9 Disc - 2018,Road Bikes
1571,1,312,2,699.99,0.1,1259.982,Electra Townie Commute 8D Ladies' - 2018,Comfort Bicycles
1571,2,212,1,559.99,0.07,520.7907,Electra Townie Original 21D - 2018,Cruisers Bicycles
1571,3,20,2,599.99,0.2,959.984,Electra Townie Original 7D EQ - Women's - 2016,Cruisers Bicycles
1572,1,216,2,899.99,0.05,1709.981,Electra Super Moto 8i - 2018,Cruisers Bicycles
1572,2,198,1,2999.99,0.2,2399.992,Electra Townie Commute Go! - 2018,Electric Bikes
1572,3,115,1,3199.99,0.05,3039.9905,Trek Fuel EX 8 29 - 2018,Mountain Bikes
1572,4,304,2,679.99,0.2,1087.984,Electra Townie Original 21D EQ - 2017/2018,Comfort Bicycles
1573,1,9,1,2999.99,0.05,2849.9905,Trek Conduit+ - 2016,Electric Bikes
1573,2,129,1,919.99,0.07,855.5907,Trek X-Caliber 7 - 2018,Mountain Bikes
1573,3,15,2,529.99,0.1,953.982,Electra Moto 1 - 2016,Cruisers Bicycles
1573,4,216,2,899.99,0.07,1673.9814,Electra Super Moto 8i - 2018,Cruisers Bicycles
1573,5,263,2,89.99,0.1,161.982,Strider Classic 12 Balance Bike - 2018,Children Bicycles
1574,1,127,1,469.99,0.1,422.991,Surly Pack Rat Frameset - 2018,Mountain Bikes
1575,1,44,1,539.99,0.07,502.1907,Haro SR 1.1 - 2017,Mountain Bikes
1575,2,207,2,3999.99,0.1,7199.982,Trek Boone 7 Disc - 2018,Cyclocross Bicycles
1575,3,213,1,269.99,0.07,251.0907,Electra Cruiser 1 - 2016/2017/2018,Cruisers Bicycles
1575,4,126,2,469.99,0.05,892.981,Surly Big Fat Dummy Frameset - 2018,Mountain Bikes
1575,5,92,2,209.99,0.2,335.984,Haro Shredder 20 - 2017,Children Bicycles
1576,1,69,1,416.99,0.05,396.1405,Sun Bicycles Cruz 7 - 2017,Cruisers Bicycles
1576,2,293,1,319.99,0.05,303.9905,Electra Tiger Shark 1 (20-inch) - Boys' - 2018,Children Bicycles
1576,3,202,2,3499.99,0.05,6649.981,Trek Powerfly 5 Women's - 2018,Electric Bikes
1577,1,298,2,279.99,0.05,531.981,Electra Water Lily 1 (16-inch) - Girl's - 2018,Children Bicycles
1577,2,111,2,470.99,0.1,847.782,Sun Bicycles Drifter 7 - Women's - 2017,Comfort Bicycles
1577,3,300,2,799.99,0.2,1279.984,Electra Townie Balloon 3i EQ Ladies' - 2018,Comfort Bicycles
1577,4,131,2,2599,0.07,4834.14,Heller Bloodhound Trail - 2018,Mountain Bikes
1577,5,282,2,279.99,0.05,531.981,Electra Cyclosaurus 1 (16-inch) - Boy's - 2018,Children Bicycles
1578,1,204,2,3599.99,0.07,6695.9814,Trek Super Commuter+ 7 - 2018,Electric Bikes
1578,2,310,1,899.99,0.05,854.9905,Electra Townie Commute 27D Ladies - 2018,Comfort Bicycles
1578,3,241,2,749.99,0.2,1199.984,Electra Townie Commute 8D - 2018,Cruisers Bicycles
1579,1,49,1,3499.99,0.05,3324.9905,Trek Domane SL 6 - 2017,Road Bikes
1579,2,214,1,899.99,0.1,809.991,Electra Tiger Shark 3i - 2018,Cruisers Bicycles
1579,3,286,1,279.99,0.07,260.3907,"Electra Starship 1 16"" - 2018",Children Bicycles
1579,4,65,2,346.99,0.1,624.582,Sun Bicycles Lil Bolt Type-R - 2017,Cruisers Bicycles
1580,1,119,2,469.99,0.07,874.1814,Trek Kids' Neko - 2018,Mountain Bikes
1580,2,86,2,149.99,0.2,239.984,Trek Girl's Kickster - 2017,Children Bicycles
1581,1,64,1,489.99,0.1,440.991,Electra Townie Original 7D - 2017,Cruisers Bicycles
1581,2,272,1,289.99,0.2,231.992,Trek Precaliber 20 6-speed Boy's - 2018,Children Bicycles
1582,1,75,1,599.99,0.07,557.9907,Electra Cruiser Lux Fat Tire 1 Ladies - 2017,Cruisers Bicycles
1582,2,133,2,1499.99,0.07,2789.9814,Trek Procaliber Frameset - 2018,Mountain Bikes
1583,1,15,1,529.99,0.05,503.4905,Electra Moto 1 - 2016,Cruisers Bicycles
1583,2,265,2,289.99,0.2,463.984,Strider Strider 20 Sport - 2018,Children Bicycles
1584,1,45,2,869.99,0.1,1565.982,Haro SR 1.2 - 2017,Mountain Bikes
1584,2,216,2,899.99,0.1,1619.982,Electra Super Moto 8i - 2018,Cruisers Bicycles
1584,3,43,1,5299.99,0.2,4239.992,Trek Fuel EX 9.8 27.5 Plus - 2017,Mountain Bikes
1584,4,187,1,2799.99,0.1,2519.991,Trek Neko+ - 2018,Electric Bikes
1584,5,147,2,1799.99,0.07,3347.9814,Trek Domane ALR 5 Gravel - 2018,Road Bikes
1585,1,313,1,449.99,0.1,404.991,Electra Townie Original 1 Ladies' - 2018,Comfort Bicycles
1585,2,106,2,449.99,0.1,809.982,Sun Bicycles Cruz 3 - 2017,Comfort Bicycles
1585,3,207,2,3999.99,0.07,7439.9814,Trek Boone 7 Disc - 2018,Cyclocross Bicycles
1585,4,95,1,299.99,0.1,269.991,"Electra Girl's Hawaii 1 16"" - 2017",Children Bicycles
1585,5,191,1,2799.99,0.1,2519.991,Electra Loft Go! 8i - 2018,Electric Bikes
1586,1,22,2,269.99,0.1,485.982,Electra Girl's Hawaii 1 (16-inch) - 2015/2016,Children Bicycles
1586,2,277,1,369.99,0.07,344.0907,Trek Precaliber 24 21-speed Boy's - 2018,Children Bicycles
1586,3,295,1,319.99,0.05,303.9905,"Electra Treasure 1 20"" - 2018",Children Bicycles
1586,4,173,1,3199.99,0.2,2559.992,Trek Domane ALR Frameset - 2018,Road Bikes
1586,5,36,1,832.99,0.1,749.691,Surly Troll Frameset - 2017,Mountain Bikes
1587,1,104,1,481.99,0.1,433.791,Sun Bicycles Streamway - 2017,Comfort Bicycles
1587,2,63,2,3499.99,0.05,6649.981,Trek Boone Race Shop Limited - 2017,Cyclocross Bicycles
1587,3,78,2,647.99,0.05,1231.181,Sun Bicycles Biscayne Tandem CB - 2017,Cruisers Bicycles
1587,4,300,2,799.99,0.07,1487.9814,Electra Townie Balloon 3i EQ Ladies' - 2018,Comfort Bicycles
1588,1,93,2,209.99,0.07,390.5814,Haro Shredder 20 Girls - 2017,Children Bicycles
1589,1,246,2,639.99,0.05,1215.981,Electra Townie Original 3i EQ Ladies' - 2018,Cruisers Bicycles
1589,2,260,1,799.99,0.2,639.992,Electra Townie Balloon 3i EQ Ladies' - 2018,Cruisers Bicycles
1589,3,28,2,2499.99,0.1,4499.982,Surly Karate Monkey 27.5+ Frameset - 2017,Mountain Bikes
1590,1,175,2,3199.99,0.07,5951.9814,Trek Domane SLR Frameset - 2018,Road Bikes
1590,2,248,1,599.99,0.2,479.992,Electra Townie Original 7D EQ Ladies' - 2017/2018,Cruisers Bicycles
1590,3,23,1,299.99,0.07,278.9907,Electra Girl's Hawaii 1 (20-inch) - 2015/2016,Children Bicycles
1591,1,286,2,279.99,0.2,447.984,"Electra Starship 1 16"" - 2018",Children Bicycles
1591,2,126,2,469.99,0.2,751.984,Surly Big Fat Dummy Frameset - 2018,Mountain Bikes
1591,3,97,2,349.99,0.07,650.9814,Electra Savannah 3i (20-inch) - Girl's - 2017,Children Bicycles
1591,4,138,2,2249.99,0.05,4274.981,Trek Fuel EX 5 Plus - 2018,Mountain Bikes
1591,5,265,1,289.99,0.2,231.992,Strider Strider 20 Sport - 2018,Children Bicycles
1592,1,211,2,1549,0.05,2943.1,Surly Straggler 650b - 2018,Cyclocross Bicycles
1592,2,159,1,2299.99,0.07,2138.9907,Trek Emonda ALR 6 - 2018,Road Bikes
1592,3,40,2,4999.99,0.07,9299.9814,Trek Fuel EX 9.8 29 - 2017,Mountain Bikes
1592,4,9,1,2999.99,0.2,2399.992,Trek Conduit+ - 2016,Electric Bikes
1592,5,271,2,209.99,0.05,398.981,Trek Precaliber 16 Girl's - 2018,Children Bicycles
1593,1,97,2,349.99,0.2,559.984,Electra Savannah 3i (20-inch) - Girl's - 2017,Children Bicycles
1593,2,34,1,469.99,0.07,437.0907,Trek Session DH 27.5 Carbon Frameset - 2017,Mountain Bikes
1593,3,190,2,2799.99,0.1,5039.982,Trek Dual Sport+ - 2018,Electric Bikes
1593,4,107,1,416.99,0.05,396.1405,Sun Bicycles Cruz 7 - 2017,Comfort Bicycles
1593,5,169,2,6499.99,0.07,12089.9814,Trek Emonda SLR 8 - 2018,Road Bikes
1594,1,79,2,402.99,0.1,725.382,Sun Bicycles Boardwalk (24-inch Wheels) - 2017,Cruisers Bicycles
1594,2,105,1,533.99,0.1,480.591,Sun Bicycles Streamway 7 - 2017,Comfort Bicycles
1595,1,112,1,379.99,0.2,303.992,Trek 820 - 2018,Mountain Bikes
1596,1,91,1,349.99,0.05,332.4905,Trek Precaliber 24 (21-Speed) - Girls - 2017,Children Bicycles
1596,2,18,1,449,0.1,404.1,Pure Cycles Western 3-Speed - Women's - 2015/2016,Cruisers Bicycles
1597,1,176,1,3199.99,0.07,2975.9907,Trek Madone 9 Frameset - 2018,Road Bikes
1597,2,59,1,2599.99,0.07,2417.9907,Trek Domane S 5 Disc - 2017,Road Bikes
1598,1,247,1,599.99,0.2,479.992,Electra Townie Original 7D EQ - 2018,Cruisers Bicycles
1598,2,49,2,3499.99,0.07,6509.9814,Trek Domane SL 6 - 2017,Road Bikes
1598,3,88,1,189.99,0.2,151.992,Trek Precaliber 12 Girls - 2017,Children Bicycles
1599,1,104,2,481.99,0.2,771.184,Sun Bicycles Streamway - 2017,Comfort Bicycles
1600,1,146,1,4999.99,0.1,4499.991,Trek Domane SLR 6 - 2018,Road Bikes
1600,2,295,1,319.99,0.05,303.9905,"Electra Treasure 1 20"" - 2018",Children Bicycles
1600,3,36,1,832.99,0.2,666.392,Surly Troll Frameset - 2017,Mountain Bikes
1601,1,114,2,579.99,0.2,927.984,Trek Marlin 6 - 2018,Mountain Bikes
1601,2,10,1,1549,0.2,1239.2,Surly Straggler - 2016,Cyclocross Bicycles
1601,3,220,2,269.99,0.07,502.1814,Electra Cruiser 1 Ladies' - 2018,Cruisers Bicycles
1601,4,7,2,3999.99,0.07,7439.9814,Trek Slash 8 27.5 - 2016,Mountain Bikes
1601,5,180,1,919.99,0.1,827.991,Trek Domane AL 3 Women's - 2018,Road Bikes
1602,1,71,2,416.99,0.05,792.281,Sun Bicycles Atlas X-Type - 2017,Cruisers Bicycles
1602,2,37,1,379.99,0.07,353.3907,Haro Flightline One ST - 2017,Mountain Bikes
1602,3,275,2,229.99,0.2,367.984,Trek Precaliber 20 Girl's - 2018,Children Bicycles
1602,4,257,2,899.99,0.05,1709.981,Electra Amsterdam Fashion 3i Ladies' - 2017/2018,Cruisers Bicycles
1603,1,275,2,229.99,0.05,436.981,Trek Precaliber 20 Girl's - 2018,Children Bicycles
1604,1,271,1,209.99,0.1,188.991,Trek Precaliber 16 Girl's - 2018,Children Bicycles
1605,1,72,1,619.99,0.1,557.991,Sun Bicycles Biscayne Tandem 7 - 2017,Cruisers Bicycles
1605,2,186,1,4499.99,0.2,3599.992,Trek CrossRip+ - 2018,Electric Bikes
1605,3,132,2,1499.99,0.1,2699.982,Trek Procal AL Frameset - 2018,Mountain Bikes
1605,4,301,1,899.99,0.1,809.991,Electra Townie Balloon 7i EQ - 2018,Comfort Bicycles
1605,5,29,1,999.99,0.07,929.9907,Trek X-Caliber 8 - 2017,Mountain Bikes
1606,1,245,1,659.99,0.1,593.991,Electra Townie Original 3i EQ - 2017/2018,Cruisers Bicycles
1606,2,271,1,209.99,0.1,188.991,Trek Precaliber 16 Girl's - 2018,Children Bicycles
1607,1,29,1,999.99,0.05,949.9905,Trek X-Caliber 8 - 2017,Mountain Bikes
1608,1,231,2,529.99,0.05,1006.981,Electra Cruiser Lux 3i Ladies' - 2018,Cruisers Bicycles
1609,1,96,1,349.99,0.2,279.992,Electra Moto 3i (20-inch) - Boy's - 2017,Children Bicycles
1609,2,238,2,749.99,0.2,1199.984,Electra Townie Balloon 8D EQ - 2016/2017/2018,Cruisers Bicycles
1609,3,228,2,319.99,0.1,575.982,Electra Cruiser 7D Tall - 2016/2018,Cruisers Bicycles
1609,4,105,1,533.99,0.2,427.192,Sun Bicycles Streamway 7 - 2017,Comfort Bicycles
1610,1,36,1,832.99,0.07,774.6807,Surly Troll Frameset - 2017,Mountain Bikes
1610,2,173,2,3199.99,0.2,5119.984,Trek Domane ALR Frameset - 2018,Road Bikes
1611,1,191,1,2799.99,0.07,2603.9907,Electra Loft Go! 8i - 2018,Electric Bikes
1611,2,171,2,3199.99,0.1,5759.982,Trek Domane SL 6 - 2018,Road Bikes
1611,3,236,1,749.99,0.2,599.992,Electra Morningstar 3i Ladies' - 2018,Cruisers Bicycles
1612,1,242,1,699.99,0.1,629.991,Electra Townie Commute 8D Ladies' - 2018,Cruisers Bicycles
1612,2,289,2,319.99,0.05,607.981,"Electra Superbolt 1 20"" - 2018",Children Bicycles
1612,3,101,2,339.99,0.2,543.984,Electra Townie 7D (20-inch) - Boys' - 2017,Children Bicycles
1612,4,293,2,319.99,0.07,595.1814,Electra Tiger Shark 1 (20-inch) - Boys' - 2018,Children Bicycles
1612,5,60,1,1559.99,0.1,1403.991,Sun Bicycles ElectroLite - 2017,Electric Bikes
1613,1,153,1,4999.99,0.07,4649.9907,Trek Domane SL 7 Women's - 2018,Road Bikes
1613,2,283,2,319.99,0.05,607.981,Electra Heartchya 1 (20-inch) - Girl's - 2018,Children Bicycles
1614,1,124,1,1499,0.07,1394.07,Surly Krampus - 2018,Mountain Bikes
1614,2,159,2,2299.99,0.07,4277.9814,Trek Emonda ALR 6 - 2018,Road Bikes
1614,3,213,2,269.99,0.2,431.984,Electra Cruiser 1 - 2016/2017/2018,Cruisers Bicycles
1615,1,197,2,2299.99,0.2,3679.984,Trek Verve+ Lowstep - 2018,Electric Bikes
1615,2,214,1,899.99,0.07,836.9907,Electra Tiger Shark 3i - 2018,Cruisers Bicycles
1615,3,182,1,2499.99,0.2,1999.992,Trek Domane SL 5 Disc - 2018,Road Bikes
